run,window_index,rul_label,deviation_score
dev_run_0,0,2803.0,0.9765840241183399
dev_run_0,1,2802.0,0.9095863311451209
dev_run_0,2,2801.0,0.8681669126260584
dev_run_0,3,2800.0,0.8385984907633073
dev_run_0,4,2799.0,1.3788209025566933
dev_run_0,5,2798.0,1.2295234175335978
dev_run_0,6,2797.0,0.844931618407549
dev_run_0,7,2796.0,1.1468018148650159
dev_run_0,8,2795.0,0.912555255404027
dev_run_0,9,2794.0,0.8701187504700529
dev_run_0,10,2793.0,1.6081706017501556
dev_run_0,11,2792.0,1.0263194144686607
dev_run_0,12,2791.0,0.93682648034026
dev_run_0,13,2790.0,0.9991620700021313
dev_run_0,14,2789.0,1.102561519201634
dev_run_0,15,2788.0,1.0385368516493614
dev_run_0,16,2787.0,1.0015775441238972
dev_run_0,17,2786.0,1.0078070419615694
dev_run_0,18,2785.0,0.847842287942958
dev_run_0,19,2784.0,0.8862488896135632
dev_run_0,20,2783.0,0.8500606552416057
dev_run_0,21,2782.0,1.238369870409422
dev_run_0,22,2781.0,1.0128455503236122
dev_run_0,23,2780.0,0.9061754270879737
dev_run_0,24,2779.0,1.3761046022926302
dev_run_0,25,2778.0,0.8793968379851526
dev_run_0,26,2777.0,1.1916678571607744
dev_run_0,27,2776.0,1.3397591267417348
dev_run_0,28,2775.0,1.5430304965256787
dev_run_0,29,2774.0,1.829881682062786
dev_run_0,30,2773.0,1.4147218301636197
dev_run_0,31,2772.0,1.4697569545071687
dev_run_0,32,2771.0,1.161221292880757
dev_run_0,33,2770.0,1.1850939451486713
dev_run_0,34,2769.0,0.9025527478264813
dev_run_0,35,2768.0,1.1415871974149303
dev_run_0,36,2767.0,0.9289519485775484
dev_run_0,37,2766.0,1.1328107679431063
dev_run_0,38,2765.0,1.235799770427353
dev_run_0,39,2764.0,1.0883496914871909
dev_run_0,40,2763.0,1.2360702069803675
dev_run_0,41,2762.0,0.9437562400232938
dev_run_0,42,2761.0,1.3168327924087113
dev_run_0,43,2760.0,1.0206170247826198
dev_run_0,44,2759.0,0.8632026738754037
dev_run_0,45,2758.0,1.112316637534844
dev_run_0,46,2757.0,1.0467692631637269
dev_run_0,47,2756.0,0.8328159849725637
dev_run_0,48,2755.0,0.7832446524251825
dev_run_0,49,2754.0,0.5470079428810114
dev_run_0,50,2753.0,1.3827884248742504
dev_run_0,51,2752.0,0.6867863501559737
dev_run_0,52,2751.0,0.6652797441190291
dev_run_0,53,2750.0,0.5217030778852993
dev_run_0,54,2749.0,0.5691274617548017
dev_run_0,55,2748.0,0.8169639914509041
dev_run_0,56,2747.0,0.5670397285094791
dev_run_0,57,2746.0,0.3959657052297908
dev_run_0,58,2745.0,0.54930316916346
dev_run_0,59,2744.0,0.6487808459284822
dev_run_0,60,2743.0,0.32750689840993547
dev_run_0,61,2742.0,0.49873211505456555
dev_run_0,62,2741.0,0.7018327536328582
dev_run_0,63,2740.0,0.3696138960502746
dev_run_0,64,2739.0,0.8251650125672929
dev_run_0,65,2738.0,0.4430645158590608
dev_run_0,66,2737.0,0.6406532954814621
dev_run_0,67,2736.0,0.8535852057986913
dev_run_0,68,2735.0,0.3588981185752981
dev_run_0,69,2734.0,0.5454391345309919
dev_run_0,70,2733.0,0.6085161439030002
dev_run_0,71,2732.0,0.6432462833384484
dev_run_0,72,2731.0,1.1563879705949458
dev_run_0,73,2730.0,0.5975033419485126
dev_run_0,74,2729.0,0.5947381321110333
dev_run_0,75,2728.0,0.43357990156088944
dev_run_0,76,2727.0,0.5581649718712212
dev_run_0,77,2726.0,1.1555951181242137
dev_run_0,78,2725.0,1.7741673692298878
dev_run_0,79,2724.0,0.5960593424434519
dev_run_0,80,2723.0,0.5288845993968766
dev_run_0,81,2722.0,0.8964675361529484
dev_run_0,82,2721.0,1.5543878440832897
dev_run_0,83,2720.0,1.0077919216330409
dev_run_0,84,2719.0,0.94451411263148
dev_run_0,85,2718.0,1.4499034525220031
dev_run_0,86,2717.0,1.0347770830720977
dev_run_0,87,2716.0,0.9861457237547514
dev_run_0,88,2715.0,0.619747599165788
dev_run_0,89,2714.0,0.5757578706452707
dev_run_0,90,2713.0,0.618464674450023
dev_run_0,91,2712.0,0.6830280910529883
dev_run_0,92,2711.0,0.5488497749417822
dev_run_0,93,2710.0,0.5310680386817423
dev_run_0,94,2709.0,0.730989142186746
dev_run_0,95,2708.0,0.661715865955028
dev_run_0,96,2707.0,0.5436476714903073
dev_run_0,97,2706.0,0.8484762219901704
dev_run_0,98,2705.0,0.5330415264124764
dev_run_0,99,2704.0,1.00489399073882
dev_run_0,100,2703.0,0.5767122825060638
dev_run_0,101,2702.0,0.5481017306597097
dev_run_0,102,2701.0,0.509962105690214
dev_run_0,103,2700.0,0.8078333301481628
dev_run_0,104,2699.0,0.4455694034510196
dev_run_0,105,2698.0,0.592945348296796
dev_run_0,106,2697.0,1.2222483233867478
dev_run_0,107,2696.0,0.5362332946365262
dev_run_0,108,2695.0,0.8401380930380066
dev_run_0,109,2694.0,0.6254118821754087
dev_run_0,110,2693.0,0.6352917964854341
dev_run_0,111,2692.0,0.8297821192866225
dev_run_0,112,2691.0,0.6578658975239773
dev_run_0,113,2690.0,0.7632754635320742
dev_run_0,114,2689.0,0.5483710675356026
dev_run_0,115,2688.0,0.5075202072161018
dev_run_0,116,2687.0,0.581808901443171
dev_run_0,117,2686.0,0.6170433107258814
dev_run_0,118,2685.0,1.4738102891897396
dev_run_0,119,2684.0,0.5323268225928174
dev_run_0,120,2683.0,0.5235804038874001
dev_run_0,121,2682.0,1.0654341625918675
dev_run_0,122,2681.0,0.5544166158596001
dev_run_0,123,2680.0,0.8199328116956444
dev_run_0,124,2679.0,0.9126975441435521
dev_run_0,125,2678.0,0.5632954609629355
dev_run_0,126,2677.0,0.6182223987406312
dev_run_0,127,2676.0,0.8738162126767562
dev_run_0,128,2675.0,0.7752939995090283
dev_run_0,129,2674.0,0.951495562261554
dev_run_0,130,2673.0,0.41274557029638714
dev_run_0,131,2672.0,0.6917241848766795
dev_run_0,132,2671.0,0.7258525964545262
dev_run_0,133,2670.0,0.7673385151926825
dev_run_0,134,2669.0,0.5406809381257119
dev_run_0,135,2668.0,0.563066290194478
dev_run_0,136,2667.0,0.8203684839185609
dev_run_0,137,2666.0,0.5980762350539869
dev_run_0,138,2665.0,0.4909676762859407
dev_run_0,139,2664.0,0.7376883542228583
dev_run_0,140,2663.0,1.0228394111944519
dev_run_0,141,2662.0,0.47340127083907485
dev_run_0,142,2661.0,0.8457030116187563
dev_run_0,143,2660.0,0.8428787206112538
dev_run_0,144,2659.0,0.4873586329036924
dev_run_0,145,2658.0,0.6036142235314432
dev_run_0,146,2657.0,0.9392559325646623
dev_run_0,147,2656.0,0.45828278342718426
dev_run_0,148,2655.0,0.5067274332637609
dev_run_0,149,2654.0,1.0056807755878718
dev_run_0,150,2653.0,0.9231174350080791
dev_run_0,151,2652.0,0.3775838179610964
dev_run_0,152,2651.0,0.53229673955921
dev_run_0,153,2650.0,0.33783673875892967
dev_run_0,154,2649.0,0.6487454704304494
dev_run_0,155,2648.0,0.6516269271362558
dev_run_0,156,2647.0,0.8509216458189458
dev_run_0,157,2646.0,0.5981489671735922
dev_run_0,158,2645.0,0.6293992283931715
dev_run_0,159,2644.0,2.158523860439516
dev_run_0,160,2643.0,0.32372220234541793
dev_run_0,161,2642.0,0.578547142025748
dev_run_0,162,2641.0,0.517390952656941
dev_run_0,163,2640.0,0.620961577443013
dev_run_0,164,2639.0,0.559602144601935
dev_run_0,165,2638.0,0.4047620700521118
dev_run_0,166,2637.0,0.4612326893891742
dev_run_0,167,2636.0,0.6477693906981148
dev_run_0,168,2635.0,0.4093694650150693
dev_run_0,169,2634.0,0.5883479937069177
dev_run_0,170,2633.0,0.800683855954569
dev_run_0,171,2632.0,0.5876826238326538
dev_run_0,172,2631.0,0.7988851795251112
dev_run_0,173,2630.0,0.4678393816202984
dev_run_0,174,2629.0,1.0691487882887967
dev_run_0,175,2628.0,0.3226676992559825
dev_run_0,176,2627.0,0.6961914909339816
dev_run_0,177,2626.0,0.7272941295966888
dev_run_0,178,2625.0,0.8380692563455803
dev_run_0,179,2624.0,0.3522969105631703
dev_run_0,180,2623.0,0.7162608722415493
dev_run_0,181,2622.0,0.4602888243958616
dev_run_0,182,2621.0,0.43695422512524507
dev_run_0,183,2620.0,0.48333401906941786
dev_run_0,184,2619.0,0.5940103505231402
dev_run_0,185,2618.0,0.7248951814251586
dev_run_0,186,2617.0,0.7206328426997228
dev_run_0,187,2616.0,0.9111893145605986
dev_run_0,188,2615.0,0.8357125874672955
dev_run_0,189,2614.0,0.6859808199626458
dev_run_0,190,2613.0,1.3402483291283196
dev_run_0,191,2612.0,0.564899994863216
dev_run_0,192,2611.0,1.7508637778694918
dev_run_0,193,2610.0,0.7702699066617569
dev_run_0,194,2609.0,0.8669073837919345
dev_run_0,195,2608.0,0.8090745710013838
dev_run_0,196,2607.0,0.5164817654248054
dev_run_0,197,2606.0,0.43017918162847824
dev_run_0,198,2605.0,0.4419850513224417
dev_run_0,199,2604.0,0.6051351535294335
dev_run_0,200,2603.0,0.4838343782129534
dev_run_0,201,2602.0,0.45689446039102044
dev_run_0,202,2601.0,0.3766750919208796
dev_run_0,203,2600.0,0.9489054174243862
dev_run_0,204,2599.0,0.5859696351173328
dev_run_0,205,2598.0,0.6066966351180227
dev_run_0,206,2597.0,0.7670618934757327
dev_run_0,207,2596.0,0.43665832587544295
dev_run_0,208,2595.0,0.41663347087511404
dev_run_0,209,2594.0,0.6605605645107888
dev_run_0,210,2593.0,0.5588607377687664
dev_run_0,211,2592.0,0.2646540883290017
dev_run_0,212,2591.0,0.7921081587851811
dev_run_0,213,2590.0,0.39965103922447054
dev_run_0,214,2589.0,0.5850208327296131
dev_run_0,215,2588.0,0.42199817618133684
dev_run_0,216,2587.0,0.6562715647672761
dev_run_0,217,2586.0,0.6166983153053435
dev_run_0,218,2585.0,0.9047026918833717
dev_run_0,219,2584.0,0.43463296406709767
dev_run_0,220,2583.0,0.4480306470254069
dev_run_0,221,2582.0,0.6518316448560303
dev_run_0,222,2581.0,0.44451848785827613
dev_run_0,223,2580.0,0.6089555866279158
dev_run_0,224,2579.0,0.8050728973112665
dev_run_0,225,2578.0,0.6568749293688783
dev_run_0,226,2577.0,0.6664455227256048
dev_run_0,227,2576.0,0.5195175764946444
dev_run_0,228,2575.0,0.6438345485325987
dev_run_0,229,2574.0,0.4968230922428452
dev_run_0,230,2573.0,0.5646150205638263
dev_run_0,231,2572.0,0.7300533385365515
dev_run_0,232,2571.0,0.5230076554909764
dev_run_0,233,2570.0,0.7461232430435294
dev_run_0,234,2569.0,0.8643618836035983
dev_run_0,235,2568.0,0.7222007110756837
dev_run_0,236,2567.0,0.38166855252225595
dev_run_0,237,2566.0,0.6484722333393788
dev_run_0,238,2565.0,0.5388313568966077
dev_run_0,239,2564.0,0.6972821881860373
dev_run_0,240,2563.0,0.8527762128507618
dev_run_0,241,2562.0,0.840981892875809
dev_run_0,242,2561.0,0.5391362553910638
dev_run_0,243,2560.0,0.4679779409282487
dev_run_0,244,2559.0,1.1925220464217974
dev_run_0,245,2558.0,0.6852613658316702
dev_run_0,246,2557.0,0.44903980335124327
dev_run_0,247,2556.0,0.5988517987513353
dev_run_0,248,2555.0,0.7815031755391664
dev_run_0,249,2554.0,0.7663107671383522
dev_run_0,250,2553.0,0.5945057884459686
dev_run_0,251,2552.0,0.5223549232724967
dev_run_0,252,2551.0,0.7921816413827514
dev_run_0,253,2550.0,0.5312254515017814
dev_run_0,254,2549.0,0.8510183690782076
dev_run_0,255,2548.0,0.4241585065614547
dev_run_0,256,2547.0,1.0789987743059837
dev_run_0,257,2546.0,0.7092697867262491
dev_run_0,258,2545.0,0.5595047405818309
dev_run_0,259,2544.0,0.5077286900222127
dev_run_0,260,2543.0,0.37855864569838404
dev_run_0,261,2542.0,0.6442081707002053
dev_run_0,262,2541.0,0.6924641729943062
dev_run_0,263,2540.0,0.605775310912742
dev_run_0,264,2539.0,0.9787133185011918
dev_run_0,265,2538.0,0.4813594420152345
dev_run_0,266,2537.0,0.7607181540672943
dev_run_0,267,2536.0,0.627004645401747
dev_run_0,268,2535.0,0.4575167630109771
dev_run_0,269,2534.0,0.6419332264352191
dev_run_0,270,2533.0,0.46869511142221265
dev_run_0,271,2532.0,0.5177642605480466
dev_run_0,272,2531.0,0.6877849894977425
dev_run_0,273,2530.0,0.9943290659888879
dev_run_0,274,2529.0,0.615777377243487
dev_run_0,275,2528.0,2.183743499893557
dev_run_0,276,2527.0,0.5613102921548702
dev_run_0,277,2526.0,0.8545027426304733
dev_run_0,278,2525.0,0.4820628980175349
dev_run_0,279,2524.0,0.5127043817718543
dev_run_0,280,2523.0,0.5934901909595778
dev_run_0,281,2522.0,0.6678902060421843
dev_run_0,282,2521.0,0.8324720106333438
dev_run_0,283,2520.0,0.6087628207341044
dev_run_0,284,2519.0,0.552780960441684
dev_run_0,285,2518.0,0.6823906436614129
dev_run_0,286,2517.0,0.5324933679994521
dev_run_0,287,2516.0,0.7122233107361324
dev_run_0,288,2515.0,0.8029453005649824
dev_run_0,289,2514.0,0.6737974879520267
dev_run_0,290,2513.0,0.8068794378451656
dev_run_0,291,2512.0,0.9880782273007969
dev_run_0,292,2511.0,0.8255435516700844
dev_run_0,293,2510.0,0.7086530071444385
dev_run_0,294,2509.0,0.6550547432535627
dev_run_0,295,2508.0,0.5388300081830099
dev_run_0,296,2507.0,0.6441080013599748
dev_run_0,297,2506.0,0.5433727630621055
dev_run_0,298,2505.0,0.7208541629929067
dev_run_0,299,2504.0,0.574313762502957
dev_run_0,300,2503.0,0.4293023229637797
dev_run_0,301,2502.0,0.625172539998948
dev_run_0,302,2501.0,0.3608153783536371
dev_run_0,303,2500.0,0.8451696054035734
dev_run_0,304,2499.0,0.6270467120528092
dev_run_0,305,2498.0,0.7685640128394712
dev_run_0,306,2497.0,0.6851013980450439
dev_run_0,307,2496.0,0.48966255270927145
dev_run_0,308,2495.0,0.45349751533688565
dev_run_0,309,2494.0,0.9718392578057449
dev_run_0,310,2493.0,0.9600918462594187
dev_run_0,311,2492.0,0.5592338963652941
dev_run_0,312,2491.0,1.132145281270927
dev_run_0,313,2490.0,0.6810732872958446
dev_run_0,314,2489.0,0.5013629996058241
dev_run_0,315,2488.0,1.008369472257167
dev_run_0,316,2487.0,0.9320760530079346
dev_run_0,317,2486.0,0.3774602360481403
dev_run_0,318,2485.0,0.5146507353188763
dev_run_0,319,2484.0,0.6024262594157601
dev_run_0,320,2483.0,0.43928438792147784
dev_run_0,321,2482.0,0.3295573185664231
dev_run_0,322,2481.0,0.45749196278026616
dev_run_0,323,2480.0,0.8411716345352713
dev_run_0,324,2479.0,0.5215232746636556
dev_run_0,325,2478.0,0.4867719524768928
dev_run_0,326,2477.0,0.7415465225302652
dev_run_0,327,2476.0,0.7779149653260832
dev_run_0,328,2475.0,0.5421051076450583
dev_run_0,329,2474.0,0.49520474386062807
dev_run_0,330,2473.0,0.706558868126147
dev_run_0,331,2472.0,0.6637510603274382
dev_run_0,332,2471.0,0.5851940620772499
dev_run_0,333,2470.0,0.6572335004747247
dev_run_0,334,2469.0,0.7614400704526161
dev_run_0,335,2468.0,0.9722103274531178
dev_run_0,336,2467.0,0.567456988384595
dev_run_0,337,2466.0,0.706648797556775
dev_run_0,338,2465.0,0.6074722882687604
dev_run_0,339,2464.0,0.9235937743111355
dev_run_0,340,2463.0,0.7321645687155162
dev_run_0,341,2462.0,0.7538233468589979
dev_run_0,342,2461.0,0.7054388257175271
dev_run_0,343,2460.0,0.6454074313262235
dev_run_0,344,2459.0,0.6340980931305435
dev_run_0,345,2458.0,0.9759873188238316
dev_run_0,346,2457.0,0.644316520647197
dev_run_0,347,2456.0,0.6174670209844743
dev_run_0,348,2455.0,0.6412728755577501
dev_run_0,349,2454.0,0.6805849522000816
dev_run_0,350,2453.0,0.5929788583931745
dev_run_0,351,2452.0,3.042285721428745
dev_run_0,352,2451.0,0.4649750965570563
dev_run_0,353,2450.0,0.44142249214382057
dev_run_0,354,2449.0,0.5068058540893992
dev_run_0,355,2448.0,0.7617856396494092
dev_run_0,356,2447.0,0.57719761896691
dev_run_0,357,2446.0,0.53834880705838
dev_run_0,358,2445.0,0.5908250350798725
dev_run_0,359,2444.0,0.4972969563089372
dev_run_0,360,2443.0,0.6511295877939055
dev_run_0,361,2442.0,0.49206745567548965
dev_run_0,362,2441.0,0.4524115813653474
dev_run_0,363,2440.0,1.0817996306077595
dev_run_0,364,2439.0,1.0319693042238411
dev_run_0,365,2438.0,0.8059903764229919
dev_run_0,366,2437.0,0.6806875890495355
dev_run_0,367,2436.0,0.5363958038688328
dev_run_0,368,2435.0,0.8396920741501622
dev_run_0,369,2434.0,0.6893833332560648
dev_run_0,370,2433.0,0.5651929154542351
dev_run_0,371,2432.0,0.49972158922790344
dev_run_0,372,2431.0,0.4908178391569168
dev_run_0,373,2430.0,0.5592486493001897
dev_run_0,374,2429.0,1.069370018697982
dev_run_0,375,2428.0,0.5216686179370738
dev_run_0,376,2427.0,1.053476425284146
dev_run_0,377,2426.0,0.756982854055236
dev_run_0,378,2425.0,0.9484598739798281
dev_run_0,379,2424.0,0.9352184819345964
dev_run_0,380,2423.0,0.7092887603523625
dev_run_0,381,2422.0,0.5290061352455299
dev_run_0,382,2421.0,0.5811618412579075
dev_run_0,383,2420.0,0.7783364366626003
dev_run_0,384,2419.0,1.0946688826657374
dev_run_0,385,2418.0,0.7433950614503859
dev_run_0,386,2417.0,0.8387540991171154
dev_run_0,387,2416.0,0.7872121669412312
dev_run_0,388,2415.0,9.91342441851079
dev_run_0,389,2414.0,0.8862972528897466
dev_run_0,390,2413.0,0.721276696124882
dev_run_0,391,2412.0,0.7261708431834986
dev_run_0,392,2411.0,1.002107818411656
dev_run_0,393,2410.0,1.63617488001653
dev_run_0,394,2409.0,1.1375656586128886
dev_run_0,395,2408.0,1.1917601454045983
dev_run_0,396,2407.0,0.8959761314332836
dev_run_0,397,2406.0,1.4199143695999117
dev_run_0,398,2405.0,1.3315245508758204
dev_run_0,399,2404.0,1.0778777851142265
dev_run_0,400,2403.0,1.3627817518581247
dev_run_0,401,2402.0,1.787839849285796
dev_run_0,402,2401.0,7.920224640068635
dev_run_0,403,2400.0,1.004441501553751
dev_run_0,404,2399.0,1.085029574589989
dev_run_0,405,2398.0,0.9240156731734771
dev_run_0,406,2397.0,3.834257457826008
dev_run_0,407,2396.0,8.563363798089423
dev_run_0,408,2395.0,0.9414652442885469
dev_run_0,409,2394.0,0.8367742678798289
dev_run_0,410,2393.0,1.7685855980515126
dev_run_0,411,2392.0,1.0525914445311513
dev_run_0,412,2391.0,0.775858307480868
dev_run_0,413,2390.0,24.113952346618735
dev_run_0,414,2389.0,1.1994623853215203
dev_run_0,415,2388.0,0.8362592248214369
dev_run_0,416,2387.0,1.1677752933333945
dev_run_0,417,2386.0,1.1070284659788334
dev_run_0,418,2385.0,0.9466764257136008
dev_run_0,419,2384.0,1.0500986242782662
dev_run_0,420,2383.0,9.323605335217106
dev_run_0,421,2382.0,68.64853419939146
dev_run_0,422,2381.0,1.0849069931804312
dev_run_0,423,2380.0,1.0774731752240625
dev_run_0,424,2379.0,0.9516437934472313
dev_run_0,425,2378.0,1.3921669797408014
dev_run_0,426,2377.0,0.9126678568907968
dev_run_0,427,2376.0,0.9902518493109618
dev_run_0,428,2375.0,1.1019758626541505
dev_run_0,429,2374.0,2.208913876801663
dev_run_0,430,2373.0,0.7611277327087251
dev_run_0,431,2372.0,1.077402463513002
dev_run_0,432,2371.0,1.1897653077978123
dev_run_0,433,2370.0,1.2488043518277967
dev_run_0,434,2369.0,1.1343034985781701
dev_run_0,435,2368.0,1.9252980913637203
dev_run_0,436,2367.0,1.107248590529303
dev_run_0,437,2366.0,1.350250707137015
dev_run_0,438,2365.0,0.8892073775838728
dev_run_0,439,2364.0,1.2743950040856151
dev_run_0,440,2363.0,1.1347229837360902
dev_run_0,441,2362.0,1.9801040695398524
dev_run_0,442,2361.0,2.568916794330719
dev_run_0,443,2360.0,2.6069720263579823
dev_run_0,444,2359.0,11.937837199925493
dev_run_0,445,2358.0,0.9525517122535341
dev_run_0,446,2357.0,1.628643382305589
dev_run_0,447,2356.0,1.381659042182474
dev_run_0,448,2355.0,1.2815622999227423
dev_run_0,449,2354.0,1.0374132837988772
dev_run_0,450,2353.0,0.9420244682724717
dev_run_0,451,2352.0,1.2589914939477898
dev_run_0,452,2351.0,1.5981240158315146
dev_run_0,453,2350.0,1.1980949397944631
dev_run_0,454,2349.0,1.0401488951627895
dev_run_0,455,2348.0,1.0812673153993817
dev_run_0,456,2347.0,1.1079629508422657
dev_run_0,457,2346.0,1.0709064356786937
dev_run_0,458,2345.0,1.073752398039366
dev_run_0,459,2344.0,1.3392778402938683
dev_run_0,460,2343.0,1.2215611852841386
dev_run_0,461,2342.0,1.1529226594245336
dev_run_0,462,2341.0,1.4082633903591915
dev_run_0,463,2340.0,1.1065065790708404
dev_run_0,464,2339.0,0.9189817005108983
dev_run_0,465,2338.0,1.021586834312884
dev_run_0,466,2337.0,1.009134438192936
dev_run_0,467,2336.0,2.112849798183155
dev_run_0,468,2335.0,1.6996826919879322
dev_run_0,469,2334.0,1.2780710849718555
dev_run_0,470,2333.0,1.1999418472187637
dev_run_0,471,2332.0,1.227292096887509
dev_run_0,472,2331.0,1.121205633902706
dev_run_0,473,2330.0,1.8392428365143871
dev_run_0,474,2329.0,2.0502035165217025
dev_run_0,475,2328.0,1.7240012656879213
dev_run_0,476,2327.0,1.2109489470579482
dev_run_0,477,2326.0,1.47518794717428
dev_run_0,478,2325.0,1.791692730775957
dev_run_0,479,2324.0,1.885001644597271
dev_run_0,480,2323.0,1.9184885885958962
dev_run_0,481,2322.0,1.3183071881539998
dev_run_0,482,2321.0,1.4343255110290538
dev_run_0,483,2320.0,1.301223876599879
dev_run_0,484,2319.0,1.305695332826336
dev_run_0,485,2318.0,1.4287615429478022
dev_run_0,486,2317.0,1.2027442060024538
dev_run_0,487,2316.0,1.2084316065596155
dev_run_0,488,2315.0,1.2846579947488492
dev_run_0,489,2314.0,1.3873448864621645
dev_run_0,490,2313.0,1.2240838605785571
dev_run_0,491,2312.0,66.0782972781681
dev_run_0,492,2311.0,1.1183708564343606
dev_run_0,493,2310.0,3.5794094678248514
dev_run_0,494,2309.0,1.1590245517364182
dev_run_0,495,2308.0,1.1030792841089876
dev_run_0,496,2307.0,1.7805255708296923
dev_run_0,497,2306.0,13.006903297140841
dev_run_0,498,2305.0,1.2750966427562758
dev_run_0,499,2304.0,1.3053991235246234
dev_run_0,500,2303.0,6.293160049195244
dev_run_0,501,2302.0,33.25599686306524
dev_run_0,502,2301.0,12.767624069180695
dev_run_0,503,2300.0,1.3150226451276834
dev_run_0,504,2299.0,2.1381116418084485
dev_run_0,505,2298.0,1.786171652535657
dev_run_0,506,2297.0,1.142965494992682
dev_run_0,507,2296.0,1.9142403095235963
dev_run_0,508,2295.0,0.9841156689966322
dev_run_0,509,2294.0,1.449546724689594
dev_run_0,510,2293.0,1.4145273747954006
dev_run_0,511,2292.0,1.3322398791914807
dev_run_0,512,2291.0,1.3282365724048113
dev_run_0,513,2290.0,1.0601740374984547
dev_run_0,514,2289.0,1.5728248325176566
dev_run_0,515,2288.0,1.0268350924928817
dev_run_0,516,2287.0,1.0952446331761794
dev_run_0,517,2286.0,1.5792609879309998
dev_run_0,518,2285.0,1.1496788811634204
dev_run_0,519,2284.0,1.7808364914656418
dev_run_0,520,2283.0,1.1955485966475523
dev_run_0,521,2282.0,1.2001676564455606
dev_run_0,522,2281.0,1.3912950407729199
dev_run_0,523,2280.0,10.605130649546737
dev_run_0,524,2279.0,1.2039456426361033
dev_run_0,525,2278.0,1.2559309347137269
dev_run_0,526,2277.0,1.1480439769781874
dev_run_0,527,2276.0,1.8425148038763446
dev_run_0,528,2275.0,1.6034668144999809
dev_run_0,529,2274.0,1.27142265776533
dev_run_0,530,2273.0,1.587812284875238
dev_run_0,531,2272.0,1.2125275305755476
dev_run_0,532,2271.0,1.485739172664597
dev_run_0,533,2270.0,1.2333265337689407
dev_run_0,534,2269.0,1.6940262973358482
dev_run_0,535,2268.0,1.1465337553480532
dev_run_0,536,2267.0,1.5992141188616642
dev_run_0,537,2266.0,1.2561598178307498
dev_run_0,538,2265.0,1.1008244851093467
dev_run_0,539,2264.0,1.3294612870878004
dev_run_0,540,2263.0,1.4414719946725487
dev_run_0,541,2262.0,1.2068529712636717
dev_run_0,542,2261.0,1.143540803712517
dev_run_0,543,2260.0,1.1917525027417353
dev_run_0,544,2259.0,1.3141171361456947
dev_run_0,545,2258.0,1.1738323425849795
dev_run_0,546,2257.0,2.3197705680256675
dev_run_0,547,2256.0,1.289959795457682
dev_run_0,548,2255.0,1.1906384760523714
dev_run_0,549,2254.0,1.603004194901916
dev_run_0,550,2253.0,1.4823721006135389
dev_run_0,551,2252.0,1.890299348829144
dev_run_0,552,2251.0,1.1357020881986064
dev_run_0,553,2250.0,1.5662747753610922
dev_run_0,554,2249.0,1.3300615033787886
dev_run_0,555,2248.0,1.1227103020303297
dev_run_0,556,2247.0,1.1040803948968128
dev_run_0,557,2246.0,1.0280502109114678
dev_run_0,558,2245.0,1.2086297275307836
dev_run_0,559,2244.0,24.238192215631322
dev_run_0,560,2243.0,12.721189712179452
dev_run_0,561,2242.0,1.5256056835446496
dev_run_0,562,2241.0,1.289762885579308
dev_run_0,563,2240.0,1.3392939012901903
dev_run_0,564,2239.0,1.38777026374269
dev_run_0,565,2238.0,1.2164322401315966
dev_run_0,566,2237.0,1.8710597410963588
dev_run_0,567,2236.0,1.1073779564444175
dev_run_0,568,2235.0,1.324610445936139
dev_run_0,569,2234.0,1.174638064660525
dev_run_0,570,2233.0,1.3243877363602592
dev_run_0,571,2232.0,1.3083265128537334
dev_run_0,572,2231.0,1.669729302672313
dev_run_0,573,2230.0,1.2039893249513565
dev_run_0,574,2229.0,1.2901388678154837
dev_run_0,575,2228.0,1.4145521719716538
dev_run_0,576,2227.0,1.75963395699136
dev_run_0,577,2226.0,1.3026457447465651
dev_run_0,578,2225.0,1.106935151477188
dev_run_0,579,2224.0,1.3250029876479756
dev_run_0,580,2223.0,1.2300366391158781
dev_run_0,581,2222.0,1.215511193759442
dev_run_0,582,2221.0,1.93067639890386
dev_run_0,583,2220.0,1.8082435742409786
dev_run_0,584,2219.0,1.6659253482516796
dev_run_0,585,2218.0,1.2566399083613757
dev_run_0,586,2217.0,1.5156459488614367
dev_run_0,587,2216.0,1.5817723553408363
dev_run_0,588,2215.0,1.3485540799703521
dev_run_0,589,2214.0,1.4917046805204923
dev_run_0,590,2213.0,1.8006824191235151
dev_run_0,591,2212.0,1.442891698463645
dev_run_0,592,2211.0,1.7273398085875797
dev_run_0,593,2210.0,1.5002527937885923
dev_run_0,594,2209.0,1.2522693789685273
dev_run_0,595,2208.0,1.050262205440521
dev_run_0,596,2207.0,1.3802710268020533
dev_run_0,597,2206.0,1.5133031751103692
dev_run_0,598,2205.0,1.1188480415364679
dev_run_0,599,2204.0,4.548169673347074
dev_run_0,600,2203.0,1.4146823186740929
dev_run_0,601,2202.0,1.2443115169392454
dev_run_0,602,2201.0,1.6212478190436896
dev_run_0,603,2200.0,2.0757592751520386
dev_run_0,604,2199.0,1.5775317525154053
dev_run_0,605,2198.0,1.2135086374618418
dev_run_0,606,2197.0,1.4145478890914536
dev_run_0,607,2196.0,1.5875223073325078
dev_run_0,608,2195.0,1.150018668307155
dev_run_0,609,2194.0,1.1182558721289257
dev_run_0,610,2193.0,1.2260338872873027
dev_run_0,611,2192.0,1.1801315995897919
dev_run_0,612,2191.0,1.9696755707251232
dev_run_0,613,2190.0,1.5362446576674618
dev_run_0,614,2189.0,1.738643508915768
dev_run_0,615,2188.0,1.5198109691122803
dev_run_0,616,2187.0,1.3015759198904522
dev_run_0,617,2186.0,1.2094135757379234
dev_run_0,618,2185.0,1.7197210932316733
dev_run_0,619,2184.0,1.3370910422585007
dev_run_0,620,2183.0,1.3750044469743143
dev_run_0,621,2182.0,1.2092533511845498
dev_run_0,622,2181.0,1.3566138712126914
dev_run_0,623,2180.0,1.2255113014755534
dev_run_0,624,2179.0,1.9743702129863703
dev_run_0,625,2178.0,1.3719822456288635
dev_run_0,626,2177.0,1.3242482777046582
dev_run_0,627,2176.0,1.3176395381030144
dev_run_0,628,2175.0,1.7607907387734685
dev_run_0,629,2174.0,1.4333668141006648
dev_run_0,630,2173.0,1.2418064016787218
dev_run_0,631,2172.0,1.280100732555077
dev_run_0,632,2171.0,1.4519593323371738
dev_run_0,633,2170.0,1.783349342601499
dev_run_0,634,2169.0,1.559533423543712
dev_run_0,635,2168.0,1.2734220069897717
dev_run_0,636,2167.0,1.7461252152353104
dev_run_0,637,2166.0,1.3386560384718262
dev_run_0,638,2165.0,1.8297534661832018
dev_run_0,639,2164.0,1.8771590949639936
dev_run_0,640,2163.0,1.3966409552636343
dev_run_0,641,2162.0,3.1154579481803566
dev_run_0,642,2161.0,1.8233707964371508
dev_run_0,643,2160.0,1.4116718928283207
dev_run_0,644,2159.0,1.660215611586763
dev_run_0,645,2158.0,1.256142254505193
dev_run_0,646,2157.0,1.3392611790266469
dev_run_0,647,2156.0,1.9105433007350698
dev_run_0,648,2155.0,2.307518171555363
dev_run_0,649,2154.0,1.4066806103779734
dev_run_0,650,2153.0,2.1237883746331345
dev_run_0,651,2152.0,1.3702798689790332
dev_run_0,652,2151.0,1.3907348859829518
dev_run_0,653,2150.0,1.8505704091122552
dev_run_0,654,2149.0,1.9600391882281554
dev_run_0,655,2148.0,4.215786735290899
dev_run_0,656,2147.0,1.8036116259383637
dev_run_0,657,2146.0,1.6723265772307883
dev_run_0,658,2145.0,75.69131785605167
dev_run_0,659,2144.0,1.8222655494855295
dev_run_0,660,2143.0,1.7472538365039412
dev_run_0,661,2142.0,1.828975218867886
dev_run_0,662,2141.0,1.7157727915035026
dev_run_0,663,2140.0,1.2160379013220952
dev_run_0,664,2139.0,1.2624475277775375
dev_run_0,665,2138.0,1.1605505785114927
dev_run_0,666,2137.0,1.9464644829797582
dev_run_0,667,2136.0,1.2661890399153322
dev_run_0,668,2135.0,1.5804497617289244
dev_run_0,669,2134.0,2.0009720070288073
dev_run_0,670,2133.0,1.188817011379021
dev_run_0,671,2132.0,1.5676216861584344
dev_run_0,672,2131.0,1.7675700472177964
dev_run_0,673,2130.0,1.4243076867798679
dev_run_0,674,2129.0,1.2343250917822168
dev_run_0,675,2128.0,6.2712686704192775
dev_run_0,676,2127.0,1.9802224987249637
dev_run_0,677,2126.0,2.0008912301880337
dev_run_0,678,2125.0,1.6398671985204518
dev_run_0,679,2124.0,1.9406038044957197
dev_run_0,680,2123.0,1.2980479223340438
dev_run_0,681,2122.0,1.3317786070581032
dev_run_0,682,2121.0,1.3340788980845613
dev_run_0,683,2120.0,1.0744022761645242
dev_run_0,684,2119.0,5.124887036984196
dev_run_0,685,2118.0,1.1558138542978516
dev_run_0,686,2117.0,1.700420699884814
dev_run_0,687,2116.0,1.7234581256667898
dev_run_0,688,2115.0,1.5853307513883454
dev_run_0,689,2114.0,1.2583251594998262
dev_run_0,690,2113.0,1.3393689641482394
dev_run_0,691,2112.0,1.1040027130488186
dev_run_0,692,2111.0,2.1921589145439766
dev_run_0,693,2110.0,1.642365718087251
dev_run_0,694,2109.0,1.2221119936591034
dev_run_0,695,2108.0,1.8495625823669717
dev_run_0,696,2107.0,1.2391904935059703
dev_run_0,697,2106.0,1.313760746712178
dev_run_0,698,2105.0,1.1886936846837526
dev_run_0,699,2104.0,2.7073544778396634
dev_run_0,700,2103.0,1.3201081163905344
dev_run_0,701,2102.0,1.859093091118286
dev_run_0,702,2101.0,1.5528742477399526
dev_run_0,703,2100.0,1.8543673468901383
dev_run_0,704,2099.0,1.7602799689528617
dev_run_0,705,2098.0,1.594060543013763
dev_run_0,706,2097.0,1.1945916239690084
dev_run_0,707,2096.0,1.921822698113393
dev_run_0,708,2095.0,1.1949365787389188
dev_run_0,709,2094.0,1.353481588224205
dev_run_0,710,2093.0,1.657392622650833
dev_run_0,711,2092.0,1.7999156146417232
dev_run_0,712,2091.0,6.9818365717267
dev_run_0,713,2090.0,1.4698743089119366
dev_run_0,714,2089.0,1.7291062705676001
dev_run_0,715,2088.0,1.8087816277255833
dev_run_0,716,2087.0,1.841416960189409
dev_run_0,717,2086.0,1.7151751446117784
dev_run_0,718,2085.0,1.9550211613949475
dev_run_0,719,2084.0,1.9647782369953806
dev_run_0,720,2083.0,1.6545202335876497
dev_run_0,721,2082.0,1.694940579854218
dev_run_0,722,2081.0,1.8612243196400626
dev_run_0,723,2080.0,1.3040872025325814
dev_run_0,724,2079.0,1.9709334751828105
dev_run_0,725,2078.0,1.0728797938320151
dev_run_0,726,2077.0,2.184208860987935
dev_run_0,727,2076.0,1.4623532927626337
dev_run_0,728,2075.0,1.6570282216752905
dev_run_0,729,2074.0,1.843141530975873
dev_run_0,730,2073.0,1.6080916391233917
dev_run_0,731,2072.0,1.4740667227280653
dev_run_0,732,2071.0,1.4490053995714463
dev_run_0,733,2070.0,1.6092860559606532
dev_run_0,734,2069.0,1.2952062453574196
dev_run_0,735,2068.0,1.5138295330408336
dev_run_0,736,2067.0,1.8986935281567103
dev_run_0,737,2066.0,1.2070239414738508
dev_run_0,738,2065.0,1.1749189227351475
dev_run_0,739,2064.0,1.1240922017717903
dev_run_0,740,2063.0,1.4590148539440608
dev_run_0,741,2062.0,1.9433659729706139
dev_run_0,742,2061.0,1.680793360914765
dev_run_0,743,2060.0,1.6883075274939305
dev_run_0,744,2059.0,1.9709984796589546
dev_run_0,745,2058.0,1.2897924014900197
dev_run_0,746,2057.0,2.071317651131586
dev_run_0,747,2056.0,1.4177807366215345
dev_run_0,748,2055.0,1.1067264081336288
dev_run_0,749,2054.0,1.463677280368335
dev_run_0,750,2053.0,1.8465820603171874
dev_run_0,751,2052.0,2.0436422536256926
dev_run_0,752,2051.0,1.835464519926985
dev_run_0,753,2050.0,1.349777274562228
dev_run_0,754,2049.0,1.5958509698104308
dev_run_0,755,2048.0,1.686407283538444
dev_run_0,756,2047.0,1.2968859949542435
dev_run_0,757,2046.0,21.21042985269785
dev_run_0,758,2045.0,1.9851200663857955
dev_run_0,759,2044.0,1.4041005187617817
dev_run_0,760,2043.0,2.1092744245570123
dev_run_0,761,2042.0,1.6059212809260999
dev_run_0,762,2041.0,1.9764576531226183
dev_run_0,763,2040.0,1.1848719176283269
dev_run_0,764,2039.0,2.3733322077867003
dev_run_0,765,2038.0,1.5257814608970508
dev_run_0,766,2037.0,1.8895553860142065
dev_run_0,767,2036.0,1.3490457938123246
dev_run_0,768,2035.0,1.9017718385942906
dev_run_0,769,2034.0,1.5088928547311355
dev_run_0,770,2033.0,1.3243889746971356
dev_run_0,771,2032.0,1.5686890780979705
dev_run_0,772,2031.0,1.6466485487337206
dev_run_0,773,2030.0,1.4889482378639312
dev_run_0,774,2029.0,1.226856738443171
dev_run_0,775,2028.0,1.7898563322554655
dev_run_0,776,2027.0,1.5596110502263214
dev_run_0,777,2026.0,1.247663512515082
dev_run_0,778,2025.0,3.5930840902017507
dev_run_0,779,2024.0,1.4589640550510627
dev_run_0,780,2023.0,1.3525495622075303
dev_run_0,781,2022.0,81.01200385279483
dev_run_0,782,2021.0,1.8885238986868587
dev_run_0,783,2020.0,98.87655202010147
dev_run_0,784,2019.0,3.4488396037928437
dev_run_0,785,2018.0,2.020245734531679
dev_run_0,786,2017.0,1.1956294917244636
dev_run_0,787,2016.0,3.785052793659262
dev_run_0,788,2015.0,2.0467876213320424
dev_run_0,789,2014.0,3.221166781135318
dev_run_0,790,2013.0,1.68890328304077
dev_run_0,791,2012.0,1.6936623634530705
dev_run_0,792,2011.0,169.58301527802018
dev_run_0,793,2010.0,2.427126424829284
dev_run_0,794,2009.0,1.7368345832638539
dev_run_0,795,2008.0,1.513496396969361
dev_run_0,796,2007.0,29.717657495224614
dev_run_0,797,2006.0,1.4094543270044402
dev_run_0,798,2005.0,2.0789044269737307
dev_run_0,799,2004.0,1.821323740850218
dev_run_0,800,2003.0,1.7173147697479236
dev_run_0,801,2002.0,3.156302628211054
dev_run_0,802,2001.0,2.0879997695784747
dev_run_0,803,2000.0,2.1406800657305936
dev_run_0,804,1999.0,1.6864423699047557
dev_run_0,805,1998.0,1.514789015532972
dev_run_0,806,1997.0,2.2592319996135584
dev_run_0,807,1996.0,1.8436778672593488
dev_run_0,808,1995.0,1.3573670999635294
dev_run_0,809,1994.0,74.51069998828237
dev_run_0,810,1993.0,1.6106155146416925
dev_run_0,811,1992.0,97.18640740287276
dev_run_0,812,1991.0,1.6820395373048125
dev_run_0,813,1990.0,1.456282676246943
dev_run_0,814,1989.0,1.8463523418699004
dev_run_0,815,1988.0,1.9156285694125728
dev_run_0,816,1987.0,2.301654332126864
dev_run_0,817,1986.0,1.7094357797962256
dev_run_0,818,1985.0,1.6476481645396241
dev_run_0,819,1984.0,1.6517756837168913
dev_run_0,820,1983.0,2.153635412496251
dev_run_0,821,1982.0,1.7733235878548606
dev_run_0,822,1981.0,1.9574899325634072
dev_run_0,823,1980.0,1.6026729435496656
dev_run_0,824,1979.0,1.3644151424944564
dev_run_0,825,1978.0,8.337796908419797
dev_run_0,826,1977.0,1.3499214697502997
dev_run_0,827,1976.0,2.006385314314396
dev_run_0,828,1975.0,1.7759023392824091
dev_run_0,829,1974.0,2.2801283821765312
dev_run_0,830,1973.0,1.903127212874993
dev_run_0,831,1972.0,2.0472949013166124
dev_run_0,832,1971.0,1.8991108325387682
dev_run_0,833,1970.0,17.495152632995396
dev_run_0,834,1969.0,2.020320866753778
dev_run_0,835,1968.0,3.6343059339977692
dev_run_0,836,1967.0,1.9713285270860474
dev_run_0,837,1966.0,1.8404570264146713
dev_run_0,838,1965.0,3.6900470303344
dev_run_0,839,1964.0,1.731864850508479
dev_run_0,840,1963.0,2.086067335968482
dev_run_0,841,1962.0,2.052040553596244
dev_run_0,842,1961.0,1.876990534669029
dev_run_0,843,1960.0,1.453885255244644
dev_run_0,844,1959.0,1.7035446940708592
dev_run_0,845,1958.0,1.8557336017547121
dev_run_0,846,1957.0,1.774075349164562
dev_run_0,847,1956.0,2.0572374026630635
dev_run_0,848,1955.0,1.696702231426683
dev_run_0,849,1954.0,1.9673147807451883
dev_run_0,850,1953.0,1.8666928137644312
dev_run_0,851,1952.0,1.601706022280755
dev_run_0,852,1951.0,1.7759564830085535
dev_run_0,853,1950.0,1.8403371931746804
dev_run_0,854,1949.0,4.6459868957285
dev_run_0,855,1948.0,1.9977366694829115
dev_run_0,856,1947.0,1.8408773965238314
dev_run_0,857,1946.0,1.405952313102404
dev_run_0,858,1945.0,1.2893640885851887
dev_run_0,859,1944.0,2.2086499149381558
dev_run_0,860,1943.0,1.9928205182548084
dev_run_0,861,1942.0,2.1409823432713595
dev_run_0,862,1941.0,1.4288430031404604
dev_run_0,863,1940.0,1.686304938395469
dev_run_0,864,1939.0,2.1510822403044436
dev_run_0,865,1938.0,1.2133880534058483
dev_run_0,866,1937.0,1.7549141691307202
dev_run_0,867,1936.0,1.3149511511680956
dev_run_0,868,1935.0,1.9018716722520375
dev_run_0,869,1934.0,1.7637555144273098
dev_run_0,870,1933.0,1.9915509616192169
dev_run_0,871,1932.0,1.4174753596053007
dev_run_0,872,1931.0,1.914320156852881
dev_run_0,873,1930.0,2.66197038463162
dev_run_0,874,1929.0,1.830477128157322
dev_run_0,875,1928.0,1.590819576009071
dev_run_0,876,1927.0,1.8697096478149504
dev_run_0,877,1926.0,3.293652186096923
dev_run_0,878,1925.0,1.9633376537296041
dev_run_0,879,1924.0,1.8969801332528142
dev_run_0,880,1923.0,1.905589076317647
dev_run_0,881,1922.0,1.8345534864216124
dev_run_0,882,1921.0,2.043536723599773
dev_run_0,883,1920.0,1.788091554292198
dev_run_0,884,1919.0,1.5765429319588466
dev_run_0,885,1918.0,1.2233996972273522
dev_run_0,886,1917.0,1.8466328996894337
dev_run_0,887,1916.0,1.8751816426767554
dev_run_0,888,1915.0,2.0255330598882058
dev_run_0,889,1914.0,1.8454905833967357
dev_run_0,890,1913.0,2.069219934244913
dev_run_0,891,1912.0,2.0464938953708054
dev_run_0,892,1911.0,1.9029222808547304
dev_run_0,893,1910.0,2.1728224048135836
dev_run_0,894,1909.0,1.4177983523630038
dev_run_0,895,1908.0,1.6897496893063857
dev_run_0,896,1907.0,2.154831630283337
dev_run_0,897,1906.0,1.3920878089623123
dev_run_0,898,1905.0,1.8206121655045897
dev_run_0,899,1904.0,1.8525616113709549
dev_run_0,900,1903.0,1.8959646511018828
dev_run_0,901,1902.0,1.8241644907966592
dev_run_0,902,1901.0,2.1263879683197344
dev_run_0,903,1900.0,1.7977548865606057
dev_run_0,904,1899.0,1.572544067673341
dev_run_0,905,1898.0,1.7851592203565254
dev_run_0,906,1897.0,1.815426576924877
dev_run_0,907,1896.0,3.074431459563514
dev_run_0,908,1895.0,1.3983280025322669
dev_run_0,909,1894.0,2.0852138677525938
dev_run_0,910,1893.0,1.7499244975237964
dev_run_0,911,1892.0,3.1424669505493457
dev_run_0,912,1891.0,1.1840428610220384
dev_run_0,913,1890.0,1.6761631350223722
dev_run_0,914,1889.0,1.587586528136009
dev_run_0,915,1888.0,1.7981264787170672
dev_run_0,916,1887.0,1.8542669786691235
dev_run_0,917,1886.0,2.641468197826804
dev_run_0,918,1885.0,1.9128799433942347
dev_run_0,919,1884.0,6.576281878521769
dev_run_0,920,1883.0,1.6775820577600622
dev_run_0,921,1882.0,2.1759862156803083
dev_run_0,922,1881.0,1.910224288713625
dev_run_0,923,1880.0,1.2914819405540368
dev_run_0,924,1879.0,1.9748322114744963
dev_run_0,925,1878.0,2.0640242621886764
dev_run_0,926,1877.0,1.6779165875749773
dev_run_0,927,1876.0,1.788045812672268
dev_run_0,928,1875.0,2.0205237893173598
dev_run_0,929,1874.0,2.87894159700054
dev_run_0,930,1873.0,1.6757142636098288
dev_run_0,931,1872.0,2.040119178270615
dev_run_0,932,1871.0,1.904199761249722
dev_run_0,933,1870.0,1.9249714568477014
dev_run_0,934,1869.0,1.9952608833431078
dev_run_0,935,1868.0,1.3716643627333125
dev_run_0,936,1867.0,1.873167043745461
dev_run_0,937,1866.0,1.948325762502699
dev_run_0,938,1865.0,2.002948027361292
dev_run_0,939,1864.0,2.024076834851138
dev_run_0,940,1863.0,3.0172505078510037
dev_run_0,941,1862.0,1.7443674873345902
dev_run_0,942,1861.0,22.898938048021556
dev_run_0,943,1860.0,2.0503860815200765
dev_run_0,944,1859.0,1.7448128005143417
dev_run_0,945,1858.0,2.0993118195967897
dev_run_0,946,1857.0,1.3165315631306413
dev_run_0,947,1856.0,1.8825724966253001
dev_run_0,948,1855.0,2.143398388412947
dev_run_0,949,1854.0,1.9598367584955523
dev_run_0,950,1853.0,2.0143262950676415
dev_run_0,951,1852.0,1.9022890768141658
dev_run_0,952,1851.0,4.334241644604502
dev_run_0,953,1850.0,1.83659780994654
dev_run_0,954,1849.0,1.8099614224119172
dev_run_0,955,1848.0,1.6673312879807738
dev_run_0,956,1847.0,1.864088085552655
dev_run_0,957,1846.0,2.1890354613089174
dev_run_0,958,1845.0,2.096811562744684
dev_run_0,959,1844.0,1.4112281645814
dev_run_0,960,1843.0,2.0348728718625373
dev_run_0,961,1842.0,3.281875228968263
dev_run_0,962,1841.0,1.8361027839211403
dev_run_0,963,1840.0,2.552547886742233
dev_run_0,964,1839.0,2.2016904213023083
dev_run_0,965,1838.0,1.2970942053232375
dev_run_0,966,1837.0,1.9487955578002105
dev_run_0,967,1836.0,2.047552249170386
dev_run_0,968,1835.0,1.9796342159921274
dev_run_0,969,1834.0,2.9300801978215967
dev_run_0,970,1833.0,1.9812259835099237
dev_run_0,971,1832.0,1.9106295280830288
dev_run_0,972,1831.0,1.7139127909321812
dev_run_0,973,1830.0,1.9162250695057352
dev_run_0,974,1829.0,1.9990025149554664
dev_run_0,975,1828.0,2.042714318515496
dev_run_0,976,1827.0,1.8374130270137097
dev_run_0,977,1826.0,2.061106451278084
dev_run_0,978,1825.0,2.2832908690922493
dev_run_0,979,1824.0,1.9168455856465374
dev_run_0,980,1823.0,1.7544598108602465
dev_run_0,981,1822.0,2.3356642636400027
dev_run_0,982,1821.0,1.8843395664120344
dev_run_0,983,1820.0,2.2634444758358376
dev_run_0,984,1819.0,1.7271410222384715
dev_run_0,985,1818.0,2.1965399042369924
dev_run_0,986,1817.0,1.94147630721654
dev_run_0,987,1816.0,1.8345372606031394
dev_run_0,988,1815.0,1.8097639293075019
dev_run_0,989,1814.0,1.9147486683344153
dev_run_0,990,1813.0,1.766935684599855
dev_run_0,991,1812.0,2.026537701450938
dev_run_0,992,1811.0,2.1327491018065787
dev_run_0,993,1810.0,2.1288652385133
dev_run_0,994,1809.0,2.024665738573508
dev_run_0,995,1808.0,1.7301162132294041
dev_run_0,996,1807.0,1.9057760443515837
dev_run_0,997,1806.0,2.2113356877963537
dev_run_0,998,1805.0,1.8777707997588515
dev_run_0,999,1804.0,2.4132732902725893
dev_run_0,1000,1803.0,2.1900138291141746
dev_run_0,1001,1802.0,1.8115531550218602
dev_run_0,1002,1801.0,1.9695016118669557
dev_run_0,1003,1800.0,1.6763999639065834
dev_run_0,1004,1799.0,2.2578441665897313
dev_run_0,1005,1798.0,2.1289430297180574
dev_run_0,1006,1797.0,2.5240957958519137
dev_run_0,1007,1796.0,1.7765756895616618
dev_run_0,1008,1795.0,2.020087021141762
dev_run_0,1009,1794.0,1.7985348432282156
dev_run_0,1010,1793.0,2.2209994353230615
dev_run_0,1011,1792.0,1.9647438585355546
dev_run_0,1012,1791.0,2.163721479222855
dev_run_0,1013,1790.0,1.7912912168997053
dev_run_0,1014,1789.0,1.7402997479502063
dev_run_0,1015,1788.0,2.005211518483218
dev_run_0,1016,1787.0,2.126381465689829
dev_run_0,1017,1786.0,2.276012054819226
dev_run_0,1018,1785.0,1.9533390911641733
dev_run_0,1019,1784.0,1.9783331155012562
dev_run_0,1020,1783.0,2.040792360790063
dev_run_0,1021,1782.0,2.7316988133488653
dev_run_0,1022,1781.0,1.9881641470592761
dev_run_0,1023,1780.0,3.4238940138512364
dev_run_0,1024,1779.0,2.0588997710535897
dev_run_0,1025,1778.0,2.1351576503325207
dev_run_0,1026,1777.0,1.614447971429361
dev_run_0,1027,1776.0,3.6351010620216746
dev_run_0,1028,1775.0,2.3767250971519576
dev_run_0,1029,1774.0,2.950497493388568
dev_run_0,1030,1773.0,1.5132617665110029
dev_run_0,1031,1772.0,2.0974307199073943
dev_run_0,1032,1771.0,1.970635213736441
dev_run_0,1033,1770.0,2.103586885046188
dev_run_0,1034,1769.0,1.8030755950894093
dev_run_0,1035,1768.0,2.4514266137018046
dev_run_0,1036,1767.0,2.0805473279011046
dev_run_0,1037,1766.0,1.9243169365412236
dev_run_0,1038,1765.0,1.704217587480347
dev_run_0,1039,1764.0,1.4215564083313992
dev_run_0,1040,1763.0,1.7515637343935144
dev_run_0,1041,1762.0,2.2027945317634683
dev_run_0,1042,1761.0,1.288284812193427
dev_run_0,1043,1760.0,2.0139357007338834
dev_run_0,1044,1759.0,1.7450442195258327
dev_run_0,1045,1758.0,2.9043501989179448
dev_run_0,1046,1757.0,2.1188591608663168
dev_run_0,1047,1756.0,2.351404740698578
dev_run_0,1048,1755.0,1.820748203394086
dev_run_0,1049,1754.0,2.3211221371849717
dev_run_0,1050,1753.0,2.413838566917511
dev_run_0,1051,1752.0,1.571844256942906
dev_run_0,1052,1751.0,1.7888137343494233
dev_run_0,1053,1750.0,2.5453650104984087
dev_run_0,1054,1749.0,1.825156541813691
dev_run_0,1055,1748.0,1.8410197286845293
dev_run_0,1056,1747.0,1.5066456316949761
dev_run_0,1057,1746.0,1.663790166902276
dev_run_0,1058,1745.0,1.677827643776331
dev_run_0,1059,1744.0,1.8702098057790835
dev_run_0,1060,1743.0,2.7602102522381493
dev_run_0,1061,1742.0,1.9238889604275795
dev_run_0,1062,1741.0,1.9474015435196144
dev_run_0,1063,1740.0,1.8459245366486225
dev_run_0,1064,1739.0,2.2442450480539966
dev_run_0,1065,1738.0,1.9377493254192095
dev_run_0,1066,1737.0,2.1552678776224274
dev_run_0,1067,1736.0,1.3533198831716517
dev_run_0,1068,1735.0,1.9392835286551704
dev_run_0,1069,1734.0,2.170076714787856
dev_run_0,1070,1733.0,1.314141400393787
dev_run_0,1071,1732.0,2.022864950192308
dev_run_0,1072,1731.0,1.8496680228671463
dev_run_0,1073,1730.0,1.5714863755244852
dev_run_0,1074,1729.0,1.9027276167184481
dev_run_0,1075,1728.0,2.0050576357452154
dev_run_0,1076,1727.0,2.342378798048625
dev_run_0,1077,1726.0,2.315122477652414
dev_run_0,1078,1725.0,2.126996146656213
dev_run_0,1079,1724.0,1.9701326233472627
dev_run_0,1080,1723.0,1.9174507794598026
dev_run_0,1081,1722.0,2.5233133887386208
dev_run_0,1082,1721.0,2.1894447731796567
dev_run_0,1083,1720.0,3.2220672430528117
dev_run_0,1084,1719.0,1.8623713811277636
dev_run_0,1085,1718.0,2.0983723371401344
dev_run_0,1086,1717.0,2.092960906641485
dev_run_0,1087,1716.0,1.8628580258756102
dev_run_0,1088,1715.0,6.064351391491331
dev_run_0,1089,1714.0,2.3077643130901486
dev_run_0,1090,1713.0,4.989796549476398
dev_run_0,1091,1712.0,1.9272834932612917
dev_run_0,1092,1711.0,2.221196954866809
dev_run_0,1093,1710.0,5.30623485698925
dev_run_0,1094,1709.0,2.0370961245211427
dev_run_0,1095,1708.0,1.9439610935644331
dev_run_0,1096,1707.0,1.9179366036143406
dev_run_0,1097,1706.0,1.60521785133616
dev_run_0,1098,1705.0,1.5771073344695201
dev_run_0,1099,1704.0,2.470942114253373
dev_run_0,1100,1703.0,2.371832117121539
dev_run_0,1101,1702.0,1.860533955809474
dev_run_0,1102,1701.0,2.004014717326904
dev_run_0,1103,1700.0,1.857874456558011
dev_run_0,1104,1699.0,1.8953661645865352
dev_run_0,1105,1698.0,2.0402738878813635
dev_run_0,1106,1697.0,2.199913968430227
dev_run_0,1107,1696.0,3.6838858069536835
dev_run_0,1108,1695.0,1.8859118503680967
dev_run_0,1109,1694.0,1.9920611520858433
dev_run_0,1110,1693.0,2.054153464699879
dev_run_0,1111,1692.0,2.017788482416728
dev_run_0,1112,1691.0,2.0967394251632836
dev_run_0,1113,1690.0,1.6519767460562242
dev_run_0,1114,1689.0,1.4105890842747009
dev_run_0,1115,1688.0,1.9410075232213928
dev_run_0,1116,1687.0,1.8161830110088277
dev_run_0,1117,1686.0,2.0704104652869324
dev_run_0,1118,1685.0,1.8881298935816795
dev_run_0,1119,1684.0,2.1348286984100397
dev_run_0,1120,1683.0,5.754938228232978
dev_run_0,1121,1682.0,1.8580734376993508
dev_run_0,1122,1681.0,2.2582519575074533
dev_run_0,1123,1680.0,1.8721393961375334
dev_run_0,1124,1679.0,1.9142349534953602
dev_run_0,1125,1678.0,1.8188429820361391
dev_run_0,1126,1677.0,1.8154197206714962
dev_run_0,1127,1676.0,2.0324225709695063
dev_run_0,1128,1675.0,2.1099776017949
dev_run_0,1129,1674.0,2.1632531103748573
dev_run_0,1130,1673.0,1.7943216116586442
dev_run_0,1131,1672.0,2.0057675787610783
dev_run_0,1132,1671.0,2.2001252880168325
dev_run_0,1133,1670.0,2.1701178023215806
dev_run_0,1134,1669.0,1.9135463342645838
dev_run_0,1135,1668.0,2.268309517764115
dev_run_0,1136,1667.0,5.67290220298163
dev_run_0,1137,1666.0,4.7856327849504945
dev_run_0,1138,1665.0,1.8773788673956253
dev_run_0,1139,1664.0,2.1788360454987092
dev_run_0,1140,1663.0,2.0135448681471635
dev_run_0,1141,1662.0,2.080602748914475
dev_run_0,1142,1661.0,4.482836224422136
dev_run_0,1143,1660.0,2.480991120003915
dev_run_0,1144,1659.0,1.9624269961120313
dev_run_0,1145,1658.0,1.8944034750839704
dev_run_0,1146,1657.0,1.923420563208505
dev_run_0,1147,1656.0,1.8117668272886913
dev_run_0,1148,1655.0,2.1655309061590335
dev_run_0,1149,1654.0,2.1802128427284937
dev_run_0,1150,1653.0,1.7857995369284825
dev_run_0,1151,1652.0,5.73029900486783
dev_run_0,1152,1651.0,1.9086698635678174
dev_run_0,1153,1650.0,2.0929900383366737
dev_run_0,1154,1649.0,1.8704422272688437
dev_run_0,1155,1648.0,2.03237975512378
dev_run_0,1156,1647.0,2.1100337100024893
dev_run_0,1157,1646.0,16.349468303204183
dev_run_0,1158,1645.0,1.8481280973774947
dev_run_0,1159,1644.0,2.367337932554487
dev_run_0,1160,1643.0,2.284551308455523
dev_run_0,1161,1642.0,1.9234466629223177
dev_run_0,1162,1641.0,1.968955517313122
dev_run_0,1163,1640.0,4.396175650762914
dev_run_0,1164,1639.0,2.2353678550245695
dev_run_0,1165,1638.0,2.3107261951412594
dev_run_0,1166,1637.0,2.186351299259538
dev_run_0,1167,1636.0,1.8229031265975908
dev_run_0,1168,1635.0,2.2355592089963494
dev_run_0,1169,1634.0,2.0045441031739832
dev_run_0,1170,1633.0,2.0299875814949173
dev_run_0,1171,1632.0,1.8764457660726823
dev_run_0,1172,1631.0,2.010681471607837
dev_run_0,1173,1630.0,1.820059911749183
dev_run_0,1174,1629.0,1.8820517185906394
dev_run_0,1175,1628.0,1.9023828338300135
dev_run_0,1176,1627.0,1.654657435718629
dev_run_0,1177,1626.0,1.771979853073637
dev_run_0,1178,1625.0,2.052711451833916
dev_run_0,1179,1624.0,3.757591116988782
dev_run_0,1180,1623.0,2.7229780618577735
dev_run_0,1181,1622.0,2.0456635342198863
dev_run_0,1182,1621.0,1.7552024234987953
dev_run_0,1183,1620.0,2.129659962019242
dev_run_0,1184,1619.0,1.9213419866151056
dev_run_0,1185,1618.0,3.527708543261709
dev_run_0,1186,1617.0,1.9302283651302214
dev_run_0,1187,1616.0,1.8380929402118262
dev_run_0,1188,1615.0,2.7980076508223775
dev_run_0,1189,1614.0,1.7221034926514893
dev_run_0,1190,1613.0,2.141145766649232
dev_run_0,1191,1612.0,3.810751941320175
dev_run_0,1192,1611.0,2.2740105488338402
dev_run_0,1193,1610.0,1.94438133650117
dev_run_0,1194,1609.0,1.932567620666878
dev_run_0,1195,1608.0,1.6987436952066912
dev_run_0,1196,1607.0,2.0246272117501913
dev_run_0,1197,1606.0,1.8189004602433005
dev_run_0,1198,1605.0,1.8457321565692868
dev_run_0,1199,1604.0,1.9502219727482437
dev_run_0,1200,1603.0,1.8924038601975384
dev_run_0,1201,1602.0,4.750183318712702
dev_run_0,1202,1601.0,2.462968984471856
dev_run_0,1203,1600.0,4.531406422355945
dev_run_0,1204,1599.0,2.121638513627062
dev_run_0,1205,1598.0,2.0003927720947416
dev_run_0,1206,1597.0,1.7998713578804957
dev_run_0,1207,1596.0,2.3614372824386747
dev_run_0,1208,1595.0,1.9211046560630236
dev_run_0,1209,1594.0,2.586167174392234
dev_run_0,1210,1593.0,2.0678748311460056
dev_run_0,1211,1592.0,2.269409893717254
dev_run_0,1212,1591.0,2.9829712919965536
dev_run_0,1213,1590.0,1.773137133826222
dev_run_0,1214,1589.0,2.2037332713985904
dev_run_0,1215,1588.0,2.1867847537623417
dev_run_0,1216,1587.0,2.1001963104828585
dev_run_0,1217,1586.0,2.0280932585371527
dev_run_0,1218,1585.0,1.7725968028023196
dev_run_0,1219,1584.0,1.96510113624376
dev_run_0,1220,1583.0,1.6517681473930739
dev_run_0,1221,1582.0,1.883724306705177
dev_run_0,1222,1581.0,1.7627559531354993
dev_run_0,1223,1580.0,1.8819071173919304
dev_run_0,1224,1579.0,2.107459898043705
dev_run_0,1225,1578.0,2.2936876056052107
dev_run_0,1226,1577.0,2.451881219016703
dev_run_0,1227,1576.0,1.8938460191675073
dev_run_0,1228,1575.0,1.5702626970048874
dev_run_0,1229,1574.0,2.0082785510312435
dev_run_0,1230,1573.0,1.761791875724353
dev_run_0,1231,1572.0,1.9336658851867559
dev_run_0,1232,1571.0,1.9934725782938578
dev_run_0,1233,1570.0,1.8871121106673392
dev_run_0,1234,1569.0,2.096971638704334
dev_run_0,1235,1568.0,2.680405426230369
dev_run_0,1236,1567.0,2.020211874673195
dev_run_0,1237,1566.0,1.9447745146922528
dev_run_0,1238,1565.0,1.9136306604228328
dev_run_0,1239,1564.0,1.8132900333585635
dev_run_0,1240,1563.0,1.8539017362052157
dev_run_0,1241,1562.0,1.7792348562672728
dev_run_0,1242,1561.0,32.687325825843786
dev_run_0,1243,1560.0,1.9097080587994377
dev_run_0,1244,1559.0,1.8651743404451615
dev_run_0,1245,1558.0,2.2192054526034286
dev_run_0,1246,1557.0,1.9535635611555626
dev_run_0,1247,1556.0,2.613942125118317
dev_run_0,1248,1555.0,2.3357735205073253
dev_run_0,1249,1554.0,2.0346982275864445
dev_run_0,1250,1553.0,3.0414077050765593
dev_run_0,1251,1552.0,9.1654615981408
dev_run_0,1252,1551.0,1.7847610209834877
dev_run_0,1253,1550.0,2.2957705154898376
dev_run_0,1254,1549.0,1.9165270453217402
dev_run_0,1255,1548.0,2.221748036574776
dev_run_0,1256,1547.0,1.8934002568900268
dev_run_0,1257,1546.0,2.1363686794079504
dev_run_0,1258,1545.0,1.956085490639266
dev_run_0,1259,1544.0,1.7782507218261734
dev_run_0,1260,1543.0,1.8483425445362367
dev_run_0,1261,1542.0,1.7620560997151915
dev_run_0,1262,1541.0,2.4080882481888266
dev_run_0,1263,1540.0,2.479746447025213
dev_run_0,1264,1539.0,1.765252854902722
dev_run_0,1265,1538.0,2.2771885899528814
dev_run_0,1266,1537.0,1.8040005044177998
dev_run_0,1267,1536.0,3.6688535448402044
dev_run_0,1268,1535.0,3.1244471675407874
dev_run_0,1269,1534.0,2.5440994114809548
dev_run_0,1270,1533.0,1.8461569024393085
dev_run_0,1271,1532.0,2.03248605953686
dev_run_0,1272,1531.0,2.1224866421578366
dev_run_0,1273,1530.0,1.6462233235457024
dev_run_0,1274,1529.0,5.1262860510450015
dev_run_0,1275,1528.0,2.773206843778597
dev_run_0,1276,1527.0,2.1394224673062507
dev_run_0,1277,1526.0,1.83636585699964
dev_run_0,1278,1525.0,1.8335504192707854
dev_run_0,1279,1524.0,1.8634838037671675
dev_run_0,1280,1523.0,1.9823932193408058
dev_run_0,1281,1522.0,1.875793664545641
dev_run_0,1282,1521.0,3.3132093337545228
dev_run_0,1283,1520.0,2.0659141349476378
dev_run_0,1284,1519.0,2.40868335315088
dev_run_0,1285,1518.0,2.550613205711678
dev_run_0,1286,1517.0,1.8615077650067504
dev_run_0,1287,1516.0,2.3638386131477604
dev_run_0,1288,1515.0,2.0740652902783037
dev_run_0,1289,1514.0,2.8843650046807188
dev_run_0,1290,1513.0,2.0351176169812204
dev_run_0,1291,1512.0,1.963882793989055
dev_run_0,1292,1511.0,1.9240298267202622
dev_run_0,1293,1510.0,1.7120001481411418
dev_run_0,1294,1509.0,2.2239319254373004
dev_run_0,1295,1508.0,1.929364258189406
dev_run_0,1296,1507.0,1.6795849802180918
dev_run_0,1297,1506.0,1.852910995015338
dev_run_0,1298,1505.0,2.320116157133663
dev_run_0,1299,1504.0,91.76838445619188
dev_run_0,1300,1503.0,1.7909491895317675
dev_run_0,1301,1502.0,1.637084397841901
dev_run_0,1302,1501.0,1.93279955083367
dev_run_0,1303,1500.0,2.238858908436234
dev_run_0,1304,1499.0,2.045602562821833
dev_run_0,1305,1498.0,1.8578983083652454
dev_run_0,1306,1497.0,1.7968886308225815
dev_run_0,1307,1496.0,1.7938707389768165
dev_run_0,1308,1495.0,6.827400106334427
dev_run_0,1309,1494.0,1.6936123757947565
dev_run_0,1310,1493.0,2.661248997807788
dev_run_0,1311,1492.0,2.605224939255579
dev_run_0,1312,1491.0,1.7667009147408659
dev_run_0,1313,1490.0,3.092802813088357
dev_run_0,1314,1489.0,2.5745957752784667
dev_run_0,1315,1488.0,2.5890708129817432
dev_run_0,1316,1487.0,3.422537402190623
dev_run_0,1317,1486.0,179.94646648560183
dev_run_0,1318,1485.0,148.23729558810425
dev_run_0,1319,1484.0,171.6006145658646
dev_run_0,1320,1483.0,118.96975742761167
dev_run_0,1321,1482.0,2.2244197932859953
dev_run_0,1322,1481.0,89.37288190466225
dev_run_0,1323,1480.0,3.690847194405406
dev_run_0,1324,1479.0,64.76563791235394
dev_run_0,1325,1478.0,172.42882444699936
dev_run_0,1326,1477.0,66.33013258684379
dev_run_0,1327,1476.0,1.944978047182632
dev_run_0,1328,1475.0,2.2823007358488097
dev_run_0,1329,1474.0,1.9551720318277823
dev_run_0,1330,1473.0,2.6208362662186375
dev_run_0,1331,1472.0,168.16744756185548
dev_run_0,1332,1471.0,2.5812494380825717
dev_run_0,1333,1470.0,1.7385792621286005
dev_run_0,1334,1469.0,1.809031490386212
dev_run_0,1335,1468.0,5.191224713455067
dev_run_0,1336,1467.0,2.4743698457751604
dev_run_0,1337,1466.0,2.3490084034332015
dev_run_0,1338,1465.0,2.3403291049489123
dev_run_0,1339,1464.0,2.170571432527552
dev_run_0,1340,1463.0,1.8122437836434255
dev_run_0,1341,1462.0,1.7946633938906493
dev_run_0,1342,1461.0,2.1063994191974222
dev_run_0,1343,1460.0,1.8262288830856583
dev_run_0,1344,1459.0,2.2403593739914913
dev_run_0,1345,1458.0,1.8764687693904925
dev_run_0,1346,1457.0,1.7161100455024159
dev_run_0,1347,1456.0,2.082062124893956
dev_run_0,1348,1455.0,1.9473275690849197
dev_run_0,1349,1454.0,1.8634281375852422
dev_run_0,1350,1453.0,2.0103545094538786
dev_run_0,1351,1452.0,2.0630122264363324
dev_run_0,1352,1451.0,2.7701205443137504
dev_run_0,1353,1450.0,1.9780658222594187
dev_run_0,1354,1449.0,1.8759195210424735
dev_run_0,1355,1448.0,2.237537222843141
dev_run_0,1356,1447.0,3.351988450315775
dev_run_0,1357,1446.0,2.31985291653373
dev_run_0,1358,1445.0,2.358995228839607
dev_run_0,1359,1444.0,1.8871552111039551
dev_run_0,1360,1443.0,1.7453430166203259
dev_run_0,1361,1442.0,2.595706880827837
dev_run_0,1362,1441.0,2.2984124704807773
dev_run_0,1363,1440.0,4.152544404070552
dev_run_0,1364,1439.0,2.081244181171152
dev_run_0,1365,1438.0,3.5250432452957186
dev_run_0,1366,1437.0,1.55133422566715
dev_run_0,1367,1436.0,2.1131386538451475
dev_run_0,1368,1435.0,1.9291346802329108
dev_run_0,1369,1434.0,2.4931909913706956
dev_run_0,1370,1433.0,1.6659099885350552
dev_run_0,1371,1432.0,2.3093907259185342
dev_run_0,1372,1431.0,1.7571356918029521
dev_run_0,1373,1430.0,1.9681612650933282
dev_run_0,1374,1429.0,2.061991459689367
dev_run_0,1375,1428.0,2.494181175783278
dev_run_0,1376,1427.0,2.3441196381903713
dev_run_0,1377,1426.0,2.1874159866020872
dev_run_0,1378,1425.0,1.9937603402459576
dev_run_0,1379,1424.0,2.0886491287863027
dev_run_0,1380,1423.0,2.093806386832184
dev_run_0,1381,1422.0,2.608527739329043
dev_run_0,1382,1421.0,2.293323519044717
dev_run_0,1383,1420.0,2.8002205544015455
dev_run_0,1384,1419.0,1.939618954019193
dev_run_0,1385,1418.0,2.6359574013382994
dev_run_0,1386,1417.0,2.7049644089513647
dev_run_0,1387,1416.0,2.0784700894856205
dev_run_0,1388,1415.0,2.426472733103209
dev_run_0,1389,1414.0,2.087005692026178
dev_run_0,1390,1413.0,2.2603535399072263
dev_run_0,1391,1412.0,2.263068237219279
dev_run_0,1392,1411.0,2.3449638159143054
dev_run_0,1393,1410.0,1.813985001084946
dev_run_0,1394,1409.0,1.5504935097660455
dev_run_0,1395,1408.0,1.6514944284535331
dev_run_0,1396,1407.0,2.3278673378436867
dev_run_0,1397,1406.0,2.3444516117270995
dev_run_0,1398,1405.0,2.81247790902946
dev_run_0,1399,1404.0,1.8398891019192667
dev_run_0,1400,1403.0,1.8822887158845536
dev_run_0,1401,1402.0,1.7835833091873794
dev_run_0,1402,1401.0,2.8072387538906396
dev_run_0,1403,1400.0,1.4950215622343932
dev_run_0,1404,1399.0,3.1728688467152883
dev_run_0,1405,1398.0,1.66596319527386
dev_run_0,1406,1397.0,2.1587683879112856
dev_run_0,1407,1396.0,2.8448826747668523
dev_run_0,1408,1395.0,2.433699018714007
dev_run_0,1409,1394.0,2.399070563082185
dev_run_0,1410,1393.0,3.465325573950235
dev_run_0,1411,1392.0,2.4159484714318262
dev_run_0,1412,1391.0,2.4624957429182883
dev_run_0,1413,1390.0,1.7884295118483773
dev_run_0,1414,1389.0,3.0093570484706946
dev_run_0,1415,1388.0,3.2620435491368296
dev_run_0,1416,1387.0,5.42898922764177
dev_run_0,1417,1386.0,2.236093681122035
dev_run_0,1418,1385.0,1.9802827971338257
dev_run_0,1419,1384.0,3.968130146431774
dev_run_0,1420,1383.0,1.8363440802521207
dev_run_0,1421,1382.0,3.2321576637690135
dev_run_0,1422,1381.0,6.814816382068033
dev_run_0,1423,1380.0,3.1868583593246167
dev_run_0,1424,1379.0,2.422128938680263
dev_run_0,1425,1378.0,1.4478927560350814
dev_run_0,1426,1377.0,2.0103185323966057
dev_run_0,1427,1376.0,1.420212829541001
dev_run_0,1428,1375.0,4.500868084825353
dev_run_0,1429,1374.0,3.0505773022455482
dev_run_0,1430,1373.0,1.9813540516570893
dev_run_0,1431,1372.0,2.0309275921279584
dev_run_0,1432,1371.0,1.7212943335949356
dev_run_0,1433,1370.0,2.4886432646747467
dev_run_0,1434,1369.0,11.984149803002401
dev_run_0,1435,1368.0,1.3708597988210367
dev_run_0,1436,1367.0,1.842005037194682
dev_run_0,1437,1366.0,2.1803714439863384
dev_run_0,1438,1365.0,1.5632028367445412
dev_run_0,1439,1364.0,1.6146770798916386
dev_run_0,1440,1363.0,1.9078534976350408
dev_run_0,1441,1362.0,2.2370629852240187
dev_run_0,1442,1361.0,1.9527576271352438
dev_run_0,1443,1360.0,2.030646760128488
dev_run_0,1444,1359.0,1.4403766933119642
dev_run_0,1445,1358.0,1.66127059434123
dev_run_0,1446,1357.0,2.3716610287831945
dev_run_0,1447,1356.0,1.8673253825312757
dev_run_0,1448,1355.0,2.768915188114065
dev_run_0,1449,1354.0,1.0533837748576893
dev_run_0,1450,1353.0,1.5059196161397541
dev_run_0,1451,1352.0,2.5044785714395914
dev_run_0,1452,1351.0,4.110771308690785
dev_run_0,1453,1350.0,1.9855770504748809
dev_run_0,1454,1349.0,1.3119586566975285
dev_run_0,1455,1348.0,2.424498871896322
dev_run_0,1456,1347.0,1.498724609199273
dev_run_0,1457,1346.0,1.599093084497539
dev_run_0,1458,1345.0,3.0141196038760887
dev_run_0,1459,1344.0,3.0473823491577883
dev_run_0,1460,1343.0,2.40363750278233
dev_run_0,1461,1342.0,2.351280196598741
dev_run_0,1462,1341.0,3.029612760187813
dev_run_0,1463,1340.0,1.989542923537543
dev_run_0,1464,1339.0,4.65923120293714
dev_run_0,1465,1338.0,6.425076713677034
dev_run_0,1466,1337.0,2.958898514754961
dev_run_0,1467,1336.0,2.452199281391773
dev_run_0,1468,1335.0,1.2849403649892368
dev_run_0,1469,1334.0,2.4782468230628965
dev_run_0,1470,1333.0,4.945979160962418
dev_run_0,1471,1332.0,1.3297557346175073
dev_run_0,1472,1331.0,1.8744728750313666
dev_run_0,1473,1330.0,2.3249586812035172
dev_run_0,1474,1329.0,3.0769310626669566
dev_run_0,1475,1328.0,2.1538270949082197
dev_run_0,1476,1327.0,1.9437480161334661
dev_run_0,1477,1326.0,1.9306093667590425
dev_run_0,1478,1325.0,3.331480799305788
dev_run_0,1479,1324.0,40.35531123194588
dev_run_0,1480,1323.0,2.6675301643026166
dev_run_0,1481,1322.0,1.480579401142715
dev_run_0,1482,1321.0,1.8016994399343145
dev_run_0,1483,1320.0,1.9826045707709716
dev_run_0,1484,1319.0,13.341020416913171
dev_run_0,1485,1318.0,1.4877019695337745
dev_run_0,1486,1317.0,2.608660309143187
dev_run_0,1487,1316.0,1.4242409714661535
dev_run_0,1488,1315.0,2.2359631846453234
dev_run_0,1489,1314.0,1.2129104704495042
dev_run_0,1490,1313.0,110.69045574089883
dev_run_0,1491,1312.0,1.7584172681936157
dev_run_0,1492,1311.0,3.432935415046063
dev_run_0,1493,1310.0,1.6306916617235967
dev_run_0,1494,1309.0,2.0094414251821617
dev_run_0,1495,1308.0,1.8062331644256115
dev_run_0,1496,1307.0,1.4929218923569507
dev_run_0,1497,1306.0,1.88240019141795
dev_run_0,1498,1305.0,3.7609430286003245
dev_run_0,1499,1304.0,1.2608538133595684
dev_run_0,1500,1303.0,1.5536531143292145
dev_run_0,1501,1302.0,3.042669271839023
dev_run_0,1502,1301.0,2.2157791699602596
dev_run_0,1503,1300.0,2.4836628735147794
dev_run_0,1504,1299.0,1.9887812231167472
dev_run_0,1505,1298.0,2.3698093618579827
dev_run_0,1506,1297.0,1.5710591393395732
dev_run_0,1507,1296.0,1.42605444704907
dev_run_0,1508,1295.0,1.6597450936292293
dev_run_0,1509,1294.0,1.7381136529005334
dev_run_0,1510,1293.0,2.7910265802189564
dev_run_0,1511,1292.0,1.4079283155228173
dev_run_0,1512,1291.0,2.7078655896177066
dev_run_0,1513,1290.0,2.4438759475571046
dev_run_0,1514,1289.0,3.4600828972875837
dev_run_0,1515,1288.0,2.0615455836459073
dev_run_0,1516,1287.0,1.6113572099019144
dev_run_0,1517,1286.0,2.4474379852570953
dev_run_0,1518,1285.0,1.9581726085024986
dev_run_0,1519,1284.0,1.039180518893445
dev_run_0,1520,1283.0,2.2005696043879692
dev_run_0,1521,1282.0,2.454913599832768
dev_run_0,1522,1281.0,1.9340373157510151
dev_run_0,1523,1280.0,1.1791933654767306
dev_run_0,1524,1279.0,3.103216649884002
dev_run_0,1525,1278.0,2.044764728021432
dev_run_0,1526,1277.0,2.814972592758218
dev_run_0,1527,1276.0,2.4536689223568513
dev_run_0,1528,1275.0,1.2305535505376053
dev_run_0,1529,1274.0,1.7207218150317083
dev_run_0,1530,1273.0,1.9919975405138683
dev_run_0,1531,1272.0,2.380832185265793
dev_run_0,1532,1271.0,3.103882644028865
dev_run_0,1533,1270.0,3.047941233763772
dev_run_0,1534,1269.0,2.5989139777360597
dev_run_0,1535,1268.0,1.595547313280989
dev_run_0,1536,1267.0,2.960703194513308
dev_run_0,1537,1266.0,1.803181200236536
dev_run_0,1538,1265.0,1.823965356513927
dev_run_0,1539,1264.0,2.3335297445119108
dev_run_0,1540,1263.0,2.27472599177677
dev_run_0,1541,1262.0,2.706817266816558
dev_run_0,1542,1261.0,1.7671982947275393
dev_run_0,1543,1260.0,1.6787785092382213
dev_run_0,1544,1259.0,3.1294767764822486
dev_run_0,1545,1258.0,1.5598061348463261
dev_run_0,1546,1257.0,3.6343788683923806
dev_run_0,1547,1256.0,2.8798484790332894
dev_run_0,1548,1255.0,1.560486943976197
dev_run_0,1549,1254.0,2.5446371056686443
dev_run_0,1550,1253.0,2.430880046417487
dev_run_0,1551,1252.0,1.4324766874191517
dev_run_0,1552,1251.0,5.461700661273474
dev_run_0,1553,1250.0,2.699587930177936
dev_run_0,1554,1249.0,2.4157694045669844
dev_run_0,1555,1248.0,8.280701667782273
dev_run_0,1556,1247.0,2.3618924979622715
dev_run_0,1557,1246.0,1.904966236826476
dev_run_0,1558,1245.0,2.4172873543230073
dev_run_0,1559,1244.0,1.9719057363077788
dev_run_0,1560,1243.0,3.4858101911670714
dev_run_0,1561,1242.0,1.8244385018571705
dev_run_0,1562,1241.0,3.2189931053513603
dev_run_0,1563,1240.0,2.97936186156135
dev_run_0,1564,1239.0,1.8231879163419187
dev_run_0,1565,1238.0,2.5548050814431056
dev_run_0,1566,1237.0,1.9030635813664616
dev_run_0,1567,1236.0,2.348485402838708
dev_run_0,1568,1235.0,1.3794638608686307
dev_run_0,1569,1234.0,4.200287125516345
dev_run_0,1570,1233.0,1.7910400173751924
dev_run_0,1571,1232.0,3.209387513002332
dev_run_0,1572,1231.0,3.7140247854821404
dev_run_0,1573,1230.0,3.2033751706214546
dev_run_0,1574,1229.0,1.8887943156645868
dev_run_0,1575,1228.0,2.2692025279786243
dev_run_0,1576,1227.0,1.435654291039778
dev_run_0,1577,1226.0,7.083029789875276
dev_run_0,1578,1225.0,1.6585682778298854
dev_run_0,1579,1224.0,1.8894917634948214
dev_run_0,1580,1223.0,3.604086643973485
dev_run_0,1581,1222.0,2.5678504615296838
dev_run_0,1582,1221.0,3.5860079089355446
dev_run_0,1583,1220.0,2.605662749074343
dev_run_0,1584,1219.0,8.454282399136789
dev_run_0,1585,1218.0,2.0116440608226362
dev_run_0,1586,1217.0,1.723121613590724
dev_run_0,1587,1216.0,6.217325791218847
dev_run_0,1588,1215.0,2.3166332415400293
dev_run_0,1589,1214.0,2.465325013984269
dev_run_0,1590,1213.0,3.4298725413508615
dev_run_0,1591,1212.0,2.3823876224524887
dev_run_0,1592,1211.0,2.507552192341666
dev_run_0,1593,1210.0,2.0995301830759887
dev_run_0,1594,1209.0,1.7773934965799718
dev_run_0,1595,1208.0,1.7578912631870367
dev_run_0,1596,1207.0,1.1782914674719316
dev_run_0,1597,1206.0,1.3689122893960681
dev_run_0,1598,1205.0,1.8997196056059003
dev_run_0,1599,1204.0,3.9209925613260666
dev_run_0,1600,1203.0,1.6837837347536453
dev_run_0,1601,1202.0,2.931259173844845
dev_run_0,1602,1201.0,3.8241397969103756
dev_run_0,1603,1200.0,4.635668510941132
dev_run_0,1604,1199.0,1.9530642082545018
dev_run_0,1605,1198.0,3.410911265015617
dev_run_0,1606,1197.0,1.933914862199034
dev_run_0,1607,1196.0,1.6496407333321628
dev_run_0,1608,1195.0,4.866087256697987
dev_run_0,1609,1194.0,2.1980862153712746
dev_run_0,1610,1193.0,3.8196286949839497
dev_run_0,1611,1192.0,3.571153986034659
dev_run_0,1612,1191.0,2.9042503692113066
dev_run_0,1613,1190.0,3.3923654161002816
dev_run_0,1614,1189.0,3.7193797618450026
dev_run_0,1615,1188.0,1.6586319763121669
dev_run_0,1616,1187.0,53.9011329440627
dev_run_0,1617,1186.0,3.447407970227065
dev_run_0,1618,1185.0,1.689006332338845
dev_run_0,1619,1184.0,1.470459839136018
dev_run_0,1620,1183.0,3.6859602467062276
dev_run_0,1621,1182.0,1.7430479454692147
dev_run_0,1622,1181.0,2.19048201174543
dev_run_0,1623,1180.0,1.973261251541348
dev_run_0,1624,1179.0,2.7052656996663975
dev_run_0,1625,1178.0,3.4780104456665555
dev_run_0,1626,1177.0,3.2749853377721
dev_run_0,1627,1176.0,3.0518913932726783
dev_run_0,1628,1175.0,1.5219946418065193
dev_run_0,1629,1174.0,2.870325271218877
dev_run_0,1630,1173.0,1.2508664517752555
dev_run_0,1631,1172.0,2.540171864791035
dev_run_0,1632,1171.0,1.8355270477540941
dev_run_0,1633,1170.0,4.653052911822354
dev_run_0,1634,1169.0,2.226552612703836
dev_run_0,1635,1168.0,1.9727818232972907
dev_run_0,1636,1167.0,2.781645230024142
dev_run_0,1637,1166.0,6.243418415872698
dev_run_0,1638,1165.0,5.120184366197551
dev_run_0,1639,1164.0,6.6913817935295326
dev_run_0,1640,1163.0,2.9516840449592556
dev_run_0,1641,1162.0,3.269201756801516
dev_run_0,1642,1161.0,3.02328937200678
dev_run_0,1643,1160.0,2.6320326583551146
dev_run_0,1644,1159.0,2.5159008985796794
dev_run_0,1645,1158.0,2.253846760438683
dev_run_0,1646,1157.0,2.6519370203640427
dev_run_0,1647,1156.0,3.444388013567709
dev_run_0,1648,1155.0,2.488057368187511
dev_run_0,1649,1154.0,3.7190420999770915
dev_run_0,1650,1153.0,4.751298227320689
dev_run_0,1651,1152.0,2.2154928663798246
dev_run_0,1652,1151.0,2.5914355868467736
dev_run_0,1653,1150.0,3.8670472838548546
dev_run_0,1654,1149.0,1.7433208617225504
dev_run_0,1655,1148.0,4.265515137867402
dev_run_0,1656,1147.0,4.8880507383509055
dev_run_0,1657,1146.0,7.599265688277905
dev_run_0,1658,1145.0,3.1247320686079125
dev_run_0,1659,1144.0,4.527503034466944
dev_run_0,1660,1143.0,2.0549230842883555
dev_run_0,1661,1142.0,1.9762213773962778
dev_run_0,1662,1141.0,3.8135151862786905
dev_run_0,1663,1140.0,3.2060295023630316
dev_run_0,1664,1139.0,4.493568169506391
dev_run_0,1665,1138.0,3.1437528390929037
dev_run_0,1666,1137.0,4.438309981414499
dev_run_0,1667,1136.0,3.5570705857065095
dev_run_0,1668,1135.0,2.9362666511685225
dev_run_0,1669,1134.0,5.454140971017081
dev_run_0,1670,1133.0,6.128848566414798
dev_run_0,1671,1132.0,3.1527409563584694
dev_run_0,1672,1131.0,3.6680966437183207
dev_run_0,1673,1130.0,2.3265875280312494
dev_run_0,1674,1129.0,3.408450093895005
dev_run_0,1675,1128.0,2.035019711982769
dev_run_0,1676,1127.0,2.61240210344128
dev_run_0,1677,1126.0,3.2974921212511914
dev_run_0,1678,1125.0,6.625356833416568
dev_run_0,1679,1124.0,1.9808870678001629
dev_run_0,1680,1123.0,2.2529858586023854
dev_run_0,1681,1122.0,4.710325261479515
dev_run_0,1682,1121.0,2.7415998846353515
dev_run_0,1683,1120.0,3.176369528641871
dev_run_0,1684,1119.0,3.167369386625418
dev_run_0,1685,1118.0,2.6017039718925066
dev_run_0,1686,1117.0,3.001339215757814
dev_run_0,1687,1116.0,3.4039665823697107
dev_run_0,1688,1115.0,3.4225109998025465
dev_run_0,1689,1114.0,2.2873493873543804
dev_run_0,1690,1113.0,4.298491538831895
dev_run_0,1691,1112.0,3.445284877726132
dev_run_0,1692,1111.0,2.843296676232087
dev_run_0,1693,1110.0,6.776035477468833
dev_run_0,1694,1109.0,2.2538308467255836
dev_run_0,1695,1108.0,3.7212139938437554
dev_run_0,1696,1107.0,3.1776048279877624
dev_run_0,1697,1106.0,1.8021789805509365
dev_run_0,1698,1105.0,2.3840135363406807
dev_run_0,1699,1104.0,1.820462176968085
dev_run_0,1700,1103.0,3.2146309294911184
dev_run_0,1701,1102.0,4.6485609489740725
dev_run_0,1702,1101.0,2.2006402869888304
dev_run_0,1703,1100.0,3.6463834696732818
dev_run_0,1704,1099.0,4.296853907838558
dev_run_0,1705,1098.0,3.025847511045945
dev_run_0,1706,1097.0,8.09359805483663
dev_run_0,1707,1096.0,3.7727701619570846
dev_run_0,1708,1095.0,1.860770750439998
dev_run_0,1709,1094.0,2.7422044244842687
dev_run_0,1710,1093.0,4.260131352587587
dev_run_0,1711,1092.0,2.301218442615535
dev_run_0,1712,1091.0,2.224134833991731
dev_run_0,1713,1090.0,1.5610311008181181
dev_run_0,1714,1089.0,2.9395260092289854
dev_run_0,1715,1088.0,4.21418361794922
dev_run_0,1716,1087.0,2.5446003131681625
dev_run_0,1717,1086.0,3.1579943581796566
dev_run_0,1718,1085.0,3.2753761174625593
dev_run_0,1719,1084.0,4.131604881885488
dev_run_0,1720,1083.0,2.1093105503040075
dev_run_0,1721,1082.0,2.210019253059708
dev_run_0,1722,1081.0,3.077801903811474
dev_run_0,1723,1080.0,4.425509101035589
dev_run_0,1724,1079.0,3.539712558016388
dev_run_0,1725,1078.0,2.814179635425705
dev_run_0,1726,1077.0,2.470371263566499
dev_run_0,1727,1076.0,3.550735377279215
dev_run_0,1728,1075.0,3.475437582648534
dev_run_0,1729,1074.0,2.332319758593539
dev_run_0,1730,1073.0,1.8581333505449789
dev_run_0,1731,1072.0,1.9196041726492248
dev_run_0,1732,1071.0,4.231268025354906
dev_run_0,1733,1070.0,4.007923839755935
dev_run_0,1734,1069.0,1.935210290146702
dev_run_0,1735,1068.0,3.494588356913958
dev_run_0,1736,1067.0,2.723170117860655
dev_run_0,1737,1066.0,1.9967311172855389
dev_run_0,1738,1065.0,2.69916891994986
dev_run_0,1739,1064.0,2.306076649800595
dev_run_0,1740,1063.0,2.951341520938713
dev_run_0,1741,1062.0,17.01253972013803
dev_run_0,1742,1061.0,5.069242991403809
dev_run_0,1743,1060.0,4.69703042762413
dev_run_0,1744,1059.0,2.345929129229005
dev_run_0,1745,1058.0,4.148570302867848
dev_run_0,1746,1057.0,4.403575789533737
dev_run_0,1747,1056.0,2.3841075062057757
dev_run_0,1748,1055.0,6.3339440840221615
dev_run_0,1749,1054.0,2.297018339158741
dev_run_0,1750,1053.0,3.1636722424416472
dev_run_0,1751,1052.0,5.0484119818607605
dev_run_0,1752,1051.0,2.599489900452875
dev_run_0,1753,1050.0,1.7737140969392349
dev_run_0,1754,1049.0,4.02183653264994
dev_run_0,1755,1048.0,3.053431127296586
dev_run_0,1756,1047.0,6.726520990700304
dev_run_0,1757,1046.0,4.235079666856897
dev_run_0,1758,1045.0,2.410308677309484
dev_run_0,1759,1044.0,3.6208087974341217
dev_run_0,1760,1043.0,2.5369882305592872
dev_run_0,1761,1042.0,3.417832640488583
dev_run_0,1762,1041.0,2.412972733851601
dev_run_0,1763,1040.0,4.306999460361001
dev_run_0,1764,1039.0,2.3445876817887323
dev_run_0,1765,1038.0,4.3052324963908335
dev_run_0,1766,1037.0,2.9330639396820546
dev_run_0,1767,1036.0,6.126140682089676
dev_run_0,1768,1035.0,3.281020145286304
dev_run_0,1769,1034.0,3.430076907570119
dev_run_0,1770,1033.0,3.4011313946053825
dev_run_0,1771,1032.0,3.8764875907390888
dev_run_0,1772,1031.0,3.153872677658427
dev_run_0,1773,1030.0,2.4402460057774116
dev_run_0,1774,1029.0,2.867944629762172
dev_run_0,1775,1028.0,6.684803932384002
dev_run_0,1776,1027.0,2.7590959015215475
dev_run_0,1777,1026.0,3.289458715988278
dev_run_0,1778,1025.0,2.604409257126549
dev_run_0,1779,1024.0,2.9793962149426645
dev_run_0,1780,1023.0,2.3588302104225045
dev_run_0,1781,1022.0,3.3437411932958114
dev_run_0,1782,1021.0,2.264774171018286
dev_run_0,1783,1020.0,2.2221569292896506
dev_run_0,1784,1019.0,5.57496637976809
dev_run_0,1785,1018.0,1.798954186228095
dev_run_0,1786,1017.0,4.528807779108579
dev_run_0,1787,1016.0,2.353964364160814
dev_run_0,1788,1015.0,4.602640420072898
dev_run_0,1789,1014.0,4.298305341458462
dev_run_0,1790,1013.0,2.882649858623854
dev_run_0,1791,1012.0,3.167289274356922
dev_run_0,1792,1011.0,4.86891995568585
dev_run_0,1793,1010.0,2.7699835678866545
dev_run_0,1794,1009.0,4.045383850611135
dev_run_0,1795,1008.0,4.833221609886165
dev_run_0,1796,1007.0,3.1963613438756235
dev_run_0,1797,1006.0,1.6521775604108306
dev_run_0,1798,1005.0,3.2501859229967978
dev_run_0,1799,1004.0,3.244147222599041
dev_run_0,1800,1003.0,2.866537085060713
dev_run_0,1801,1002.0,3.7647002314632507
dev_run_0,1802,1001.0,4.926890219777713
dev_run_0,1803,1000.0,1.304510403878285
dev_run_0,1804,999.0,3.561941453003591
dev_run_0,1805,998.0,2.8514042569325606
dev_run_0,1806,997.0,4.274239617218287
dev_run_0,1807,996.0,3.907527792068225
dev_run_0,1808,995.0,3.3023403677511434
dev_run_0,1809,994.0,2.8462669621832672
dev_run_0,1810,993.0,2.1182942110513805
dev_run_0,1811,992.0,5.392322006375842
dev_run_0,1812,991.0,2.9253565961440526
dev_run_0,1813,990.0,2.5745445214824523
dev_run_0,1814,989.0,8.936196648611384
dev_run_0,1815,988.0,3.487253838969211
dev_run_0,1816,987.0,3.620906439082778
dev_run_0,1817,986.0,2.57344005890283
dev_run_0,1818,985.0,3.5492737898095292
dev_run_0,1819,984.0,2.065532192140645
dev_run_0,1820,983.0,2.1844362051620383
dev_run_0,1821,982.0,3.5934327746839494
dev_run_0,1822,981.0,2.51042674743794
dev_run_0,1823,980.0,7.580467968894956
dev_run_0,1824,979.0,3.4763945662246423
dev_run_0,1825,978.0,8.460574688844577
dev_run_0,1826,977.0,4.877638997610607
dev_run_0,1827,976.0,2.0374810548638393
dev_run_0,1828,975.0,2.410784692663524
dev_run_0,1829,974.0,4.087611694331025
dev_run_0,1830,973.0,2.328318753085959
dev_run_0,1831,972.0,3.668765232241712
dev_run_0,1832,971.0,2.9413223955491157
dev_run_0,1833,970.0,3.3169849594725838
dev_run_0,1834,969.0,1.8548179007012262
dev_run_0,1835,968.0,2.485766914008325
dev_run_0,1836,967.0,2.7565151277854674
dev_run_0,1837,966.0,5.6288315916751985
dev_run_0,1838,965.0,2.995977367682557
dev_run_0,1839,964.0,4.845655781323918
dev_run_0,1840,963.0,2.7178534518102246
dev_run_0,1841,962.0,4.222913096555727
dev_run_0,1842,961.0,5.1018123487161
dev_run_0,1843,960.0,5.335380882989676
dev_run_0,1844,959.0,3.5895460675087314
dev_run_0,1845,958.0,5.172243910192213
dev_run_0,1846,957.0,3.1163145150465033
dev_run_0,1847,956.0,3.130165565241915
dev_run_0,1848,955.0,6.6380294414647265
dev_run_0,1849,954.0,4.72343199114151
dev_run_0,1850,953.0,2.6978554837432496
dev_run_0,1851,952.0,2.761919752907878
dev_run_0,1852,951.0,2.3761251239756533
dev_run_0,1853,950.0,2.9358473115788475
dev_run_0,1854,949.0,3.4384660622718615
dev_run_0,1855,948.0,5.001078806314197
dev_run_0,1856,947.0,2.4948557264377427
dev_run_0,1857,946.0,4.2433418730300385
dev_run_0,1858,945.0,7.913810590981642
dev_run_0,1859,944.0,5.614776746242884
dev_run_0,1860,943.0,2.5333492737403684
dev_run_0,1861,942.0,3.9945870008021034
dev_run_0,1862,941.0,3.3183036255105423
dev_run_0,1863,940.0,3.207352931480603
dev_run_0,1864,939.0,4.908156471158957
dev_run_0,1865,938.0,3.9862057336959027
dev_run_0,1866,937.0,3.6162388040867066
dev_run_0,1867,936.0,3.473288967130471
dev_run_0,1868,935.0,4.649666100852528
dev_run_0,1869,934.0,2.723070755573711
dev_run_0,1870,933.0,3.6747996624861914
dev_run_0,1871,932.0,7.3487669702486755
dev_run_0,1872,931.0,3.5564938593640454
dev_run_0,1873,930.0,3.619126605324432
dev_run_0,1874,929.0,2.821814276138019
dev_run_0,1875,928.0,3.96619800783051
dev_run_0,1876,927.0,4.669638906413083
dev_run_0,1877,926.0,7.1318355458986975
dev_run_0,1878,925.0,3.0604972630386724
dev_run_0,1879,924.0,2.568240811805304
dev_run_0,1880,923.0,3.093812635268876
dev_run_0,1881,922.0,6.797164827679014
dev_run_0,1882,921.0,5.020607776841502
dev_run_0,1883,920.0,2.4978508655430116
dev_run_0,1884,919.0,5.8208094740576986
dev_run_0,1885,918.0,3.160569432365763
dev_run_0,1886,917.0,2.1982448154445287
dev_run_0,1887,916.0,6.780186273915483
dev_run_0,1888,915.0,3.8735482227459244
dev_run_0,1889,914.0,4.4239489232233735
dev_run_0,1890,913.0,4.022974760814078
dev_run_0,1891,912.0,2.554697469581674
dev_run_0,1892,911.0,3.9092051760373274
dev_run_0,1893,910.0,3.9180193013310487
dev_run_0,1894,909.0,3.4913896160443785
dev_run_0,1895,908.0,1.9624609327346996
dev_run_0,1896,907.0,4.155259281666281
dev_run_0,1897,906.0,4.630673324716511
dev_run_0,1898,905.0,6.758200278975669
dev_run_0,1899,904.0,3.4000434513449065
dev_run_0,1900,903.0,8.40841552629428
dev_run_0,1901,902.0,2.0399958662963082
dev_run_0,1902,901.0,4.389832358555348
dev_run_0,1903,900.0,4.114341051054041
dev_run_0,1904,899.0,4.06455765004736
dev_run_0,1905,898.0,4.254650008538905
dev_run_0,1906,897.0,3.33429597676217
dev_run_0,1907,896.0,2.824693763477363
dev_run_0,1908,895.0,2.632972701526458
dev_run_0,1909,894.0,4.7542250147190845
dev_run_0,1910,893.0,3.746542316442458
dev_run_0,1911,892.0,4.480451915252591
dev_run_0,1912,891.0,3.9079688349742066
dev_run_0,1913,890.0,3.5684500047844407
dev_run_0,1914,889.0,2.2479751071679743
dev_run_0,1915,888.0,2.7935027193307054
dev_run_0,1916,887.0,3.1088809073255006
dev_run_0,1917,886.0,1.9745768400251678
dev_run_0,1918,885.0,2.54024567325564
dev_run_0,1919,884.0,2.229306794507358
dev_run_0,1920,883.0,2.470250528022061
dev_run_0,1921,882.0,2.7101241371589793
dev_run_0,1922,881.0,3.6111470299955437
dev_run_0,1923,880.0,7.192965394562445
dev_run_0,1924,879.0,6.973804638062555
dev_run_0,1925,878.0,3.9369903600495357
dev_run_0,1926,877.0,3.759278540924695
dev_run_0,1927,876.0,4.036062509642993
dev_run_0,1928,875.0,3.3919661723220984
dev_run_0,1929,874.0,2.61095324686901
dev_run_0,1930,873.0,2.91973922471431
dev_run_0,1931,872.0,3.4407576966947317
dev_run_0,1932,871.0,6.365313524333134
dev_run_0,1933,870.0,5.520680970346144
dev_run_0,1934,869.0,3.7740441388527595
dev_run_0,1935,868.0,6.798741601382739
dev_run_0,1936,867.0,4.0066767144174475
dev_run_0,1937,866.0,8.634004155577458
dev_run_0,1938,865.0,3.1773142078905376
dev_run_0,1939,864.0,3.3370437867376026
dev_run_0,1940,863.0,2.5980960732085876
dev_run_0,1941,862.0,17.494736394922192
dev_run_0,1942,861.0,3.2018602513603867
dev_run_0,1943,860.0,7.013042287056467
dev_run_0,1944,859.0,5.694702887302425
dev_run_0,1945,858.0,4.944636437723035
dev_run_0,1946,857.0,4.186497802216974
dev_run_0,1947,856.0,3.8878293136478503
dev_run_0,1948,855.0,4.276230373238549
dev_run_0,1949,854.0,4.388631409175918
dev_run_0,1950,853.0,2.078275126499231
dev_run_0,1951,852.0,2.7665260657901167
dev_run_0,1952,851.0,3.5494344995816496
dev_run_0,1953,850.0,7.995921446749253
dev_run_0,1954,849.0,2.0799370643161623
dev_run_0,1955,848.0,5.399881178987021
dev_run_0,1956,847.0,3.2622079124448655
dev_run_0,1957,846.0,4.635670426653729
dev_run_0,1958,845.0,3.463672335842566
dev_run_0,1959,844.0,4.369660397436986
dev_run_0,1960,843.0,8.171237937312451
dev_run_0,1961,842.0,4.193691780873029
dev_run_0,1962,841.0,6.453614994236368
dev_run_0,1963,840.0,4.035551384270784
dev_run_0,1964,839.0,3.3682192038526524
dev_run_0,1965,838.0,6.037982260071065
dev_run_0,1966,837.0,2.9601004269621964
dev_run_0,1967,836.0,2.9358712680522823
dev_run_0,1968,835.0,3.6966601175249636
dev_run_0,1969,834.0,5.0350849534127935
dev_run_0,1970,833.0,3.367452386454237
dev_run_0,1971,832.0,3.297556717793351
dev_run_0,1972,831.0,2.6405041825966142
dev_run_0,1973,830.0,5.431198696671844
dev_run_0,1974,829.0,4.715834197201896
dev_run_0,1975,828.0,3.611859790562172
dev_run_0,1976,827.0,2.7206893741944835
dev_run_0,1977,826.0,3.4622520198514146
dev_run_0,1978,825.0,7.089917773477969
dev_run_0,1979,824.0,4.339729254084281
dev_run_0,1980,823.0,5.752272492980206
dev_run_0,1981,822.0,5.8835251271857185
dev_run_0,1982,821.0,3.6321409386987007
dev_run_0,1983,820.0,3.254658167744725
dev_run_0,1984,819.0,7.239420873112932
dev_run_0,1985,818.0,3.9350813224497507
dev_run_0,1986,817.0,6.23115548788251
dev_run_0,1987,816.0,2.7231976282389736
dev_run_0,1988,815.0,6.953020375050118
dev_run_0,1989,814.0,6.529267012043633
dev_run_0,1990,813.0,3.8820376978967075
dev_run_0,1991,812.0,3.760532882477431
dev_run_0,1992,811.0,2.8567140729974816
dev_run_0,1993,810.0,6.0368481042090405
dev_run_0,1994,809.0,2.5671852860204227
dev_run_0,1995,808.0,6.404966681697623
dev_run_0,1996,807.0,2.777648688509766
dev_run_0,1997,806.0,4.4955532414486985
dev_run_0,1998,805.0,3.9243966244120494
dev_run_0,1999,804.0,3.5579585193649472
dev_run_0,2000,803.0,3.1479587129860844
dev_run_0,2001,802.0,3.9797416181585694
dev_run_0,2002,801.0,3.427248982822988
dev_run_0,2003,800.0,6.543843442523152
dev_run_0,2004,799.0,5.414876096194439
dev_run_0,2005,798.0,3.9300306821330855
dev_run_0,2006,797.0,9.786948785631447
dev_run_0,2007,796.0,1.672015195468673
dev_run_0,2008,795.0,2.8294774878932785
dev_run_0,2009,794.0,5.195925035502327
dev_run_0,2010,793.0,3.582375527959006
dev_run_0,2011,792.0,3.339032008257327
dev_run_0,2012,791.0,3.9240785685716446
dev_run_0,2013,790.0,7.410551739044648
dev_run_0,2014,789.0,3.227659660113487
dev_run_0,2015,788.0,3.8311959574617744
dev_run_0,2016,787.0,4.98761696986087
dev_run_0,2017,786.0,4.4456284157802965
dev_run_0,2018,785.0,6.199795123328985
dev_run_0,2019,784.0,8.855178284947911
dev_run_0,2020,783.0,3.796193642434358
dev_run_0,2021,782.0,4.239136370149345
dev_run_0,2022,781.0,4.332083803137822
dev_run_0,2023,780.0,5.06230244646543
dev_run_0,2024,779.0,6.456413839162853
dev_run_0,2025,778.0,6.282966986896101
dev_run_0,2026,777.0,5.783889160635712
dev_run_0,2027,776.0,4.497860301346124
dev_run_0,2028,775.0,5.5451099804533746
dev_run_0,2029,774.0,3.3403023068454423
dev_run_0,2030,773.0,4.9915044411689244
dev_run_0,2031,772.0,3.3367437019900046
dev_run_0,2032,771.0,3.4270504652999874
dev_run_0,2033,770.0,4.13535312451459
dev_run_0,2034,769.0,7.686207834409198
dev_run_0,2035,768.0,6.244049036433482
dev_run_0,2036,767.0,3.6296798695322336
dev_run_0,2037,766.0,3.4426266229855087
dev_run_0,2038,765.0,5.8340149390187275
dev_run_0,2039,764.0,2.73763710245979
dev_run_0,2040,763.0,2.229342176450728
dev_run_0,2041,762.0,3.6151380403801845
dev_run_0,2042,761.0,3.947785635416758
dev_run_0,2043,760.0,4.898316896779172
dev_run_0,2044,759.0,5.959832239168192
dev_run_0,2045,758.0,4.274519062567143
dev_run_0,2046,757.0,4.464438056608536
dev_run_0,2047,756.0,6.7633223416026125
dev_run_0,2048,755.0,7.307724435173531
dev_run_0,2049,754.0,5.875067264414442
dev_run_0,2050,753.0,3.243321857476271
dev_run_0,2051,752.0,3.4917744729319615
dev_run_0,2052,751.0,5.684129269754062
dev_run_0,2053,750.0,4.78163859094246
dev_run_0,2054,749.0,11.607021686703469
dev_run_0,2055,748.0,5.971469393630011
dev_run_0,2056,747.0,3.325063172300271
dev_run_0,2057,746.0,3.8522023781258645
dev_run_0,2058,745.0,5.318787236890742
dev_run_0,2059,744.0,3.9027355204359266
dev_run_0,2060,743.0,7.1757416716327995
dev_run_0,2061,742.0,4.228207625757241
dev_run_0,2062,741.0,5.734604035656172
dev_run_0,2063,740.0,9.52376712808086
dev_run_0,2064,739.0,4.537980484412066
dev_run_0,2065,738.0,2.8778556942015685
dev_run_0,2066,737.0,4.288137865161467
dev_run_0,2067,736.0,5.40604524776084
dev_run_0,2068,735.0,5.681603905220421
dev_run_0,2069,734.0,2.4809245643657283
dev_run_0,2070,733.0,4.196654467386148
dev_run_0,2071,732.0,4.425022385774805
dev_run_0,2072,731.0,6.33605839611387
dev_run_0,2073,730.0,4.123038863680687
dev_run_0,2074,729.0,5.622392545125641
dev_run_0,2075,728.0,3.324562324609963
dev_run_0,2076,727.0,3.45703500470779
dev_run_0,2077,726.0,3.44619909709553
dev_run_0,2078,725.0,4.151971091215098
dev_run_0,2079,724.0,5.850027642399973
dev_run_0,2080,723.0,4.833679095958252
dev_run_0,2081,722.0,4.736431630086882
dev_run_0,2082,721.0,6.303220884782943
dev_run_0,2083,720.0,4.34154296417956
dev_run_0,2084,719.0,3.6760695533754593
dev_run_0,2085,718.0,3.008076282060944
dev_run_0,2086,717.0,5.605424754761299
dev_run_0,2087,716.0,4.657469309002934
dev_run_0,2088,715.0,6.835274834591952
dev_run_0,2089,714.0,3.159024762299528
dev_run_0,2090,713.0,2.756562852863298
dev_run_0,2091,712.0,5.036548908896817
dev_run_0,2092,711.0,3.6998753524239625
dev_run_0,2093,710.0,5.89247905303929
dev_run_0,2094,709.0,2.6226061878020035
dev_run_0,2095,708.0,3.296891162570445
dev_run_0,2096,707.0,2.2442001427840066
dev_run_0,2097,706.0,4.249746097053442
dev_run_0,2098,705.0,4.032102356398594
dev_run_0,2099,704.0,4.7602089082365815
dev_run_0,2100,703.0,3.593848239811699
dev_run_0,2101,702.0,4.315254296582276
dev_run_0,2102,701.0,4.228658453183962
dev_run_0,2103,700.0,6.406852503339084
dev_run_0,2104,699.0,5.1846496079898206
dev_run_0,2105,698.0,4.459754392193947
dev_run_0,2106,697.0,5.137773829886623
dev_run_0,2107,696.0,4.500976940423404
dev_run_0,2108,695.0,4.516586781975247
dev_run_0,2109,694.0,4.423282499121251
dev_run_0,2110,693.0,4.386762214979092
dev_run_0,2111,692.0,4.294801807482253
dev_run_0,2112,691.0,3.137550078653726
dev_run_0,2113,690.0,4.160363682012084
dev_run_0,2114,689.0,2.8466233842483635
dev_run_0,2115,688.0,8.797170288659746
dev_run_0,2116,687.0,5.645099549659224
dev_run_0,2117,686.0,8.763254154896057
dev_run_0,2118,685.0,6.6959512498546685
dev_run_0,2119,684.0,2.8753919006045163
dev_run_0,2120,683.0,4.8399139114857235
dev_run_0,2121,682.0,4.426940008848698
dev_run_0,2122,681.0,3.4459082584327114
dev_run_0,2123,680.0,9.070612262974738
dev_run_0,2124,679.0,3.62551270383166
dev_run_0,2125,678.0,4.448666092453959
dev_run_0,2126,677.0,4.817518178286935
dev_run_0,2127,676.0,5.009488676150434
dev_run_0,2128,675.0,4.659439272319911
dev_run_0,2129,674.0,4.491256701354588
dev_run_0,2130,673.0,4.635764681850443
dev_run_0,2131,672.0,3.8856757061704412
dev_run_0,2132,671.0,4.489279267684042
dev_run_0,2133,670.0,4.096470717771595
dev_run_0,2134,669.0,4.087766425473947
dev_run_0,2135,668.0,3.8996511761801984
dev_run_0,2136,667.0,7.325212773517379
dev_run_0,2137,666.0,3.8370767635312197
dev_run_0,2138,665.0,5.097914428116736
dev_run_0,2139,664.0,3.4366448316139526
dev_run_0,2140,663.0,4.138854741682365
dev_run_0,2141,662.0,11.183109484431009
dev_run_0,2142,661.0,8.614824259083809
dev_run_0,2143,660.0,3.1911526189432315
dev_run_0,2144,659.0,3.088770591460505
dev_run_0,2145,658.0,3.9110946436873184
dev_run_0,2146,657.0,6.286513056804739
dev_run_0,2147,656.0,5.74926214021395
dev_run_0,2148,655.0,4.805333088731822
dev_run_0,2149,654.0,4.490594626582304
dev_run_0,2150,653.0,4.672271081970123
dev_run_0,2151,652.0,3.7582963720387035
dev_run_0,2152,651.0,27.343945333936762
dev_run_0,2153,650.0,4.857223974211714
dev_run_0,2154,649.0,4.7965734005003835
dev_run_0,2155,648.0,4.817735010578682
dev_run_0,2156,647.0,5.236315043512999
dev_run_0,2157,646.0,6.45038640435128
dev_run_0,2158,645.0,6.153913167731158
dev_run_0,2159,644.0,4.378538071125613
dev_run_0,2160,643.0,3.710723082272076
dev_run_0,2161,642.0,7.840791812756278
dev_run_0,2162,641.0,5.018670573762657
dev_run_0,2163,640.0,3.6723614806140032
dev_run_0,2164,639.0,3.993893613485927
dev_run_0,2165,638.0,3.8112745986663654
dev_run_0,2166,637.0,13.148344168768995
dev_run_0,2167,636.0,6.965488731205878
dev_run_0,2168,635.0,5.9334612835778415
dev_run_0,2169,634.0,3.3482294717662655
dev_run_0,2170,633.0,4.618212360314542
dev_run_0,2171,632.0,5.610951629742537
dev_run_0,2172,631.0,2.7440171438153897
dev_run_0,2173,630.0,4.85281561611344
dev_run_0,2174,629.0,4.824623906408391
dev_run_0,2175,628.0,4.12402563894009
dev_run_0,2176,627.0,2.9121145540886966
dev_run_0,2177,626.0,4.319132337561419
dev_run_0,2178,625.0,5.075697899429171
dev_run_0,2179,624.0,5.878092655334213
dev_run_0,2180,623.0,3.4200863617984916
dev_run_0,2181,622.0,3.6977232902403196
dev_run_0,2182,621.0,3.4590383372212705
dev_run_0,2183,620.0,4.843552948248939
dev_run_0,2184,619.0,6.168795647226533
dev_run_0,2185,618.0,4.382573061498386
dev_run_0,2186,617.0,3.994711381516697
dev_run_0,2187,616.0,5.390236783271953
dev_run_0,2188,615.0,5.278796101889966
dev_run_0,2189,614.0,2.9517890283632173
dev_run_0,2190,613.0,3.8907415014989537
dev_run_0,2191,612.0,4.512845522019766
dev_run_0,2192,611.0,6.731392047746732
dev_run_0,2193,610.0,4.082356342597967
dev_run_0,2194,609.0,4.648220776385501
dev_run_0,2195,608.0,4.377933162397781
dev_run_0,2196,607.0,4.29585782485753
dev_run_0,2197,606.0,10.083112529717836
dev_run_0,2198,605.0,5.1292003890528886
dev_run_0,2199,604.0,3.7763463245848667
dev_run_0,2200,603.0,4.3280410810870125
dev_run_0,2201,602.0,4.91788681346152
dev_run_0,2202,601.0,3.661629183496246
dev_run_0,2203,600.0,6.3007456082765625
dev_run_0,2204,599.0,6.563581647947643
dev_run_0,2205,598.0,8.26267551312592
dev_run_0,2206,597.0,15.424777154644744
dev_run_0,2207,596.0,4.398639213929683
dev_run_0,2208,595.0,5.211830432236691
dev_run_0,2209,594.0,4.673622248133923
dev_run_0,2210,593.0,6.554990656027243
dev_run_0,2211,592.0,2.6841917508624373
dev_run_0,2212,591.0,2.7992661109656494
dev_run_0,2213,590.0,7.256655167501306
dev_run_0,2214,589.0,3.076311029166843
dev_run_0,2215,588.0,3.3700740497433666
dev_run_0,2216,587.0,3.566507505532921
dev_run_0,2217,586.0,5.332592722990688
dev_run_0,2218,585.0,4.230013912460833
dev_run_0,2219,584.0,3.8568198916011625
dev_run_0,2220,583.0,3.990107731744554
dev_run_0,2221,582.0,6.210477889508917
dev_run_0,2222,581.0,6.378194521616698
dev_run_0,2223,580.0,4.68223769340282
dev_run_0,2224,579.0,9.264658342809804
dev_run_0,2225,578.0,5.008151566915982
dev_run_0,2226,577.0,7.127327392098468
dev_run_0,2227,576.0,4.418912730341313
dev_run_0,2228,575.0,4.333063075946861
dev_run_0,2229,574.0,5.068732582741765
dev_run_0,2230,573.0,11.447091217392664
dev_run_0,2231,572.0,4.350592311694075
dev_run_0,2232,571.0,8.337145493129464
dev_run_0,2233,570.0,4.827701947000678
dev_run_0,2234,569.0,3.912671697101218
dev_run_0,2235,568.0,2.6231367712418754
dev_run_0,2236,567.0,5.111642909803324
dev_run_0,2237,566.0,8.029408882096805
dev_run_0,2238,565.0,3.8923238590988865
dev_run_0,2239,564.0,5.482549155535972
dev_run_0,2240,563.0,5.3181039790254285
dev_run_0,2241,562.0,4.5122313054720395
dev_run_0,2242,561.0,6.191857164515532
dev_run_0,2243,560.0,5.31543766596098
dev_run_0,2244,559.0,3.5866553965089936
dev_run_0,2245,558.0,3.688650849381961
dev_run_0,2246,557.0,14.38624356923863
dev_run_0,2247,556.0,6.326888521922696
dev_run_0,2248,555.0,4.174231737591759
dev_run_0,2249,554.0,8.684518659437689
dev_run_0,2250,553.0,6.0935854251333925
dev_run_0,2251,552.0,4.742634131511107
dev_run_0,2252,551.0,8.422057318456696
dev_run_0,2253,550.0,4.850870742013346
dev_run_0,2254,549.0,6.791070472192489
dev_run_0,2255,548.0,4.151296653578262
dev_run_0,2256,547.0,12.945034971264118
dev_run_0,2257,546.0,10.00435126937033
dev_run_0,2258,545.0,5.7848013332960395
dev_run_0,2259,544.0,12.555045061848014
dev_run_0,2260,543.0,4.471591232611648
dev_run_0,2261,542.0,6.203157651322743
dev_run_0,2262,541.0,8.88457742092753
dev_run_0,2263,540.0,3.7673176736572906
dev_run_0,2264,539.0,6.007273198848802
dev_run_0,2265,538.0,4.166764263772995
dev_run_0,2266,537.0,3.8468125038741228
dev_run_0,2267,536.0,4.0133997295064585
dev_run_0,2268,535.0,2.9106244504236014
dev_run_0,2269,534.0,4.530334113072559
dev_run_0,2270,533.0,7.732991067471135
dev_run_0,2271,532.0,9.568271244697495
dev_run_0,2272,531.0,4.955574277311433
dev_run_0,2273,530.0,13.59253501166204
dev_run_0,2274,529.0,8.286312644335537
dev_run_0,2275,528.0,5.16826018065604
dev_run_0,2276,527.0,3.530951529559418
dev_run_0,2277,526.0,8.498395423110342
dev_run_0,2278,525.0,3.238476697371812
dev_run_0,2279,524.0,7.254154424700364
dev_run_0,2280,523.0,8.284765686982999
dev_run_0,2281,522.0,3.6558717219270647
dev_run_0,2282,521.0,4.924118878442941
dev_run_0,2283,520.0,5.288698687077085
dev_run_0,2284,519.0,7.8242025649323725
dev_run_0,2285,518.0,5.825007663428378
dev_run_0,2286,517.0,8.180643217940537
dev_run_0,2287,516.0,4.3180446675568565
dev_run_0,2288,515.0,4.587349768353278
dev_run_0,2289,514.0,5.600642186668545
dev_run_0,2290,513.0,3.9110747863958673
dev_run_0,2291,512.0,12.003791238436177
dev_run_0,2292,511.0,7.020485362775186
dev_run_0,2293,510.0,4.6860137324679805
dev_run_0,2294,509.0,4.2163216759599065
dev_run_0,2295,508.0,4.554918590917073
dev_run_0,2296,507.0,6.806862161209452
dev_run_0,2297,506.0,5.4147505907201605
dev_run_0,2298,505.0,22.029028357471717
dev_run_0,2299,504.0,5.889764702974884
dev_run_0,2300,503.0,5.515964124652491
dev_run_0,2301,502.0,4.212941696966815
dev_run_0,2302,501.0,6.379105741570452
dev_run_0,2303,500.0,5.274894915096961
dev_run_0,2304,499.0,5.175036541405591
dev_run_0,2305,498.0,4.594245424290678
dev_run_0,2306,497.0,4.148771143151175
dev_run_0,2307,496.0,5.030609870340186
dev_run_0,2308,495.0,7.176260122946104
dev_run_0,2309,494.0,10.366981264401403
dev_run_0,2310,493.0,7.176735137709509
dev_run_0,2311,492.0,12.050385724954847
dev_run_0,2312,491.0,4.682965166688465
dev_run_0,2313,490.0,12.741279123694474
dev_run_0,2314,489.0,5.964310442082484
dev_run_0,2315,488.0,3.6525209851779317
dev_run_0,2316,487.0,6.368197605989257
dev_run_0,2317,486.0,3.960765396183107
dev_run_0,2318,485.0,6.293657721089895
dev_run_0,2319,484.0,6.842078516913856
dev_run_0,2320,483.0,4.180462392785811
dev_run_0,2321,482.0,3.8697909180813084
dev_run_0,2322,481.0,5.454628063260079
dev_run_0,2323,480.0,11.585801839885168
dev_run_0,2324,479.0,6.042944758439038
dev_run_0,2325,478.0,6.493258383907973
dev_run_0,2326,477.0,3.2378370271318877
dev_run_0,2327,476.0,7.319719628164977
dev_run_0,2328,475.0,7.039832697655005
dev_run_0,2329,474.0,3.8637892307818533
dev_run_0,2330,473.0,5.690848694445159
dev_run_0,2331,472.0,4.438846045204057
dev_run_0,2332,471.0,9.126410980029586
dev_run_0,2333,470.0,6.20307672647981
dev_run_0,2334,469.0,4.6388101847010565
dev_run_0,2335,468.0,5.687368284157432
dev_run_0,2336,467.0,5.313658196657338
dev_run_0,2337,466.0,6.341203961671544
dev_run_0,2338,465.0,5.029528011358451
dev_run_0,2339,464.0,3.2537006368490275
dev_run_0,2340,463.0,4.506456449348968
dev_run_0,2341,462.0,5.368587470415912
dev_run_0,2342,461.0,4.527343649889167
dev_run_0,2343,460.0,3.96671623206952
dev_run_0,2344,459.0,6.392034647242731
dev_run_0,2345,458.0,5.069814176816932
dev_run_0,2346,457.0,7.3888103561551075
dev_run_0,2347,456.0,4.841779321900522
dev_run_0,2348,455.0,5.351943700097931
dev_run_0,2349,454.0,3.706832289240219
dev_run_0,2350,453.0,6.638242868132373
dev_run_0,2351,452.0,6.651451913064763
dev_run_0,2352,451.0,4.699949569893894
dev_run_0,2353,450.0,8.888881155123636
dev_run_0,2354,449.0,4.717080640707288
dev_run_0,2355,448.0,8.497959915738544
dev_run_0,2356,447.0,6.657660182514593
dev_run_0,2357,446.0,13.21817211503065
dev_run_0,2358,445.0,10.020217759538863
dev_run_0,2359,444.0,4.193231626716294
dev_run_0,2360,443.0,4.430310719466947
dev_run_0,2361,442.0,3.6919877264184335
dev_run_0,2362,441.0,5.603538675939047
dev_run_0,2363,440.0,9.094917674124428
dev_run_0,2364,439.0,5.985367380026873
dev_run_0,2365,438.0,5.2185994756803895
dev_run_0,2366,437.0,13.50130867671491
dev_run_0,2367,436.0,7.430765525741012
dev_run_0,2368,435.0,7.990523791538618
dev_run_0,2369,434.0,6.2969134787744405
dev_run_0,2370,433.0,5.627062625174173
dev_run_0,2371,432.0,4.588864532954163
dev_run_0,2372,431.0,4.951309630673985
dev_run_0,2373,430.0,4.222215306254355
dev_run_0,2374,429.0,3.9644148513628075
dev_run_0,2375,428.0,5.576619212929598
dev_run_0,2376,427.0,5.369869088094156
dev_run_0,2377,426.0,3.2699823363374625
dev_run_0,2378,425.0,4.7992026355918895
dev_run_0,2379,424.0,3.9042337901717348
dev_run_0,2380,423.0,5.870992006621777
dev_run_0,2381,422.0,8.878020122784426
dev_run_0,2382,421.0,11.10486897335195
dev_run_0,2383,420.0,8.517091622057345
dev_run_0,2384,419.0,15.18105423876269
dev_run_0,2385,418.0,10.673319793572727
dev_run_0,2386,417.0,7.888166223692525
dev_run_0,2387,416.0,5.264984935008293
dev_run_0,2388,415.0,8.013523284091828
dev_run_0,2389,414.0,6.874853741690312
dev_run_0,2390,413.0,7.246309847145997
dev_run_0,2391,412.0,6.177089131084684
dev_run_0,2392,411.0,5.859520295108728
dev_run_0,2393,410.0,4.102600148323015
dev_run_0,2394,409.0,5.087364812436345
dev_run_0,2395,408.0,9.138907478444377
dev_run_0,2396,407.0,4.00238261745435
dev_run_0,2397,406.0,7.356458923126356
dev_run_0,2398,405.0,5.510447515782158
dev_run_0,2399,404.0,9.572442499600028
dev_run_0,2400,403.0,6.084945967185441
dev_run_0,2401,402.0,8.714478816710088
dev_run_0,2402,401.0,4.314942674307607
dev_run_0,2403,400.0,4.992008881876181
dev_run_0,2404,399.0,3.752240880849057
dev_run_0,2405,398.0,4.363557960758028
dev_run_0,2406,397.0,4.117392316514672
dev_run_0,2407,396.0,4.206872883989473
dev_run_0,2408,395.0,7.3701139979051336
dev_run_0,2409,394.0,7.347792410724431
dev_run_0,2410,393.0,6.212463145484817
dev_run_0,2411,392.0,3.826043554375842
dev_run_0,2412,391.0,4.5655800358819825
dev_run_0,2413,390.0,5.649033761705304
dev_run_0,2414,389.0,13.171031793656846
dev_run_0,2415,388.0,4.087862769929562
dev_run_0,2416,387.0,3.59325306582767
dev_run_0,2417,386.0,4.534344981570282
dev_run_0,2418,385.0,13.003624450144661
dev_run_0,2419,384.0,5.359729339504563
dev_run_0,2420,383.0,11.758934622127327
dev_run_0,2421,382.0,4.846618331686867
dev_run_0,2422,381.0,5.4853603005766844
dev_run_0,2423,380.0,4.725116940796687
dev_run_0,2424,379.0,6.902102102260436
dev_run_0,2425,378.0,6.2607386073671325
dev_run_0,2426,377.0,8.07887181005267
dev_run_0,2427,376.0,4.662425187100753
dev_run_0,2428,375.0,14.213760295071825
dev_run_0,2429,374.0,5.23357591917008
dev_run_0,2430,373.0,11.504998141336198
dev_run_0,2431,372.0,6.399281703445345
dev_run_0,2432,371.0,5.240666973542636
dev_run_0,2433,370.0,22.962038406376927
dev_run_0,2434,369.0,6.585701917784789
dev_run_0,2435,368.0,4.958833406130042
dev_run_0,2436,367.0,14.499196716644155
dev_run_0,2437,366.0,8.514613310446439
dev_run_0,2438,365.0,4.387960561231605
dev_run_0,2439,364.0,7.512282926124532
dev_run_0,2440,363.0,10.476801189033502
dev_run_0,2441,362.0,12.72631716105503
dev_run_0,2442,361.0,5.9653779448756
dev_run_0,2443,360.0,5.675848223606868
dev_run_0,2444,359.0,5.8308793829969385
dev_run_0,2445,358.0,5.385758361766131
dev_run_0,2446,357.0,8.762197423731442
dev_run_0,2447,356.0,5.476188268441126
dev_run_0,2448,355.0,7.5066735138964775
dev_run_0,2449,354.0,9.96548169913952
dev_run_0,2450,353.0,6.114550497554751
dev_run_0,2451,352.0,5.435474953180168
dev_run_0,2452,351.0,9.387232244536584
dev_run_0,2453,350.0,13.218072132556443
dev_run_0,2454,349.0,4.244102916144936
dev_run_0,2455,348.0,9.285717078412056
dev_run_0,2456,347.0,5.34964262583886
dev_run_0,2457,346.0,14.03192132214087
dev_run_0,2458,345.0,4.299296043511585
dev_run_0,2459,344.0,5.653622601317206
dev_run_0,2460,343.0,6.225192248241652
dev_run_0,2461,342.0,7.167562616008974
dev_run_0,2462,341.0,7.212698331516232
dev_run_0,2463,340.0,7.989728925631502
dev_run_0,2464,339.0,7.369355023410549
dev_run_0,2465,338.0,4.2990177760450266
dev_run_0,2466,337.0,6.378923092128301
dev_run_0,2467,336.0,34.710597972056306
dev_run_0,2468,335.0,4.953492416452995
dev_run_0,2469,334.0,4.1956782634610805
dev_run_0,2470,333.0,11.110688454623576
dev_run_0,2471,332.0,6.196249688860229
dev_run_0,2472,331.0,4.998464280396316
dev_run_0,2473,330.0,5.967132801395191
dev_run_0,2474,329.0,5.903881882550523
dev_run_0,2475,328.0,4.366707103499558
dev_run_0,2476,327.0,11.745966937510413
dev_run_0,2477,326.0,7.748257684732008
dev_run_0,2478,325.0,3.7726414062488267
dev_run_0,2479,324.0,5.76018689389221
dev_run_0,2480,323.0,5.514463892603885
dev_run_0,2481,322.0,5.905211598464322
dev_run_0,2482,321.0,16.808753744956086
dev_run_0,2483,320.0,6.074570769470801
dev_run_0,2484,319.0,4.326576156232386
dev_run_0,2485,318.0,8.208897834589248
dev_run_0,2486,317.0,4.55384409117179
dev_run_0,2487,316.0,5.361987529025027
dev_run_0,2488,315.0,6.987312460676167
dev_run_0,2489,314.0,5.677650655535462
dev_run_0,2490,313.0,4.339438162948679
dev_run_0,2491,312.0,8.380666289505651
dev_run_0,2492,311.0,6.4286227024770195
dev_run_0,2493,310.0,6.571917733958818
dev_run_0,2494,309.0,4.151857497065558
dev_run_0,2495,308.0,6.137535552786772
dev_run_0,2496,307.0,2.9076183424897915
dev_run_0,2497,306.0,4.1482520940046985
dev_run_0,2498,305.0,7.190491622537453
dev_run_0,2499,304.0,5.492217751081404
dev_run_0,2500,303.0,6.929874520525904
dev_run_0,2501,302.0,3.152459785662031
dev_run_0,2502,301.0,11.423141090527537
dev_run_0,2503,300.0,6.3161856984040465
dev_run_0,2504,299.0,7.690283978067491
dev_run_0,2505,298.0,10.250560133892991
dev_run_0,2506,297.0,8.372309936035418
dev_run_0,2507,296.0,6.831459042851478
dev_run_0,2508,295.0,9.8382508701707
dev_run_0,2509,294.0,6.411420276787021
dev_run_0,2510,293.0,4.994099725058402
dev_run_0,2511,292.0,4.919060254267852
dev_run_0,2512,291.0,8.007597561598315
dev_run_0,2513,290.0,4.229369091102883
dev_run_0,2514,289.0,6.664641180134419
dev_run_0,2515,288.0,5.758672099668646
dev_run_0,2516,287.0,5.1290946895038125
dev_run_0,2517,286.0,6.296931656891113
dev_run_0,2518,285.0,4.593273489060548
dev_run_0,2519,284.0,9.699824743651844
dev_run_0,2520,283.0,22.291776687085516
dev_run_0,2521,282.0,5.977392407626477
dev_run_0,2522,281.0,3.4584995705077097
dev_run_0,2523,280.0,5.014073146375419
dev_run_0,2524,279.0,9.496248889100809
dev_run_0,2525,278.0,7.416102220300752
dev_run_0,2526,277.0,6.973883792612614
dev_run_0,2527,276.0,7.048348290609003
dev_run_0,2528,275.0,6.93634637948833
dev_run_0,2529,274.0,7.050313953814344
dev_run_0,2530,273.0,6.991530646598608
dev_run_0,2531,272.0,6.104124940498459
dev_run_0,2532,271.0,7.901366896505811
dev_run_0,2533,270.0,8.62844929639709
dev_run_0,2534,269.0,9.69318402044031
dev_run_0,2535,268.0,7.609895280451072
dev_run_0,2536,267.0,7.17510036199886
dev_run_0,2537,266.0,6.703799110070518
dev_run_0,2538,265.0,7.0535694085828124
dev_run_0,2539,264.0,5.671283588940314
dev_run_0,2540,263.0,6.081820135972611
dev_run_0,2541,262.0,5.869537825881961
dev_run_0,2542,261.0,9.666832708480953
dev_run_0,2543,260.0,6.089959745238337
dev_run_0,2544,259.0,13.83415912508276
dev_run_0,2545,258.0,5.682066422690477
dev_run_0,2546,257.0,4.589755119732314
dev_run_0,2547,256.0,11.78255181702446
dev_run_0,2548,255.0,11.38305183116335
dev_run_0,2549,254.0,6.794772883753875
dev_run_0,2550,253.0,9.84651034023702
dev_run_0,2551,252.0,4.999003268207974
dev_run_0,2552,251.0,6.728605173567859
dev_run_0,2553,250.0,6.220976473923153
dev_run_0,2554,249.0,7.170560805891313
dev_run_0,2555,248.0,7.009984012228301
dev_run_0,2556,247.0,6.415821674380974
dev_run_0,2557,246.0,5.54840300225085
dev_run_0,2558,245.0,8.989027913915123
dev_run_0,2559,244.0,4.134133879910439
dev_run_0,2560,243.0,4.712954173307077
dev_run_0,2561,242.0,9.618964395924616
dev_run_0,2562,241.0,7.061360482848467
dev_run_0,2563,240.0,4.680384379530067
dev_run_0,2564,239.0,9.801881757837283
dev_run_0,2565,238.0,6.837314780836714
dev_run_0,2566,237.0,5.082504130631955
dev_run_0,2567,236.0,5.26542983209978
dev_run_0,2568,235.0,4.684193488084799
dev_run_0,2569,234.0,5.812028954838334
dev_run_0,2570,233.0,5.878830634515029
dev_run_0,2571,232.0,6.242865818913469
dev_run_0,2572,231.0,5.255935184764313
dev_run_0,2573,230.0,8.385726313223113
dev_run_0,2574,229.0,6.738470860060881
dev_run_0,2575,228.0,10.277048543737873
dev_run_0,2576,227.0,15.864553537990849
dev_run_0,2577,226.0,8.080563206489611
dev_run_0,2578,225.0,9.558015814355418
dev_run_0,2579,224.0,8.57810874111906
dev_run_0,2580,223.0,5.117909290202638
dev_run_0,2581,222.0,6.70641479349558
dev_run_0,2582,221.0,6.35853718093115
dev_run_0,2583,220.0,6.25682267955551
dev_run_0,2584,219.0,8.398305829661307
dev_run_0,2585,218.0,10.19848428208765
dev_run_0,2586,217.0,7.296368137676522
dev_run_0,2587,216.0,6.986957948362189
dev_run_0,2588,215.0,4.495642706029427
dev_run_0,2589,214.0,4.614466132483025
dev_run_0,2590,213.0,5.972215476590634
dev_run_0,2591,212.0,4.987969873363116
dev_run_0,2592,211.0,9.797999405281951
dev_run_0,2593,210.0,5.228353661027465
dev_run_0,2594,209.0,4.873738581833811
dev_run_0,2595,208.0,4.642505058538506
dev_run_0,2596,207.0,26.181518368336185
dev_run_0,2597,206.0,6.402136671343397
dev_run_0,2598,205.0,6.901359106494283
dev_run_0,2599,204.0,6.438128586230107
dev_run_0,2600,203.0,6.888987789361993
dev_run_0,2601,202.0,6.949358312486394
dev_run_0,2602,201.0,9.921599995131832
dev_run_0,2603,200.0,13.588537184701574
dev_run_0,2604,199.0,5.041792645139406
dev_run_0,2605,198.0,8.219203940508137
dev_run_0,2606,197.0,18.764346700218596
dev_run_0,2607,196.0,10.94947023830669
dev_run_0,2608,195.0,13.802107941769837
dev_run_0,2609,194.0,9.517039177518885
dev_run_0,2610,193.0,5.202557026545842
dev_run_0,2611,192.0,10.480045821388108
dev_run_0,2612,191.0,8.342979078197288
dev_run_0,2613,190.0,6.498727555528807
dev_run_0,2614,189.0,8.21773311420657
dev_run_0,2615,188.0,8.651265143423117
dev_run_0,2616,187.0,6.0480640661712215
dev_run_0,2617,186.0,7.934180879335652
dev_run_0,2618,185.0,6.890158681395766
dev_run_0,2619,184.0,6.219853522074745
dev_run_0,2620,183.0,5.971614142376154
dev_run_0,2621,182.0,7.06894699541723
dev_run_0,2622,181.0,6.913008198150765
dev_run_0,2623,180.0,7.674518624079087
dev_run_0,2624,179.0,4.509464104980287
dev_run_0,2625,178.0,7.521821646898535
dev_run_0,2626,177.0,8.481522825145625
dev_run_0,2627,176.0,6.853892665723114
dev_run_0,2628,175.0,8.18321619887042
dev_run_0,2629,174.0,8.993767818361444
dev_run_0,2630,173.0,7.4650209330861825
dev_run_0,2631,172.0,5.821282684639941
dev_run_0,2632,171.0,15.99582772890246
dev_run_0,2633,170.0,3.977746857399005
dev_run_0,2634,169.0,6.702944427528038
dev_run_0,2635,168.0,5.441897363870605
dev_run_0,2636,167.0,5.491335371392021
dev_run_0,2637,166.0,5.568171477700353
dev_run_0,2638,165.0,9.365956217582013
dev_run_0,2639,164.0,9.319904915126017
dev_run_0,2640,163.0,12.241748359706806
dev_run_0,2641,162.0,7.721532711698822
dev_run_0,2642,161.0,11.865348202889518
dev_run_0,2643,160.0,7.3972850954953815
dev_run_0,2644,159.0,9.991913366977048
dev_run_0,2645,158.0,9.199958899855757
dev_run_0,2646,157.0,4.32340666331796
dev_run_0,2647,156.0,11.555047045777647
dev_run_0,2648,155.0,5.754412075581068
dev_run_0,2649,154.0,9.752106239560202
dev_run_0,2650,153.0,38.14942903888021
dev_run_0,2651,152.0,8.517965030419857
dev_run_0,2652,151.0,11.90941975762106
dev_run_0,2653,150.0,8.360280918186938
dev_run_0,2654,149.0,6.6376628066678265
dev_run_0,2655,148.0,10.755012379635254
dev_run_0,2656,147.0,8.621730379677526
dev_run_0,2657,146.0,10.864459581959613
dev_run_0,2658,145.0,6.431782794745551
dev_run_0,2659,144.0,7.306812887245923
dev_run_0,2660,143.0,7.283508368282789
dev_run_0,2661,142.0,8.343092246262394
dev_run_0,2662,141.0,6.024503296982912
dev_run_0,2663,140.0,13.3038869111858
dev_run_0,2664,139.0,9.135810959756798
dev_run_0,2665,138.0,4.244101200841931
dev_run_0,2666,137.0,6.885862693238207
dev_run_0,2667,136.0,9.117155070810226
dev_run_0,2668,135.0,11.480313443869568
dev_run_0,2669,134.0,5.995194055126839
dev_run_0,2670,133.0,8.72415116161087
dev_run_0,2671,132.0,27.481266468278818
dev_run_0,2672,131.0,15.7959583824123
dev_run_0,2673,130.0,18.11768903419486
dev_run_0,2674,129.0,8.195918611139923
dev_run_0,2675,128.0,6.468106176389071
dev_run_0,2676,127.0,16.46160259506066
dev_run_0,2677,126.0,7.106950997575204
dev_run_0,2678,125.0,7.3269238227196976
dev_run_0,2679,124.0,7.659393756581046
dev_run_0,2680,123.0,9.21734380340597
dev_run_0,2681,122.0,10.2634992839132
dev_run_0,2682,121.0,9.334574650822812
dev_run_0,2683,120.0,7.01429048195278
dev_run_0,2684,119.0,10.16174502563058
dev_run_0,2685,118.0,7.596345851828163
dev_run_0,2686,117.0,5.977111570466603
dev_run_0,2687,116.0,6.968519800494917
dev_run_0,2688,115.0,4.963699916521864
dev_run_0,2689,114.0,9.261035913742345
dev_run_0,2690,113.0,6.877117889985355
dev_run_0,2691,112.0,5.532714866808754
dev_run_0,2692,111.0,11.568062563038312
dev_run_0,2693,110.0,14.412867355191349
dev_run_0,2694,109.0,11.796984879310408
dev_run_0,2695,108.0,10.256758701067707
dev_run_0,2696,107.0,8.24408317039704
dev_run_0,2697,106.0,12.930712179215742
dev_run_0,2698,105.0,10.079860140357805
dev_run_0,2699,104.0,11.034515120865297
dev_run_0,2700,103.0,5.446311572292827
dev_run_0,2701,102.0,12.476510215743135
dev_run_0,2702,101.0,12.11060720464071
dev_run_0,2703,100.0,8.6866835982223
dev_run_0,2704,99.0,6.7719646863881975
dev_run_0,2705,98.0,6.459192629761421
dev_run_0,2706,97.0,16.649411025006742
dev_run_0,2707,96.0,6.82907412528765
dev_run_0,2708,95.0,10.973308602414708
dev_run_0,2709,94.0,12.438474262013493
dev_run_0,2710,93.0,11.391830888144256
dev_run_0,2711,92.0,10.69318468794346
dev_run_0,2712,91.0,7.714687893204351
dev_run_0,2713,90.0,7.282280746530863
dev_run_0,2714,89.0,5.791258039131867
dev_run_0,2715,88.0,5.538830999372494
dev_run_0,2716,87.0,9.693047417543102
dev_run_0,2717,86.0,6.132967457283614
dev_run_0,2718,85.0,6.503758810513114
dev_run_0,2719,84.0,16.565513821098953
dev_run_0,2720,83.0,5.995950618147406
dev_run_0,2721,82.0,10.47100954632484
dev_run_0,2722,81.0,9.776146425874366
dev_run_0,2723,80.0,12.901188868395215
dev_run_0,2724,79.0,12.133289952032483
dev_run_0,2725,78.0,7.025805212831775
dev_run_0,2726,77.0,16.778240334892228
dev_run_0,2727,76.0,9.511400733970309
dev_run_0,2728,75.0,7.5730752158725325
dev_run_0,2729,74.0,5.981214864207946
dev_run_0,2730,73.0,5.052838748756609
dev_run_0,2731,72.0,6.553831118274085
dev_run_0,2732,71.0,9.815696466731461
dev_run_0,2733,70.0,6.799177867404373
dev_run_0,2734,69.0,8.812343388404752
dev_run_0,2735,68.0,5.8369046170003225
dev_run_0,2736,67.0,17.42565244181739
dev_run_0,2737,66.0,18.153447785378084
dev_run_0,2738,65.0,8.839387234442729
dev_run_0,2739,64.0,9.716701865736379
dev_run_0,2740,63.0,8.141289425517556
dev_run_0,2741,62.0,19.868390287832256
dev_run_0,2742,61.0,8.961900412486234
dev_run_0,2743,60.0,7.845223709779293
dev_run_0,2744,59.0,12.54098226797645
dev_run_0,2745,58.0,10.241081949949308
dev_run_0,2746,57.0,7.647356366801118
dev_run_0,2747,56.0,8.84977444365865
dev_run_0,2748,55.0,38.33838538993042
dev_run_0,2749,54.0,38.2304085347711
dev_run_0,2750,53.0,36.98086474187724
dev_run_0,2751,52.0,24.263380142585454
dev_run_0,2752,51.0,41.42319786517057
dev_run_0,2753,50.0,34.46684029214645
dev_run_0,2754,49.0,50.15445475289444
dev_run_0,2755,48.0,43.94142902920491
dev_run_0,2756,47.0,33.114576079313125
dev_run_0,2757,46.0,27.703251261027837
dev_run_0,2758,45.0,42.02745986089125
dev_run_0,2759,44.0,26.91492532321768
dev_run_0,2760,43.0,32.732098967161036
dev_run_0,2761,42.0,29.792049574881617
dev_run_0,2762,41.0,19.896215183327705
dev_run_0,2763,40.0,24.565012544328617
dev_run_0,2764,39.0,22.444063283156385
dev_run_0,2765,38.0,49.77139809841997
dev_run_0,2766,37.0,31.630019223969185
dev_run_0,2767,36.0,41.32927611206535
dev_run_0,2768,35.0,44.405298474809626
dev_run_0,2769,34.0,36.35149602547816
dev_run_0,2770,33.0,42.49967616337356
dev_run_0,2771,32.0,55.24546198563432
dev_run_0,2772,31.0,38.209636932677924
dev_run_0,2773,30.0,47.22358950251497
dev_run_0,2774,29.0,52.14584153710987
dev_run_0,2775,28.0,27.56748212854428
dev_run_0,2776,27.0,41.30374857004538
dev_run_0,2777,26.0,35.844426102189324
dev_run_0,2778,25.0,32.0015709109763
dev_run_0,2779,24.0,29.1316227164662
dev_run_0,2780,23.0,33.87416170299145
dev_run_0,2781,22.0,43.080941507953014
dev_run_0,2782,21.0,32.36637955626928
dev_run_0,2783,20.0,53.51144119457579
dev_run_0,2784,19.0,54.98425389316477
dev_run_0,2785,18.0,42.142250659371584
dev_run_0,2786,17.0,54.66193330892829
dev_run_0,2787,16.0,43.561996002991805
dev_run_0,2788,15.0,45.08441023632588
dev_run_0,2789,14.0,47.74169959486419
dev_run_0,2790,13.0,45.02152844554604
dev_run_0,2791,12.0,60.77029372110902
dev_run_0,2792,11.0,51.72161673218134
dev_run_0,2793,10.0,49.8210526711454
dev_run_0,2794,9.0,49.139467069663965
dev_run_0,2795,8.0,45.54515095736356
dev_run_0,2796,7.0,90.90705773085993
dev_run_0,2797,6.0,78.79654286309503
dev_run_0,2798,5.0,87.7443362621491
dev_run_0,2799,4.0,73.80068406271349
dev_run_0,2800,3.0,64.81009475697768
dev_run_0,2801,2.0,89.8959581943073
dev_run_0,2802,1.0,89.60034818323422
dev_run_1,0,871.0,0.739690497518931
dev_run_1,1,870.0,0.6632163656163154
dev_run_1,2,869.0,0.692045984645868
dev_run_1,3,868.0,0.625043346897597
dev_run_1,4,867.0,0.5972923338482363
dev_run_1,5,866.0,0.6068918649819441
dev_run_1,6,865.0,0.6975457804760331
dev_run_1,7,864.0,0.6800693654775032
dev_run_1,8,863.0,0.43676271620458307
dev_run_1,9,862.0,0.4866860370279512
dev_run_1,10,861.0,0.6965148486747232
dev_run_1,11,860.0,0.6124910246621792
dev_run_1,12,859.0,0.5548229613324183
dev_run_1,13,858.0,0.5422022335148353
dev_run_1,14,857.0,0.5042132371631153
dev_run_1,15,856.0,0.47522228608266043
dev_run_1,16,855.0,0.5557997967712238
dev_run_1,17,854.0,0.5477704674763831
dev_run_1,18,853.0,0.4009058184356255
dev_run_1,19,852.0,0.33526958390550204
dev_run_1,20,851.0,0.32793987605450436
dev_run_1,21,850.0,0.44151100521187736
dev_run_1,22,849.0,0.3307959998527267
dev_run_1,23,848.0,0.6642141877405086
dev_run_1,24,847.0,0.3919881670581386
dev_run_1,25,846.0,0.6029845397085333
dev_run_1,26,845.0,0.2756502282419227
dev_run_1,27,844.0,0.42306623543231103
dev_run_1,28,843.0,0.2524113557017371
dev_run_1,29,842.0,0.4540874503570178
dev_run_1,30,841.0,0.32331432036665964
dev_run_1,31,840.0,0.5326367246913589
dev_run_1,32,839.0,0.45853622554627
dev_run_1,33,838.0,0.3904247583899399
dev_run_1,34,837.0,0.4175019774447789
dev_run_1,35,836.0,0.4297133016463385
dev_run_1,36,835.0,0.38348319808776304
dev_run_1,37,834.0,2.9196636047866997
dev_run_1,38,833.0,0.586662315736915
dev_run_1,39,832.0,0.31066100697598276
dev_run_1,40,831.0,0.34795069439241394
dev_run_1,41,830.0,0.3736192241954237
dev_run_1,42,829.0,0.41624106179024667
dev_run_1,43,828.0,0.5687257995913265
dev_run_1,44,827.0,0.44722233148584145
dev_run_1,45,826.0,0.49808467333315765
dev_run_1,46,825.0,0.22688144866555918
dev_run_1,47,824.0,0.3144121474691144
dev_run_1,48,823.0,0.37007655552527463
dev_run_1,49,822.0,0.37265426110425665
dev_run_1,50,821.0,0.4993910114632102
dev_run_1,51,820.0,0.32565578613528257
dev_run_1,52,819.0,0.36175093218038307
dev_run_1,53,818.0,0.4023939045795163
dev_run_1,54,817.0,0.40007125253608694
dev_run_1,55,816.0,0.5202768926433481
dev_run_1,56,815.0,0.33507007559648594
dev_run_1,57,814.0,0.3678791852956959
dev_run_1,58,813.0,0.48460958129683585
dev_run_1,59,812.0,0.38608704196809357
dev_run_1,60,811.0,2.0091337346062526
dev_run_1,61,810.0,1.4093188542160118
dev_run_1,62,809.0,0.3632847418232864
dev_run_1,63,808.0,0.5383195576436357
dev_run_1,64,807.0,0.2354936778641569
dev_run_1,65,806.0,0.35618617487132426
dev_run_1,66,805.0,1.785460053205263
dev_run_1,67,804.0,2.408754226407007
dev_run_1,68,803.0,2.873556708348377
dev_run_1,69,802.0,3.497714786636061
dev_run_1,70,801.0,1.109839737224514
dev_run_1,71,800.0,0.35724743071168463
dev_run_1,72,799.0,0.42818023498628077
dev_run_1,73,798.0,0.2348171753487755
dev_run_1,74,797.0,0.3545154260639566
dev_run_1,75,796.0,0.4128018707211828
dev_run_1,76,795.0,0.34340430233318975
dev_run_1,77,794.0,0.5169242153890996
dev_run_1,78,793.0,1.28250172765052
dev_run_1,79,792.0,0.32090889414538215
dev_run_1,80,791.0,0.3707736356187067
dev_run_1,81,790.0,0.48171860391755705
dev_run_1,82,789.0,0.4607872887602218
dev_run_1,83,788.0,0.3754855607226898
dev_run_1,84,787.0,0.29555983743273595
dev_run_1,85,786.0,0.4112483928812183
dev_run_1,86,785.0,0.4114962316124994
dev_run_1,87,784.0,0.6084395836840604
dev_run_1,88,783.0,0.2683555870679616
dev_run_1,89,782.0,3.1739932064443104
dev_run_1,90,781.0,0.5100216467077855
dev_run_1,91,780.0,0.36991685578169675
dev_run_1,92,779.0,0.380463596332646
dev_run_1,93,778.0,0.4083768837657501
dev_run_1,94,777.0,1.3402383754347427
dev_run_1,95,776.0,0.3637444818748989
dev_run_1,96,775.0,1.7654444293722809
dev_run_1,97,774.0,2.243540864536693
dev_run_1,98,773.0,0.35978325604409916
dev_run_1,99,772.0,0.3950111759865391
dev_run_1,100,771.0,0.30965047919778615
dev_run_1,101,770.0,0.32580545394062127
dev_run_1,102,769.0,0.3074116125244333
dev_run_1,103,768.0,0.3762273245474123
dev_run_1,104,767.0,0.312385364774334
dev_run_1,105,766.0,0.5798996562307266
dev_run_1,106,765.0,0.43611298312850355
dev_run_1,107,764.0,0.3347950612017627
dev_run_1,108,763.0,0.8005708323016458
dev_run_1,109,762.0,0.3788214815284895
dev_run_1,110,761.0,0.29476121742850714
dev_run_1,111,760.0,0.3700757728677528
dev_run_1,112,759.0,0.4539371273416509
dev_run_1,113,758.0,0.24236014874584058
dev_run_1,114,757.0,0.3972313818989676
dev_run_1,115,756.0,0.3997550106095987
dev_run_1,116,755.0,3.5495883690579406
dev_run_1,117,754.0,2.7915296801721583
dev_run_1,118,753.0,0.3706006491101688
dev_run_1,119,752.0,2.1054621773356716
dev_run_1,120,751.0,0.9994082486230415
dev_run_1,121,750.0,0.4103741808072615
dev_run_1,122,749.0,1.954929155777587
dev_run_1,123,748.0,1.3890814481285456
dev_run_1,124,747.0,0.27696764693738035
dev_run_1,125,746.0,0.38302256029292686
dev_run_1,126,745.0,1.5887758540461334
dev_run_1,127,744.0,5.681532028892352
dev_run_1,128,743.0,0.3824858118729544
dev_run_1,129,742.0,1.4978187582190476
dev_run_1,130,741.0,1.522062728898941
dev_run_1,131,740.0,0.23005184531893014
dev_run_1,132,739.0,0.3395910547032498
dev_run_1,133,738.0,0.6852138787050052
dev_run_1,134,737.0,3.169294586072324
dev_run_1,135,736.0,0.5178245173168573
dev_run_1,136,735.0,4.521980092079256
dev_run_1,137,734.0,0.42657215113285396
dev_run_1,138,733.0,0.2703561991250505
dev_run_1,139,732.0,0.45126843712532255
dev_run_1,140,731.0,0.2862780248215141
dev_run_1,141,730.0,0.4186579152856317
dev_run_1,142,729.0,0.4661504787887004
dev_run_1,143,728.0,1.2804529981085881
dev_run_1,144,727.0,2.0127838317112143
dev_run_1,145,726.0,4.511887703216418
dev_run_1,146,725.0,0.5152620944611064
dev_run_1,147,724.0,5.032229406798557
dev_run_1,148,723.0,0.36574091676765674
dev_run_1,149,722.0,5.640585040274253
dev_run_1,150,721.0,0.43445105147197316
dev_run_1,151,720.0,0.4515600098385363
dev_run_1,152,719.0,2.9201713365295623
dev_run_1,153,718.0,3.8676310794200126
dev_run_1,154,717.0,1.5934053393456602
dev_run_1,155,716.0,2.5963503983875396
dev_run_1,156,715.0,1.3968086170618519
dev_run_1,157,714.0,2.409999611060525
dev_run_1,158,713.0,2.9263845213938913
dev_run_1,159,712.0,0.31794094289366026
dev_run_1,160,711.0,1.6578063899955022
dev_run_1,161,710.0,0.3700148982081069
dev_run_1,162,709.0,0.9953310518141743
dev_run_1,163,708.0,0.8067205209954524
dev_run_1,164,707.0,2.479765295962201
dev_run_1,165,706.0,7.374020608662214
dev_run_1,166,705.0,0.281991451255333
dev_run_1,167,704.0,0.892239978173906
dev_run_1,168,703.0,0.45619916168161084
dev_run_1,169,702.0,0.24421561082020998
dev_run_1,170,701.0,0.3453328290685681
dev_run_1,171,700.0,3.5770279996026324
dev_run_1,172,699.0,0.33751373194652234
dev_run_1,173,698.0,0.3384434633664021
dev_run_1,174,697.0,0.7569305473528061
dev_run_1,175,696.0,3.7638999626977765
dev_run_1,176,695.0,0.3641333511687289
dev_run_1,177,694.0,1.4583769221040976
dev_run_1,178,693.0,0.4717566103134324
dev_run_1,179,692.0,0.3761292785968334
dev_run_1,180,691.0,0.4092977803515342
dev_run_1,181,690.0,3.053766888702588
dev_run_1,182,689.0,0.4634380236735331
dev_run_1,183,688.0,0.26375246499387783
dev_run_1,184,687.0,0.44383346103001625
dev_run_1,185,686.0,2.10058059581627
dev_run_1,186,685.0,0.49480327299112314
dev_run_1,187,684.0,0.27422900640037096
dev_run_1,188,683.0,0.36621545850711357
dev_run_1,189,682.0,0.5746611201457965
dev_run_1,190,681.0,0.33858491569198146
dev_run_1,191,680.0,4.746626967501326
dev_run_1,192,679.0,4.117997464992696
dev_run_1,193,678.0,2.6610192805010153
dev_run_1,194,677.0,0.5360082569012224
dev_run_1,195,676.0,0.39072917568924803
dev_run_1,196,675.0,0.21166974445041814
dev_run_1,197,674.0,0.32999494907750027
dev_run_1,198,673.0,1.4549900112820062
dev_run_1,199,672.0,0.39124556590251797
dev_run_1,200,671.0,0.46059349580220876
dev_run_1,201,670.0,6.307477293540274
dev_run_1,202,669.0,5.651169619347325
dev_run_1,203,668.0,0.394189154191296
dev_run_1,204,667.0,0.5484956922749041
dev_run_1,205,666.0,1.8773161320541818
dev_run_1,206,665.0,0.5436149848071848
dev_run_1,207,664.0,0.4639604216890649
dev_run_1,208,663.0,1.9026618352560352
dev_run_1,209,662.0,0.45948205082925825
dev_run_1,210,661.0,0.28923379741740574
dev_run_1,211,660.0,0.39878961295117993
dev_run_1,212,659.0,1.8571293115741656
dev_run_1,213,658.0,1.9355287164471657
dev_run_1,214,657.0,0.33398904624444736
dev_run_1,215,656.0,0.3967840688772433
dev_run_1,216,655.0,0.3073625384758028
dev_run_1,217,654.0,0.4279407952239514
dev_run_1,218,653.0,3.709378239290575
dev_run_1,219,652.0,0.37864133164431707
dev_run_1,220,651.0,0.408371369151748
dev_run_1,221,650.0,0.42469709117599785
dev_run_1,222,649.0,4.026514513702894
dev_run_1,223,648.0,0.5626794320897874
dev_run_1,224,647.0,0.4147453818513208
dev_run_1,225,646.0,0.3809807787520655
dev_run_1,226,645.0,0.45449269287350635
dev_run_1,227,644.0,0.5155259418307132
dev_run_1,228,643.0,4.325361753254209
dev_run_1,229,642.0,4.515399492777587
dev_run_1,230,641.0,0.39462670949145473
dev_run_1,231,640.0,5.560740051892437
dev_run_1,232,639.0,0.321854002744204
dev_run_1,233,638.0,0.41648566598684794
dev_run_1,234,637.0,2.0961878100229994
dev_run_1,235,636.0,4.338086921995396
dev_run_1,236,635.0,1.1354015063508427
dev_run_1,237,634.0,2.8280311664907094
dev_run_1,238,633.0,1.674198239256787
dev_run_1,239,632.0,1.8392761621056373
dev_run_1,240,631.0,3.916179233365669
dev_run_1,241,630.0,8.464291665113834
dev_run_1,242,629.0,0.541736929546089
dev_run_1,243,628.0,0.47106226959423314
dev_run_1,244,627.0,2.3136974199588556
dev_run_1,245,626.0,0.6090191882275654
dev_run_1,246,625.0,4.116949807872091
dev_run_1,247,624.0,1.1001660329993133
dev_run_1,248,623.0,0.672458341994027
dev_run_1,249,622.0,0.8453771800856215
dev_run_1,250,621.0,0.5358132066744474
dev_run_1,251,620.0,0.4485748458775841
dev_run_1,252,619.0,0.4476883920953284
dev_run_1,253,618.0,0.3639088243914047
dev_run_1,254,617.0,0.5162982770224803
dev_run_1,255,616.0,1.1129696277928418
dev_run_1,256,615.0,0.47781767282918663
dev_run_1,257,614.0,1.2424126192394287
dev_run_1,258,613.0,2.336649163448353
dev_run_1,259,612.0,0.32002518601459806
dev_run_1,260,611.0,0.42094525269853766
dev_run_1,261,610.0,0.9946121479434247
dev_run_1,262,609.0,5.5716895252800525
dev_run_1,263,608.0,0.38720897386016856
dev_run_1,264,607.0,6.209607785417786
dev_run_1,265,606.0,0.5141423707774603
dev_run_1,266,605.0,0.2905636123799263
dev_run_1,267,604.0,0.38822578786526996
dev_run_1,268,603.0,4.451038339714456
dev_run_1,269,602.0,0.36719859907444585
dev_run_1,270,601.0,0.41825473987876266
dev_run_1,271,600.0,0.44142290176818194
dev_run_1,272,599.0,1.126117155462403
dev_run_1,273,598.0,7.754381472952332
dev_run_1,274,597.0,0.757905988313909
dev_run_1,275,596.0,0.5501151135176474
dev_run_1,276,595.0,0.5385542054409116
dev_run_1,277,594.0,1.2293811842826776
dev_run_1,278,593.0,0.7089450435025892
dev_run_1,279,592.0,0.37864260056334725
dev_run_1,280,591.0,2.4868700976588314
dev_run_1,281,590.0,0.46467684048917546
dev_run_1,282,589.0,1.898457424127336
dev_run_1,283,588.0,0.34622127407397524
dev_run_1,284,587.0,0.5084895326310381
dev_run_1,285,586.0,0.4358110271444967
dev_run_1,286,585.0,0.4543857908590884
dev_run_1,287,584.0,0.45911059401243504
dev_run_1,288,583.0,4.7375604789752925
dev_run_1,289,582.0,0.5402909434812615
dev_run_1,290,581.0,2.0579409824837005
dev_run_1,291,580.0,0.42245157891247836
dev_run_1,292,579.0,0.6789070892973624
dev_run_1,293,578.0,0.468642411168561
dev_run_1,294,577.0,0.49159576286756945
dev_run_1,295,576.0,8.797193707801885
dev_run_1,296,575.0,0.7433511507538195
dev_run_1,297,574.0,0.8005294249593163
dev_run_1,298,573.0,0.7536063026984263
dev_run_1,299,572.0,0.5647270965579115
dev_run_1,300,571.0,0.5823569954787258
dev_run_1,301,570.0,0.43134734663172314
dev_run_1,302,569.0,0.6403273449698458
dev_run_1,303,568.0,0.7074813982226109
dev_run_1,304,567.0,1.1048835464778268
dev_run_1,305,566.0,0.54073100178203
dev_run_1,306,565.0,7.838174168432869
dev_run_1,307,564.0,0.5093979940661744
dev_run_1,308,563.0,0.48223469436599464
dev_run_1,309,562.0,0.3722848888297975
dev_run_1,310,561.0,4.0799733947563634
dev_run_1,311,560.0,1.2079280300865896
dev_run_1,312,559.0,0.6346045505904173
dev_run_1,313,558.0,0.4765963693089694
dev_run_1,314,557.0,0.44890868531450157
dev_run_1,315,556.0,2.6128135094717067
dev_run_1,316,555.0,0.47127635142011925
dev_run_1,317,554.0,0.7233634554175843
dev_run_1,318,553.0,1.154951700203314
dev_run_1,319,552.0,1.3482799265872447
dev_run_1,320,551.0,0.5717924183294889
dev_run_1,321,550.0,0.5223523697007237
dev_run_1,322,549.0,0.6234931717729342
dev_run_1,323,548.0,4.094034148428666
dev_run_1,324,547.0,0.6519190682189686
dev_run_1,325,546.0,0.6266358482471037
dev_run_1,326,545.0,0.44413895119155855
dev_run_1,327,544.0,0.6621295712337651
dev_run_1,328,543.0,0.3778039964291805
dev_run_1,329,542.0,0.5165405460112958
dev_run_1,330,541.0,0.46138147268831575
dev_run_1,331,540.0,0.5044991845757328
dev_run_1,332,539.0,2.9086302992056785
dev_run_1,333,538.0,1.6493825800193982
dev_run_1,334,537.0,0.47204143792137493
dev_run_1,335,536.0,4.429324008879286
dev_run_1,336,535.0,3.044034968146048
dev_run_1,337,534.0,0.6489675411217168
dev_run_1,338,533.0,2.1280369814657094
dev_run_1,339,532.0,0.5659961445672665
dev_run_1,340,531.0,0.5003320013036626
dev_run_1,341,530.0,0.551031467071675
dev_run_1,342,529.0,1.2868816538686343
dev_run_1,343,528.0,0.5789523919879284
dev_run_1,344,527.0,0.6402540787714378
dev_run_1,345,526.0,0.6979690084484267
dev_run_1,346,525.0,0.3692998867680872
dev_run_1,347,524.0,0.8139045608344067
dev_run_1,348,523.0,0.5638959728921755
dev_run_1,349,522.0,0.6961927265934065
dev_run_1,350,521.0,0.5007295851043663
dev_run_1,351,520.0,0.694752934739498
dev_run_1,352,519.0,4.0109368038659525
dev_run_1,353,518.0,0.6878138088588046
dev_run_1,354,517.0,0.6726606889058347
dev_run_1,355,516.0,0.5761256869961573
dev_run_1,356,515.0,2.465755286481301
dev_run_1,357,514.0,0.6667473152103184
dev_run_1,358,513.0,0.36494557790909476
dev_run_1,359,512.0,0.6690105243222414
dev_run_1,360,511.0,0.47691470703759664
dev_run_1,361,510.0,0.6406770345460521
dev_run_1,362,509.0,3.4696797384371876
dev_run_1,363,508.0,1.429279250407597
dev_run_1,364,507.0,0.4226135846513923
dev_run_1,365,506.0,2.5531740625059287
dev_run_1,366,505.0,5.477934007189008
dev_run_1,367,504.0,3.18038230110987
dev_run_1,368,503.0,0.6633138392930562
dev_run_1,369,502.0,1.481123283566956
dev_run_1,370,501.0,0.6405132224780393
dev_run_1,371,500.0,0.7738313649916424
dev_run_1,372,499.0,0.6257581939034965
dev_run_1,373,498.0,2.093762871116252
dev_run_1,374,497.0,5.398318384744708
dev_run_1,375,496.0,0.7288437648671359
dev_run_1,376,495.0,0.5984312610558818
dev_run_1,377,494.0,0.5518685485261854
dev_run_1,378,493.0,0.6162835268759954
dev_run_1,379,492.0,0.6949423595236235
dev_run_1,380,491.0,4.535641677256317
dev_run_1,381,490.0,0.6035198707162348
dev_run_1,382,489.0,4.453360450237819
dev_run_1,383,488.0,0.547082127151225
dev_run_1,384,487.0,0.5280899911172475
dev_run_1,385,486.0,0.61920809653322
dev_run_1,386,485.0,0.5440429124574131
dev_run_1,387,484.0,4.418971938317156
dev_run_1,388,483.0,0.5397331771507303
dev_run_1,389,482.0,1.1077857161983304
dev_run_1,390,481.0,0.5438687518980996
dev_run_1,391,480.0,0.532555094152587
dev_run_1,392,479.0,0.5416856526983718
dev_run_1,393,478.0,0.4478281774376015
dev_run_1,394,477.0,0.546516888367649
dev_run_1,395,476.0,0.5280593977960578
dev_run_1,396,475.0,0.6970454019422261
dev_run_1,397,474.0,4.577418686379127
dev_run_1,398,473.0,1.4297939136733864
dev_run_1,399,472.0,1.4798803008816908
dev_run_1,400,471.0,1.402162898575488
dev_run_1,401,470.0,0.5941027866134463
dev_run_1,402,469.0,0.44388769345109536
dev_run_1,403,468.0,0.5601509556123452
dev_run_1,404,467.0,1.795666639370418
dev_run_1,405,466.0,0.5035243219772216
dev_run_1,406,465.0,0.6739567327485302
dev_run_1,407,464.0,0.7666820753883695
dev_run_1,408,463.0,0.6308369846901375
dev_run_1,409,462.0,4.6186378446336365
dev_run_1,410,461.0,0.5999142725934034
dev_run_1,411,460.0,0.6255463614671506
dev_run_1,412,459.0,0.37283433797616033
dev_run_1,413,458.0,1.4272490784860121
dev_run_1,414,457.0,1.5057594240290537
dev_run_1,415,456.0,0.5235501309609247
dev_run_1,416,455.0,2.8714456439481877
dev_run_1,417,454.0,7.132506088041998
dev_run_1,418,453.0,0.688577533872806
dev_run_1,419,452.0,0.5241182805722469
dev_run_1,420,451.0,0.6552877163538514
dev_run_1,421,450.0,0.5214861990680784
dev_run_1,422,449.0,0.6635074040320481
dev_run_1,423,448.0,0.6601319659057479
dev_run_1,424,447.0,3.374590637865894
dev_run_1,425,446.0,0.6543306229824619
dev_run_1,426,445.0,0.7593819689486805
dev_run_1,427,444.0,3.374751644886307
dev_run_1,428,443.0,1.5487355186572969
dev_run_1,429,442.0,0.6824897898962301
dev_run_1,430,441.0,5.312461775006404
dev_run_1,431,440.0,0.40680353184219814
dev_run_1,432,439.0,0.5077388237653484
dev_run_1,433,438.0,1.804451747053926
dev_run_1,434,437.0,0.4701005191344464
dev_run_1,435,436.0,1.3289642133418293
dev_run_1,436,435.0,0.5672661752310243
dev_run_1,437,434.0,1.3831079766611818
dev_run_1,438,433.0,0.5977339734993026
dev_run_1,439,432.0,1.3347734107484173
dev_run_1,440,431.0,1.3544979886811128
dev_run_1,441,430.0,2.3486870150454204
dev_run_1,442,429.0,0.5581018585858439
dev_run_1,443,428.0,0.6272825481336006
dev_run_1,444,427.0,0.44124945077904965
dev_run_1,445,426.0,1.322109469109697
dev_run_1,446,425.0,1.345764385295987
dev_run_1,447,424.0,0.7509992852852183
dev_run_1,448,423.0,1.6290725008654785
dev_run_1,449,422.0,0.5734571301142013
dev_run_1,450,421.0,0.723149880767771
dev_run_1,451,420.0,0.32289419107669115
dev_run_1,452,419.0,1.459215950210566
dev_run_1,453,418.0,0.5935823210196449
dev_run_1,454,417.0,3.7569281830359813
dev_run_1,455,416.0,0.5458954522165551
dev_run_1,456,415.0,5.997706840484394
dev_run_1,457,414.0,0.6713192936164851
dev_run_1,458,413.0,4.262615351878025
dev_run_1,459,412.0,4.832536589839513
dev_run_1,460,411.0,4.779268462572167
dev_run_1,461,410.0,2.200433000976785
dev_run_1,462,409.0,0.4796988123407079
dev_run_1,463,408.0,5.467590610717846
dev_run_1,464,407.0,0.5984130437693415
dev_run_1,465,406.0,6.344169384056425
dev_run_1,466,405.0,1.0905556881664895
dev_run_1,467,404.0,1.1360108357334355
dev_run_1,468,403.0,0.5275043817814117
dev_run_1,469,402.0,0.7908743225622453
dev_run_1,470,401.0,1.7595718158236253
dev_run_1,471,400.0,0.571871904767535
dev_run_1,472,399.0,0.5316066431528751
dev_run_1,473,398.0,2.190332733320665
dev_run_1,474,397.0,2.884606414299357
dev_run_1,475,396.0,0.6511448675033205
dev_run_1,476,395.0,0.952001967514288
dev_run_1,477,394.0,0.6204032208998469
dev_run_1,478,393.0,0.6649140799161819
dev_run_1,479,392.0,4.0425018590563555
dev_run_1,480,391.0,0.5620524302181634
dev_run_1,481,390.0,3.977999369994465
dev_run_1,482,389.0,0.7113154539802327
dev_run_1,483,388.0,5.922761912798455
dev_run_1,484,387.0,1.3111910251797165
dev_run_1,485,386.0,0.680398106372609
dev_run_1,486,385.0,1.3836633036202737
dev_run_1,487,384.0,4.123466778937594
dev_run_1,488,383.0,0.8567906256085098
dev_run_1,489,382.0,1.6206326662643662
dev_run_1,490,381.0,1.8640713192660647
dev_run_1,491,380.0,0.6228139867097106
dev_run_1,492,379.0,1.534912785535544
dev_run_1,493,378.0,4.199459965890474
dev_run_1,494,377.0,0.5632766041583512
dev_run_1,495,376.0,3.3840140600490924
dev_run_1,496,375.0,0.619658215657138
dev_run_1,497,374.0,0.3732348357479164
dev_run_1,498,373.0,1.5520445769301339
dev_run_1,499,372.0,0.7755786529854204
dev_run_1,500,371.0,1.2777266601628823
dev_run_1,501,370.0,1.4522542785348502
dev_run_1,502,369.0,0.6025904316030781
dev_run_1,503,368.0,1.3261707173454256
dev_run_1,504,367.0,1.2587354458547269
dev_run_1,505,366.0,0.6775273259068302
dev_run_1,506,365.0,1.3539280739958932
dev_run_1,507,364.0,5.752613383461104
dev_run_1,508,363.0,3.763589690144491
dev_run_1,509,362.0,5.666931205625052
dev_run_1,510,361.0,0.5948675595423205
dev_run_1,511,360.0,1.7429850642485263
dev_run_1,512,359.0,0.6466931397440911
dev_run_1,513,358.0,0.8703978243645627
dev_run_1,514,357.0,0.6167019473722761
dev_run_1,515,356.0,0.7395462133317647
dev_run_1,516,355.0,0.7169167918643844
dev_run_1,517,354.0,1.5247583031527934
dev_run_1,518,353.0,1.5415650838890216
dev_run_1,519,352.0,1.3088811707996948
dev_run_1,520,351.0,4.666312057620532
dev_run_1,521,350.0,5.146366409427918
dev_run_1,522,349.0,4.561133137183921
dev_run_1,523,348.0,0.5443780457358746
dev_run_1,524,347.0,2.842814780942174
dev_run_1,525,346.0,3.7031130394366647
dev_run_1,526,345.0,6.90369781805323
dev_run_1,527,344.0,3.9393511473794405
dev_run_1,528,343.0,0.6465180609101895
dev_run_1,529,342.0,5.3470873182813445
dev_run_1,530,341.0,2.5590160012381107
dev_run_1,531,340.0,1.200649206673114
dev_run_1,532,339.0,0.6223720218614273
dev_run_1,533,338.0,3.7114451214953625
dev_run_1,534,337.0,3.134221235380702
dev_run_1,535,336.0,1.3348326647566315
dev_run_1,536,335.0,0.6058102344556452
dev_run_1,537,334.0,3.9309515885316673
dev_run_1,538,333.0,3.94610043308136
dev_run_1,539,332.0,1.285564194971346
dev_run_1,540,331.0,1.438469586813835
dev_run_1,541,330.0,5.2584629629694435
dev_run_1,542,329.0,0.8698050116319773
dev_run_1,543,328.0,3.472512097099961
dev_run_1,544,327.0,6.096961940763466
dev_run_1,545,326.0,0.7924869750633894
dev_run_1,546,325.0,0.6753102222805845
dev_run_1,547,324.0,4.420564679114091
dev_run_1,548,323.0,4.3453830056202625
dev_run_1,549,322.0,5.830834835564101
dev_run_1,550,321.0,4.304777268045787
dev_run_1,551,320.0,0.5876916011412459
dev_run_1,552,319.0,2.6412100689938347
dev_run_1,553,318.0,0.6934791957890789
dev_run_1,554,317.0,0.454374119822485
dev_run_1,555,316.0,0.5809219451842879
dev_run_1,556,315.0,0.5246218699855134
dev_run_1,557,314.0,0.892360753888936
dev_run_1,558,313.0,0.6375785207530905
dev_run_1,559,312.0,1.7388168786676004
dev_run_1,560,311.0,0.5034701688133769
dev_run_1,561,310.0,2.5649285267118893
dev_run_1,562,309.0,0.8449932264826818
dev_run_1,563,308.0,4.578571715908798
dev_run_1,564,307.0,0.5564145363895767
dev_run_1,565,306.0,0.5568618948397673
dev_run_1,566,305.0,9.702513912514341
dev_run_1,567,304.0,1.8184737953923507
dev_run_1,568,303.0,3.7331186000420744
dev_run_1,569,302.0,1.2723336633221565
dev_run_1,570,301.0,3.372959902826961
dev_run_1,571,300.0,1.3442087036177894
dev_run_1,572,299.0,4.981742418210345
dev_run_1,573,298.0,3.7263744559644336
dev_run_1,574,297.0,1.3007807187404858
dev_run_1,575,296.0,1.3806339737114013
dev_run_1,576,295.0,1.408269703476024
dev_run_1,577,294.0,1.3774254836211166
dev_run_1,578,293.0,0.6987697350650857
dev_run_1,579,292.0,4.598270521967812
dev_run_1,580,291.0,0.7737761896525843
dev_run_1,581,290.0,0.6364079933330417
dev_run_1,582,289.0,0.662910315167516
dev_run_1,583,288.0,0.7462565273416665
dev_run_1,584,287.0,1.423963419676214
dev_run_1,585,286.0,0.7203437351199689
dev_run_1,586,285.0,2.7211206479238768
dev_run_1,587,284.0,0.8546684963551833
dev_run_1,588,283.0,1.2443208102368986
dev_run_1,589,282.0,2.73300639044631
dev_run_1,590,281.0,1.6149030974216505
dev_run_1,591,280.0,4.364467454351652
dev_run_1,592,279.0,1.5321831316529042
dev_run_1,593,278.0,0.6597195609881161
dev_run_1,594,277.0,1.2789143497906452
dev_run_1,595,276.0,1.3413396552643528
dev_run_1,596,275.0,1.4492636775693057
dev_run_1,597,274.0,0.6586709656273305
dev_run_1,598,273.0,1.4147366156841765
dev_run_1,599,272.0,0.5782271166831083
dev_run_1,600,271.0,1.3563128618582976
dev_run_1,601,270.0,0.6100122436667235
dev_run_1,602,269.0,1.7704238039310798
dev_run_1,603,268.0,1.2854751112146983
dev_run_1,604,267.0,0.7758432239730355
dev_run_1,605,266.0,0.5087844240113586
dev_run_1,606,265.0,1.312712683594286
dev_run_1,607,264.0,7.1720138085119505
dev_run_1,608,263.0,0.6767895265564541
dev_run_1,609,262.0,0.7041328640073473
dev_run_1,610,261.0,5.442901892257836
dev_run_1,611,260.0,1.438249578309574
dev_run_1,612,259.0,0.7993513343679931
dev_run_1,613,258.0,1.3099355154717063
dev_run_1,614,257.0,1.5680523904159762
dev_run_1,615,256.0,4.036973559759
dev_run_1,616,255.0,1.367448788925844
dev_run_1,617,254.0,1.3012088524503036
dev_run_1,618,253.0,0.6930451199363364
dev_run_1,619,252.0,6.5434147056337535
dev_run_1,620,251.0,0.7373447103128771
dev_run_1,621,250.0,1.256963623522455
dev_run_1,622,249.0,1.3356300983188834
dev_run_1,623,248.0,0.6482169490543189
dev_run_1,624,247.0,5.192351779384647
dev_run_1,625,246.0,0.6043262411264447
dev_run_1,626,245.0,1.353861791867089
dev_run_1,627,244.0,4.475178003782773
dev_run_1,628,243.0,2.33311188998103
dev_run_1,629,242.0,0.7020708681892407
dev_run_1,630,241.0,4.802216148728311
dev_run_1,631,240.0,1.996841879839684
dev_run_1,632,239.0,4.859023707417178
dev_run_1,633,238.0,0.9099964957874891
dev_run_1,634,237.0,0.7147410954909401
dev_run_1,635,236.0,5.32334094541795
dev_run_1,636,235.0,1.2659832330837066
dev_run_1,637,234.0,1.606934680645797
dev_run_1,638,233.0,2.2896969187562464
dev_run_1,639,232.0,1.3421541963209034
dev_run_1,640,231.0,2.665700703237344
dev_run_1,641,230.0,4.279499916931316
dev_run_1,642,229.0,0.6869006997868151
dev_run_1,643,228.0,5.016071822611945
dev_run_1,644,227.0,2.213589923566982
dev_run_1,645,226.0,1.0388989796953922
dev_run_1,646,225.0,0.7664842579889588
dev_run_1,647,224.0,4.439457020070387
dev_run_1,648,223.0,0.6257547230868933
dev_run_1,649,222.0,1.4086492275481004
dev_run_1,650,221.0,5.367718245286316
dev_run_1,651,220.0,0.616164068459218
dev_run_1,652,219.0,1.509138198886377
dev_run_1,653,218.0,4.792793005362025
dev_run_1,654,217.0,5.0677557199138885
dev_run_1,655,216.0,0.7760246194029271
dev_run_1,656,215.0,4.375432281396103
dev_run_1,657,214.0,2.032787868831339
dev_run_1,658,213.0,1.3309735726535339
dev_run_1,659,212.0,1.4177340001554855
dev_run_1,660,211.0,2.803854859441315
dev_run_1,661,210.0,1.259589626745472
dev_run_1,662,209.0,2.6468815556596494
dev_run_1,663,208.0,1.2946442770101307
dev_run_1,664,207.0,6.3967160452602085
dev_run_1,665,206.0,1.6608181634655719
dev_run_1,666,205.0,1.2966016280287789
dev_run_1,667,204.0,0.8045854540455686
dev_run_1,668,203.0,1.457324438546266
dev_run_1,669,202.0,0.752798913892953
dev_run_1,670,201.0,0.5250617508456851
dev_run_1,671,200.0,4.910978054844836
dev_run_1,672,199.0,1.5600952489278834
dev_run_1,673,198.0,1.508575982353967
dev_run_1,674,197.0,0.9322183797346139
dev_run_1,675,196.0,1.3075404666148764
dev_run_1,676,195.0,1.2946207394629279
dev_run_1,677,194.0,5.049364267372358
dev_run_1,678,193.0,0.7584807794172401
dev_run_1,679,192.0,9.020529625153545
dev_run_1,680,191.0,0.7467279868106549
dev_run_1,681,190.0,0.9187062577976697
dev_run_1,682,189.0,4.501795947259593
dev_run_1,683,188.0,0.8460023628177904
dev_run_1,684,187.0,1.2580793787011433
dev_run_1,685,186.0,0.8679781615181866
dev_run_1,686,185.0,3.3882317011119625
dev_run_1,687,184.0,5.996355675593923
dev_run_1,688,183.0,1.2211330736813044
dev_run_1,689,182.0,2.5363765512757235
dev_run_1,690,181.0,0.7184403754270611
dev_run_1,691,180.0,1.2234029125361645
dev_run_1,692,179.0,1.5082867147551426
dev_run_1,693,178.0,1.2692941483672384
dev_run_1,694,177.0,0.8222032465114071
dev_run_1,695,176.0,1.2330532853055243
dev_run_1,696,175.0,0.7086643433580544
dev_run_1,697,174.0,0.6546056174132391
dev_run_1,698,173.0,1.360318546100266
dev_run_1,699,172.0,0.5586484895148401
dev_run_1,700,171.0,1.3259732912771067
dev_run_1,701,170.0,4.26271071859332
dev_run_1,702,169.0,1.2429351885301827
dev_run_1,703,168.0,0.7336833404772329
dev_run_1,704,167.0,1.3188384586435176
dev_run_1,705,166.0,1.3214370844991412
dev_run_1,706,165.0,1.490560916452888
dev_run_1,707,164.0,0.6927604320533977
dev_run_1,708,163.0,1.2839213076607394
dev_run_1,709,162.0,1.280282623535916
dev_run_1,710,161.0,0.7735338070815783
dev_run_1,711,160.0,0.7570360345005432
dev_run_1,712,159.0,0.6453602868036753
dev_run_1,713,158.0,6.250530620419051
dev_run_1,714,157.0,1.37360742876946
dev_run_1,715,156.0,0.8084130646618792
dev_run_1,716,155.0,1.5792913462700253
dev_run_1,717,154.0,1.185776446528331
dev_run_1,718,153.0,1.384113814595817
dev_run_1,719,152.0,1.5438008030505082
dev_run_1,720,151.0,1.3724810545738082
dev_run_1,721,150.0,1.6113479646430988
dev_run_1,722,149.0,2.5895527903775832
dev_run_1,723,148.0,1.3016408303263125
dev_run_1,724,147.0,1.2397396820288598
dev_run_1,725,146.0,1.3393016763461378
dev_run_1,726,145.0,1.3152554796574296
dev_run_1,727,144.0,1.250115507187655
dev_run_1,728,143.0,0.6834620599952888
dev_run_1,729,142.0,1.487060192030039
dev_run_1,730,141.0,1.4614872224525088
dev_run_1,731,140.0,0.685251189845843
dev_run_1,732,139.0,1.1570338724808857
dev_run_1,733,138.0,1.3594404923906818
dev_run_1,734,137.0,0.5670965883795553
dev_run_1,735,136.0,2.4930487938357424
dev_run_1,736,135.0,1.392894861225813
dev_run_1,737,134.0,1.3111907658601663
dev_run_1,738,133.0,2.613447888493115
dev_run_1,739,132.0,1.2271436976034504
dev_run_1,740,131.0,4.05549709134627
dev_run_1,741,130.0,1.1661199275877931
dev_run_1,742,129.0,1.3898052655860726
dev_run_1,743,128.0,1.2447246221065063
dev_run_1,744,127.0,0.8566697936708583
dev_run_1,745,126.0,0.5451567949882941
dev_run_1,746,125.0,0.5310103539169595
dev_run_1,747,124.0,1.5416874582564317
dev_run_1,748,123.0,0.6353355715528537
dev_run_1,749,122.0,1.5091236538127746
dev_run_1,750,121.0,1.4752467398764546
dev_run_1,751,120.0,1.194715127127306
dev_run_1,752,119.0,2.9209332043495926
dev_run_1,753,118.0,0.5735310184750873
dev_run_1,754,117.0,0.5726224474024049
dev_run_1,755,116.0,4.314798286022702
dev_run_1,756,115.0,1.6309662477827562
dev_run_1,757,114.0,1.6329820731063929
dev_run_1,758,113.0,0.6057246873375847
dev_run_1,759,112.0,1.237077335804296
dev_run_1,760,111.0,0.6253133459944847
dev_run_1,761,110.0,1.4851088822974068
dev_run_1,762,109.0,1.1261239016402353
dev_run_1,763,108.0,1.4564903387426191
dev_run_1,764,107.0,1.3371537347328748
dev_run_1,765,106.0,0.6635210055631173
dev_run_1,766,105.0,1.6983938675309396
dev_run_1,767,104.0,1.3590091211950406
dev_run_1,768,103.0,1.6214824042106617
dev_run_1,769,102.0,1.3080717908184172
dev_run_1,770,101.0,1.549770951975955
dev_run_1,771,100.0,1.1819053575622933
dev_run_1,772,99.0,2.139785839679379
dev_run_1,773,98.0,1.475204397129947
dev_run_1,774,97.0,1.146901184767716
dev_run_1,775,96.0,1.4891957790026618
dev_run_1,776,95.0,1.1459126403973314
dev_run_1,777,94.0,1.2159473811004289
dev_run_1,778,93.0,1.4196768242549456
dev_run_1,779,92.0,1.2576320247318589
dev_run_1,780,91.0,1.4899888927276315
dev_run_1,781,90.0,1.5430930735745778
dev_run_1,782,89.0,1.5865291938133597
dev_run_1,783,88.0,1.2081260655514126
dev_run_1,784,87.0,1.287454346925721
dev_run_1,785,86.0,1.4710343422906693
dev_run_1,786,85.0,0.674521565515184
dev_run_1,787,84.0,1.380506111421791
dev_run_1,788,83.0,3.4324737569942014
dev_run_1,789,82.0,1.3606772021899811
dev_run_1,790,81.0,1.4363572302261278
dev_run_1,791,80.0,1.435629992202508
dev_run_1,792,79.0,1.3668236812200942
dev_run_1,793,78.0,1.5118686467030142
dev_run_1,794,77.0,1.4027389191342508
dev_run_1,795,76.0,1.350567900493726
dev_run_1,796,75.0,1.3555413444429631
dev_run_1,797,74.0,1.471762740261746
dev_run_1,798,73.0,1.1914213098094406
dev_run_1,799,72.0,1.335860715139177
dev_run_1,800,71.0,1.172103954543593
dev_run_1,801,70.0,1.2772557596098673
dev_run_1,802,69.0,1.3352440681748616
dev_run_1,803,68.0,1.24673879498846
dev_run_1,804,67.0,1.3752907604406177
dev_run_1,805,66.0,1.157700061932144
dev_run_1,806,65.0,1.2777107641622463
dev_run_1,807,64.0,1.6966546807929226
dev_run_1,808,63.0,1.4739442833933747
dev_run_1,809,62.0,1.2256707346867926
dev_run_1,810,61.0,1.1652881872060097
dev_run_1,811,60.0,1.5170230040032446
dev_run_1,812,59.0,1.472080230436656
dev_run_1,813,58.0,0.5895488825809346
dev_run_1,814,57.0,1.2827529780245859
dev_run_1,815,56.0,1.4091506758231251
dev_run_1,816,55.0,1.8678943416148392
dev_run_1,817,54.0,1.6261328969741118
dev_run_1,818,53.0,1.5478311914597565
dev_run_1,819,52.0,1.1935142164998693
dev_run_1,820,51.0,1.2535159879092892
dev_run_1,821,50.0,1.4979555313337982
dev_run_1,822,49.0,1.1908389574199485
dev_run_1,823,48.0,1.0744588171034026
dev_run_1,824,47.0,1.292684475928621
dev_run_1,825,46.0,1.5990588916708206
dev_run_1,826,45.0,2.249457878644167
dev_run_1,827,44.0,2.3101886397143714
dev_run_1,828,43.0,2.810121446825532
dev_run_1,829,42.0,3.13849843369214
dev_run_1,830,41.0,3.1706822904097764
dev_run_1,831,40.0,3.4209958547916757
dev_run_1,832,39.0,3.560828937318493
dev_run_1,833,38.0,3.480688346319744
dev_run_1,834,37.0,3.4355588291255095
dev_run_1,835,36.0,3.490137774081848
dev_run_1,836,35.0,3.420843167415472
dev_run_1,837,34.0,3.515631632532056
dev_run_1,838,33.0,3.412095676217684
dev_run_1,839,32.0,3.5418644397483816
dev_run_1,840,31.0,3.4859756985020547
dev_run_1,841,30.0,3.650524847099347
dev_run_1,842,29.0,3.648672488892945
dev_run_1,843,28.0,3.535863302883007
dev_run_1,844,27.0,3.5080466466011173
dev_run_1,845,26.0,3.7982342728902623
dev_run_1,846,25.0,3.7827888075431857
dev_run_1,847,24.0,3.7112833950601987
dev_run_1,848,23.0,3.9539257107942687
dev_run_1,849,22.0,3.731203745332725
dev_run_1,850,21.0,3.803946570847394
dev_run_1,851,20.0,4.823891124335571
dev_run_1,852,19.0,4.866981336696884
dev_run_1,853,18.0,4.872997002319781
dev_run_1,854,17.0,4.858917106989685
dev_run_1,855,16.0,4.733688056157108
dev_run_1,856,15.0,4.728856709535454
dev_run_1,857,14.0,4.634019843069177
dev_run_1,858,13.0,4.873236884242508
dev_run_1,859,12.0,4.646640653846314
dev_run_1,860,11.0,4.756383637126537
dev_run_1,861,10.0,4.814768358240274
dev_run_1,862,9.0,4.907730386966684
dev_run_1,863,8.0,5.7255352465051725
dev_run_1,864,7.0,6.20135490305361
dev_run_1,865,6.0,6.369964881796158
dev_run_1,866,5.0,6.417894056958813
dev_run_1,867,4.0,6.106489632750701
dev_run_1,868,3.0,7.173156864369801
dev_run_1,869,2.0,10.518096641096424
dev_run_1,870,1.0,10.285408747497767
val_run_0,0,2375.0,1.2762749475941484
val_run_0,1,2374.0,0.7776932481237683
val_run_0,2,2373.0,0.9978462347042895
val_run_0,3,2372.0,0.8869105199300182
val_run_0,4,2371.0,1.1147631157900129
val_run_0,5,2370.0,1.092954410484256
val_run_0,6,2369.0,0.8872639356491906
val_run_0,7,2368.0,0.8982632348394404
val_run_0,8,2367.0,0.9463645440882752
val_run_0,9,2366.0,0.8805374551636183
val_run_0,10,2365.0,0.6610121324796113
val_run_0,11,2364.0,0.8994507665642043
val_run_0,12,2363.0,0.8948556250839392
val_run_0,13,2362.0,0.6937944534109302
val_run_0,14,2361.0,1.2229824326270253
val_run_0,15,2360.0,1.0257087422661493
val_run_0,16,2359.0,1.4671092107386126
val_run_0,17,2358.0,1.0542054021154856
val_run_0,18,2357.0,1.2945124309486058
val_run_0,19,2356.0,0.9156688643347994
val_run_0,20,2355.0,0.7024493415617623
val_run_0,21,2354.0,0.8786610949472644
val_run_0,22,2353.0,0.6766361533188873
val_run_0,23,2352.0,1.06826895856437
val_run_0,24,2351.0,0.60771947201233
val_run_0,25,2350.0,0.49842787014336637
val_run_0,26,2349.0,0.5521535017946982
val_run_0,27,2348.0,0.5588202285598162
val_run_0,28,2347.0,0.9053041223617481
val_run_0,29,2346.0,0.5449348658362678
val_run_0,30,2345.0,1.1380132131822773
val_run_0,31,2344.0,1.1423114455831054
val_run_0,32,2343.0,0.9373333953298115
val_run_0,33,2342.0,0.7141251735799514
val_run_0,34,2341.0,0.6542899814730561
val_run_0,35,2340.0,1.547249862798121
val_run_0,36,2339.0,1.8108526961619993
val_run_0,37,2338.0,3.1819553200434876
val_run_0,38,2337.0,0.6061043341836316
val_run_0,39,2336.0,1.4779777607725944
val_run_0,40,2335.0,0.9942771787548809
val_run_0,41,2334.0,0.6266204972332696
val_run_0,42,2333.0,0.5222728751460621
val_run_0,43,2332.0,1.3492835800980743
val_run_0,44,2331.0,0.46127035279642825
val_run_0,45,2330.0,0.7890794683752109
val_run_0,46,2329.0,0.32604535754040753
val_run_0,47,2328.0,1.1097291892570962
val_run_0,48,2327.0,0.9597639715586503
val_run_0,49,2326.0,1.638663021471635
val_run_0,50,2325.0,0.4956032982493951
val_run_0,51,2324.0,1.381543767203909
val_run_0,52,2323.0,0.7001970723522293
val_run_0,53,2322.0,1.7914832763411224
val_run_0,54,2321.0,1.9249153096439335
val_run_0,55,2320.0,0.5397333046416006
val_run_0,56,2319.0,3.277807700735072
val_run_0,57,2318.0,1.1365691155909106
val_run_0,58,2317.0,0.8526171339543124
val_run_0,59,2316.0,0.7737025688142662
val_run_0,60,2315.0,1.0500878975537757
val_run_0,61,2314.0,0.5580179968724155
val_run_0,62,2313.0,0.5635903972323759
val_run_0,63,2312.0,0.29679724994540385
val_run_0,64,2311.0,0.5477109945626506
val_run_0,65,2310.0,0.6982192943435171
val_run_0,66,2309.0,0.5390126755853923
val_run_0,67,2308.0,1.306954771058734
val_run_0,68,2307.0,0.4649760347712017
val_run_0,69,2306.0,1.6016028600209395
val_run_0,70,2305.0,0.8110828619581725
val_run_0,71,2304.0,0.4756468435930962
val_run_0,72,2303.0,1.7067309987483792
val_run_0,73,2302.0,0.5692022741745192
val_run_0,74,2301.0,0.5056162031590008
val_run_0,75,2300.0,0.486469610136937
val_run_0,76,2299.0,0.4936476201234827
val_run_0,77,2298.0,1.3361426229328461
val_run_0,78,2297.0,0.6950727198563633
val_run_0,79,2296.0,0.9740921484117038
val_run_0,80,2295.0,0.4256071971302669
val_run_0,81,2294.0,0.42114672781689827
val_run_0,82,2293.0,0.685998646804015
val_run_0,83,2292.0,0.39479760536398967
val_run_0,84,2291.0,0.4868778114532531
val_run_0,85,2290.0,0.47961287482641246
val_run_0,86,2289.0,1.0877013906606678
val_run_0,87,2288.0,0.28799585549520124
val_run_0,88,2287.0,0.9914233375939301
val_run_0,89,2286.0,0.5403934991320059
val_run_0,90,2285.0,1.0329362275164637
val_run_0,91,2284.0,1.1642944847545387
val_run_0,92,2283.0,0.5048654801828029
val_run_0,93,2282.0,0.3655306543070713
val_run_0,94,2281.0,0.3871658644890642
val_run_0,95,2280.0,0.26761336345878106
val_run_0,96,2279.0,0.5062021317470549
val_run_0,97,2278.0,0.42297768638651545
val_run_0,98,2277.0,0.637155389439161
val_run_0,99,2276.0,0.6235972231847586
val_run_0,100,2275.0,0.6900341181861949
val_run_0,101,2274.0,0.7288607717416153
val_run_0,102,2273.0,0.27391122856961847
val_run_0,103,2272.0,0.5264126918355901
val_run_0,104,2271.0,0.8372827930323872
val_run_0,105,2270.0,0.6894333638644048
val_run_0,106,2269.0,0.7408802232054035
val_run_0,107,2268.0,0.45824858959082526
val_run_0,108,2267.0,0.9386220672911454
val_run_0,109,2266.0,0.7511874996408634
val_run_0,110,2265.0,0.9640663283314801
val_run_0,111,2264.0,0.7097175584472899
val_run_0,112,2263.0,0.49782233639757256
val_run_0,113,2262.0,0.5633017072260538
val_run_0,114,2261.0,0.6651245229992738
val_run_0,115,2260.0,0.4350178538430768
val_run_0,116,2259.0,0.7632540640140376
val_run_0,117,2258.0,0.697306485363411
val_run_0,118,2257.0,0.5716818607773582
val_run_0,119,2256.0,0.6560070754774932
val_run_0,120,2255.0,0.6774236546870454
val_run_0,121,2254.0,0.8295487819033129
val_run_0,122,2253.0,0.7606408099701195
val_run_0,123,2252.0,0.4643493236565025
val_run_0,124,2251.0,0.6157263732041142
val_run_0,125,2250.0,1.1182514844007254
val_run_0,126,2249.0,0.42852670837441825
val_run_0,127,2248.0,0.7341605293082056
val_run_0,128,2247.0,0.5527164299782658
val_run_0,129,2246.0,0.5958579545277719
val_run_0,130,2245.0,0.3667026377838954
val_run_0,131,2244.0,0.6435994622149546
val_run_0,132,2243.0,0.42040809438025295
val_run_0,133,2242.0,0.5139748132467516
val_run_0,134,2241.0,0.5714585707742205
val_run_0,135,2240.0,0.5721842026523027
val_run_0,136,2239.0,0.4149814213236917
val_run_0,137,2238.0,0.3500014988937853
val_run_0,138,2237.0,0.5879609527739141
val_run_0,139,2236.0,0.39942365934513085
val_run_0,140,2235.0,0.4570481011429141
val_run_0,141,2234.0,0.5131918349215485
val_run_0,142,2233.0,0.39121888650288017
val_run_0,143,2232.0,0.32262101103923974
val_run_0,144,2231.0,0.41881397352874944
val_run_0,145,2230.0,0.4679879310906238
val_run_0,146,2229.0,0.5178311088659403
val_run_0,147,2228.0,0.47800529356267124
val_run_0,148,2227.0,0.6096783188032685
val_run_0,149,2226.0,0.344792853751949
val_run_0,150,2225.0,0.7002187725129307
val_run_0,151,2224.0,0.7874559386738773
val_run_0,152,2223.0,0.3548301966689653
val_run_0,153,2222.0,0.2793612519508254
val_run_0,154,2221.0,0.5756491435702886
val_run_0,155,2220.0,0.5598683232370515
val_run_0,156,2219.0,0.41400586252754634
val_run_0,157,2218.0,0.5520795109812996
val_run_0,158,2217.0,0.6068859638230741
val_run_0,159,2216.0,0.40097507277484795
val_run_0,160,2215.0,0.4852252112703422
val_run_0,161,2214.0,0.4429792324530668
val_run_0,162,2213.0,0.5424250300414535
val_run_0,163,2212.0,0.5648772032955448
val_run_0,164,2211.0,0.49915923161559633
val_run_0,165,2210.0,0.4108121445212067
val_run_0,166,2209.0,0.43809622047212143
val_run_0,167,2208.0,0.3928381758079726
val_run_0,168,2207.0,0.6681120071285181
val_run_0,169,2206.0,0.7560655940897613
val_run_0,170,2205.0,1.8460457634985925
val_run_0,171,2204.0,1.6118100260697203
val_run_0,172,2203.0,1.5537244536096122
val_run_0,173,2202.0,0.7446637540701977
val_run_0,174,2201.0,1.1005373686862119
val_run_0,175,2200.0,0.40319706788004755
val_run_0,176,2199.0,0.40930055771137824
val_run_0,177,2198.0,0.4842335019270367
val_run_0,178,2197.0,0.697721362346838
val_run_0,179,2196.0,0.3601265573612785
val_run_0,180,2195.0,0.41438647337985335
val_run_0,181,2194.0,0.4804859790959231
val_run_0,182,2193.0,0.29295008355618984
val_run_0,183,2192.0,0.38849604890837286
val_run_0,184,2191.0,0.7030879722767044
val_run_0,185,2190.0,0.4923024576130672
val_run_0,186,2189.0,0.6639500032276581
val_run_0,187,2188.0,0.5504450527905649
val_run_0,188,2187.0,0.4168329353412782
val_run_0,189,2186.0,0.3667822297095308
val_run_0,190,2185.0,0.4788140166033224
val_run_0,191,2184.0,0.48079857014752125
val_run_0,192,2183.0,0.6861328123976703
val_run_0,193,2182.0,0.4898441918367471
val_run_0,194,2181.0,0.8363084469233584
val_run_0,195,2180.0,0.6137667493976648
val_run_0,196,2179.0,0.623817275055731
val_run_0,197,2178.0,0.6910648718536281
val_run_0,198,2177.0,0.6718159473425521
val_run_0,199,2176.0,0.5918255501475737
val_run_0,200,2175.0,0.6230611918646968
val_run_0,201,2174.0,0.49148566330705307
val_run_0,202,2173.0,0.7606924308069754
val_run_0,203,2172.0,0.36287440531631593
val_run_0,204,2171.0,0.6074105527677154
val_run_0,205,2170.0,0.7706054035746688
val_run_0,206,2169.0,0.7569742694769672
val_run_0,207,2168.0,0.5633945402626985
val_run_0,208,2167.0,0.62132105798299
val_run_0,209,2166.0,0.37022248718578715
val_run_0,210,2165.0,0.6384842453794841
val_run_0,211,2164.0,0.41096163161166155
val_run_0,212,2163.0,0.50387415692398
val_run_0,213,2162.0,0.41672568197121135
val_run_0,214,2161.0,0.5869607195696083
val_run_0,215,2160.0,0.7218972234774509
val_run_0,216,2159.0,0.5236081196924686
val_run_0,217,2158.0,0.604537037024708
val_run_0,218,2157.0,0.6731450240425513
val_run_0,219,2156.0,0.5704305903713971
val_run_0,220,2155.0,0.4330255410814866
val_run_0,221,2154.0,0.6479222155732167
val_run_0,222,2153.0,0.4757415391090059
val_run_0,223,2152.0,0.6763578980169654
val_run_0,224,2151.0,0.4391305805305013
val_run_0,225,2150.0,0.6299652506295588
val_run_0,226,2149.0,0.4930532274928182
val_run_0,227,2148.0,0.5089764125669223
val_run_0,228,2147.0,0.4154078213521342
val_run_0,229,2146.0,0.43352999194241376
val_run_0,230,2145.0,0.33758639356843195
val_run_0,231,2144.0,0.44552546501622475
val_run_0,232,2143.0,0.5739336316798308
val_run_0,233,2142.0,0.5493478479797022
val_run_0,234,2141.0,0.5081029031272775
val_run_0,235,2140.0,0.40315867236533565
val_run_0,236,2139.0,0.570339026499392
val_run_0,237,2138.0,0.44808033693025057
val_run_0,238,2137.0,0.3552514230739593
val_run_0,239,2136.0,0.7463926547911471
val_run_0,240,2135.0,0.5448028393886816
val_run_0,241,2134.0,0.935753209010089
val_run_0,242,2133.0,0.6926389494387987
val_run_0,243,2132.0,0.3947116510985116
val_run_0,244,2131.0,0.4147589549590043
val_run_0,245,2130.0,0.5813679869404198
val_run_0,246,2129.0,0.5557062966181366
val_run_0,247,2128.0,0.8645979057425602
val_run_0,248,2127.0,0.48818165631960514
val_run_0,249,2126.0,0.4071413613861553
val_run_0,250,2125.0,0.4856554454880316
val_run_0,251,2124.0,0.5433180745275299
val_run_0,252,2123.0,0.6764401351487784
val_run_0,253,2122.0,0.5886129178406587
val_run_0,254,2121.0,1.3422450509370114
val_run_0,255,2120.0,0.5799036928326904
val_run_0,256,2119.0,0.369939013001228
val_run_0,257,2118.0,0.5200781283341513
val_run_0,258,2117.0,0.4760119036773414
val_run_0,259,2116.0,0.2527366051913038
val_run_0,260,2115.0,0.29277749540042936
val_run_0,261,2114.0,0.3176533064436272
val_run_0,262,2113.0,0.6817819883425444
val_run_0,263,2112.0,0.49666539795985043
val_run_0,264,2111.0,0.391928114482402
val_run_0,265,2110.0,0.838354531446322
val_run_0,266,2109.0,0.5248744926563949
val_run_0,267,2108.0,0.5536870220095557
val_run_0,268,2107.0,0.32659135972578274
val_run_0,269,2106.0,0.40539775700193675
val_run_0,270,2105.0,1.721869851130862
val_run_0,271,2104.0,0.39742592411848
val_run_0,272,2103.0,1.529655954984539
val_run_0,273,2102.0,1.026076502750033
val_run_0,274,2101.0,0.4953084264495279
val_run_0,275,2100.0,0.45924256940508223
val_run_0,276,2099.0,0.4219306007616604
val_run_0,277,2098.0,0.467489186911235
val_run_0,278,2097.0,0.3991191587718231
val_run_0,279,2096.0,0.43264886413446335
val_run_0,280,2095.0,2.2328307070055513
val_run_0,281,2094.0,0.5515607790106787
val_run_0,282,2093.0,0.45389998257651376
val_run_0,283,2092.0,0.3683889238239981
val_run_0,284,2091.0,0.41442189171927285
val_run_0,285,2090.0,0.5243418080278639
val_run_0,286,2089.0,0.31058833482707043
val_run_0,287,2088.0,0.5175341585434523
val_run_0,288,2087.0,0.48139304371793684
val_run_0,289,2086.0,0.3516457755616105
val_run_0,290,2085.0,0.28943326539955705
val_run_0,291,2084.0,0.6699389035384098
val_run_0,292,2083.0,0.5353370450587003
val_run_0,293,2082.0,0.5436014301663062
val_run_0,294,2081.0,0.5677921736029107
val_run_0,295,2080.0,0.9658056335694679
val_run_0,296,2079.0,0.5850480003532167
val_run_0,297,2078.0,0.6642871305755076
val_run_0,298,2077.0,0.6516543929841905
val_run_0,299,2076.0,0.4904940826202391
val_run_0,300,2075.0,0.5304635166763618
val_run_0,301,2074.0,0.5130160887724624
val_run_0,302,2073.0,0.6876928708885316
val_run_0,303,2072.0,0.5188497631303917
val_run_0,304,2071.0,0.5345846350539827
val_run_0,305,2070.0,0.4741469413043268
val_run_0,306,2069.0,0.8695957506627765
val_run_0,307,2068.0,0.6448772242285636
val_run_0,308,2067.0,0.7340803654754973
val_run_0,309,2066.0,0.3712986868734085
val_run_0,310,2065.0,0.8399899375490099
val_run_0,311,2064.0,0.4777772556352464
val_run_0,312,2063.0,0.6713677394047327
val_run_0,313,2062.0,0.7511512574189343
val_run_0,314,2061.0,0.5996290176124888
val_run_0,315,2060.0,0.4684708458640553
val_run_0,316,2059.0,1.6523183055524506
val_run_0,317,2058.0,0.8209287593615956
val_run_0,318,2057.0,0.6814978736365008
val_run_0,319,2056.0,0.7774785536571847
val_run_0,320,2055.0,0.6600106078466016
val_run_0,321,2054.0,0.5827797603012266
val_run_0,322,2053.0,0.7192956139333231
val_run_0,323,2052.0,0.6429800929910902
val_run_0,324,2051.0,0.5242295506939243
val_run_0,325,2050.0,0.496286894163971
val_run_0,326,2049.0,0.9143848512629568
val_run_0,327,2048.0,0.8664493059750935
val_run_0,328,2047.0,0.8178853766064036
val_run_0,329,2046.0,0.6702575839450062
val_run_0,330,2045.0,0.5209628656511882
val_run_0,331,2044.0,0.9761646488941244
val_run_0,332,2043.0,0.540826229058283
val_run_0,333,2042.0,0.5685765967065236
val_run_0,334,2041.0,0.39949887905306053
val_run_0,335,2040.0,0.5386466667278744
val_run_0,336,2039.0,0.8968815904699239
val_run_0,337,2038.0,0.6140973094710522
val_run_0,338,2037.0,0.32303187851939497
val_run_0,339,2036.0,0.9528857200395523
val_run_0,340,2035.0,0.6440537515062853
val_run_0,341,2034.0,0.9025038681527938
val_run_0,342,2033.0,0.43243878226106086
val_run_0,343,2032.0,0.4669406280810623
val_run_0,344,2031.0,0.4880895127866573
val_run_0,345,2030.0,0.517523296920095
val_run_0,346,2029.0,0.4013850322766476
val_run_0,347,2028.0,1.9022851505276535
val_run_0,348,2027.0,0.7492054990880093
val_run_0,349,2026.0,1.5042366115855623
val_run_0,350,2025.0,0.9541599928301432
val_run_0,351,2024.0,0.5014765170949691
val_run_0,352,2023.0,4.40187163867393
val_run_0,353,2022.0,0.4810452336833414
val_run_0,354,2021.0,0.5906800681128066
val_run_0,355,2020.0,0.37791300801539884
val_run_0,356,2019.0,0.7096725821096491
val_run_0,357,2018.0,0.436641377884334
val_run_0,358,2017.0,0.4532610763466624
val_run_0,359,2016.0,0.3898176907092737
val_run_0,360,2015.0,0.3983299898107007
val_run_0,361,2014.0,0.453329447390663
val_run_0,362,2013.0,0.4105183095825177
val_run_0,363,2012.0,0.5155419609290428
val_run_0,364,2011.0,0.4115875765602894
val_run_0,365,2010.0,0.5906548689920145
val_run_0,366,2009.0,0.723773924899768
val_run_0,367,2008.0,0.6274067581836975
val_run_0,368,2007.0,0.42844994216412174
val_run_0,369,2006.0,0.3734761641242831
val_run_0,370,2005.0,1.1480951565104107
val_run_0,371,2004.0,0.4618708888530996
val_run_0,372,2003.0,0.5784742232978195
val_run_0,373,2002.0,0.5563059487776554
val_run_0,374,2001.0,0.6625894916660608
val_run_0,375,2000.0,0.5570115248044101
val_run_0,376,1999.0,0.4071701294793007
val_run_0,377,1998.0,0.5640541861799032
val_run_0,378,1997.0,0.39211449584694325
val_run_0,379,1996.0,0.5910006495883641
val_run_0,380,1995.0,0.32235258757455426
val_run_0,381,1994.0,0.27274159272969956
val_run_0,382,1993.0,0.7171636899836031
val_run_0,383,1992.0,0.6569894112672843
val_run_0,384,1991.0,0.7486591869627663
val_run_0,385,1990.0,0.29758632898130555
val_run_0,386,1989.0,0.4046019795124254
val_run_0,387,1988.0,0.4738773840007903
val_run_0,388,1987.0,0.5653518282314135
val_run_0,389,1986.0,0.4614037009123148
val_run_0,390,1985.0,0.5371331595287271
val_run_0,391,1984.0,0.65653090367957
val_run_0,392,1983.0,0.35721548473668524
val_run_0,393,1982.0,0.40287207548650567
val_run_0,394,1981.0,0.6013912915218265
val_run_0,395,1980.0,3.283963831369435
val_run_0,396,1979.0,0.6553202911998512
val_run_0,397,1978.0,0.9395157256564154
val_run_0,398,1977.0,1.0059055298162902
val_run_0,399,1976.0,0.47511168357208966
val_run_0,400,1975.0,0.40468480147789904
val_run_0,401,1974.0,0.8861675270596765
val_run_0,402,1973.0,0.7849673669427322
val_run_0,403,1972.0,0.8583657082403974
val_run_0,404,1971.0,0.698621279910712
val_run_0,405,1970.0,0.828229911638789
val_run_0,406,1969.0,0.5141648415768107
val_run_0,407,1968.0,0.707823259081916
val_run_0,408,1967.0,0.6880880069091249
val_run_0,409,1966.0,0.4506811235719764
val_run_0,410,1965.0,0.39241647696036946
val_run_0,411,1964.0,0.6331464045719846
val_run_0,412,1963.0,0.6748218699623234
val_run_0,413,1962.0,0.4107447139495159
val_run_0,414,1961.0,0.3794943629389764
val_run_0,415,1960.0,0.5019146275527177
val_run_0,416,1959.0,0.6318626461655632
val_run_0,417,1958.0,0.8868287768097188
val_run_0,418,1957.0,0.5031326527243287
val_run_0,419,1956.0,0.8435675280056193
val_run_0,420,1955.0,0.8403127018248766
val_run_0,421,1954.0,0.4400619078680023
val_run_0,422,1953.0,0.865874095028853
val_run_0,423,1952.0,0.5500355831357602
val_run_0,424,1951.0,1.7744486917966948
val_run_0,425,1950.0,0.6823938496916881
val_run_0,426,1949.0,0.6756135830988537
val_run_0,427,1948.0,0.6191735864052663
val_run_0,428,1947.0,0.693617508223259
val_run_0,429,1946.0,0.7709917634890161
val_run_0,430,1945.0,0.7190526929690856
val_run_0,431,1944.0,0.4211261236989242
val_run_0,432,1943.0,0.6744902272372224
val_run_0,433,1942.0,0.5221436197522624
val_run_0,434,1941.0,0.6948968480169146
val_run_0,435,1940.0,0.5990967331684937
val_run_0,436,1939.0,0.8132177254082116
val_run_0,437,1938.0,0.5602480988564486
val_run_0,438,1937.0,3.3991828351442392
val_run_0,439,1936.0,0.5703982421330497
val_run_0,440,1935.0,0.5053206615703012
val_run_0,441,1934.0,0.5443080171370284
val_run_0,442,1933.0,0.5996913079228067
val_run_0,443,1932.0,0.2850716006149165
val_run_0,444,1931.0,0.7722817560872003
val_run_0,445,1930.0,0.31914876550205806
val_run_0,446,1929.0,0.4248721146264326
val_run_0,447,1928.0,0.7284616666633574
val_run_0,448,1927.0,0.6098459678435363
val_run_0,449,1926.0,0.5956066674866805
val_run_0,450,1925.0,0.3026389357974188
val_run_0,451,1924.0,0.5388341859186488
val_run_0,452,1923.0,0.438929192977604
val_run_0,453,1922.0,0.5950512270450103
val_run_0,454,1921.0,0.7761631556669499
val_run_0,455,1920.0,0.329954858550902
val_run_0,456,1919.0,0.4308732215018215
val_run_0,457,1918.0,1.3838881109750456
val_run_0,458,1917.0,0.601111080741717
val_run_0,459,1916.0,0.41169260357011517
val_run_0,460,1915.0,0.6781071102660614
val_run_0,461,1914.0,0.5033199670883342
val_run_0,462,1913.0,0.7170112852248877
val_run_0,463,1912.0,0.6267310710992431
val_run_0,464,1911.0,0.6047844268280602
val_run_0,465,1910.0,0.7855442280736851
val_run_0,466,1909.0,0.6314090918734252
val_run_0,467,1908.0,0.5421695902086712
val_run_0,468,1907.0,0.40836855063420063
val_run_0,469,1906.0,0.739464388796115
val_run_0,470,1905.0,0.373360514226927
val_run_0,471,1904.0,0.6135297127277084
val_run_0,472,1903.0,0.7557311017701887
val_run_0,473,1902.0,0.617254810661733
val_run_0,474,1901.0,0.532020180828229
val_run_0,475,1900.0,0.6364306338830006
val_run_0,476,1899.0,0.9163991689463062
val_run_0,477,1898.0,0.5057859092652911
val_run_0,478,1897.0,0.6113962381775105
val_run_0,479,1896.0,0.6248196154858411
val_run_0,480,1895.0,0.6813792793425298
val_run_0,481,1894.0,0.493703773397313
val_run_0,482,1893.0,0.7567017598735267
val_run_0,483,1892.0,0.5976078795446125
val_run_0,484,1891.0,0.7517004591032628
val_run_0,485,1890.0,0.7473411839077616
val_run_0,486,1889.0,0.6962613291058283
val_run_0,487,1888.0,0.6833468189218773
val_run_0,488,1887.0,0.6853552066186918
val_run_0,489,1886.0,0.5733775034537043
val_run_0,490,1885.0,0.7112106486659828
val_run_0,491,1884.0,0.661745579928305
val_run_0,492,1883.0,0.6640731243070622
val_run_0,493,1882.0,0.6100527214112081
val_run_0,494,1881.0,0.5678516520665585
val_run_0,495,1880.0,0.5687636022118854
val_run_0,496,1879.0,0.7409445456379584
val_run_0,497,1878.0,0.8378155349771333
val_run_0,498,1877.0,0.5987474517082105
val_run_0,499,1876.0,0.9772438148837758
val_run_0,500,1875.0,0.8037752932308273
val_run_0,501,1874.0,0.5290857156694799
val_run_0,502,1873.0,0.647246300400973
val_run_0,503,1872.0,0.5807685329472191
val_run_0,504,1871.0,0.846221714253636
val_run_0,505,1870.0,0.6692768718450707
val_run_0,506,1869.0,0.2795290226530024
val_run_0,507,1868.0,0.3776169439218512
val_run_0,508,1867.0,0.4104380539250558
val_run_0,509,1866.0,0.5195433863742143
val_run_0,510,1865.0,0.4945563882419538
val_run_0,511,1864.0,1.5401249140101099
val_run_0,512,1863.0,0.47599375673793975
val_run_0,513,1862.0,0.37124783261046834
val_run_0,514,1861.0,0.6116293331029771
val_run_0,515,1860.0,1.4692178544899783
val_run_0,516,1859.0,0.6571318784635574
val_run_0,517,1858.0,0.44460186054280604
val_run_0,518,1857.0,0.48205602391724056
val_run_0,519,1856.0,0.5080012697294107
val_run_0,520,1855.0,3.478380375832188
val_run_0,521,1854.0,1.5519759671528472
val_run_0,522,1853.0,0.6951456164322741
val_run_0,523,1852.0,0.563231768721908
val_run_0,524,1851.0,0.6190799103547833
val_run_0,525,1850.0,0.5233038154269036
val_run_0,526,1849.0,0.31913888465556495
val_run_0,527,1848.0,0.8941414069476397
val_run_0,528,1847.0,0.36086444687358243
val_run_0,529,1846.0,0.6331503558636435
val_run_0,530,1845.0,0.6969311434663672
val_run_0,531,1844.0,0.7035262580471043
val_run_0,532,1843.0,0.5585120414180401
val_run_0,533,1842.0,0.6109795726746892
val_run_0,534,1841.0,0.7134703151169746
val_run_0,535,1840.0,0.48530347359610904
val_run_0,536,1839.0,0.35428491779466353
val_run_0,537,1838.0,0.5000165730882834
val_run_0,538,1837.0,0.4899601177634171
val_run_0,539,1836.0,0.7547070641262491
val_run_0,540,1835.0,0.9323479817364093
val_run_0,541,1834.0,0.6426294030650519
val_run_0,542,1833.0,5.123822941026059
val_run_0,543,1832.0,0.8790443754467023
val_run_0,544,1831.0,0.6759062885396646
val_run_0,545,1830.0,0.7555980352176028
val_run_0,546,1829.0,0.6571032629584094
val_run_0,547,1828.0,0.957592507069864
val_run_0,548,1827.0,0.7925692737051958
val_run_0,549,1826.0,0.4834809568692844
val_run_0,550,1825.0,0.6632891482598678
val_run_0,551,1824.0,0.49507229865268226
val_run_0,552,1823.0,0.7789805508223768
val_run_0,553,1822.0,0.7314543908572299
val_run_0,554,1821.0,3.402774893970298
val_run_0,555,1820.0,0.5847783661140261
val_run_0,556,1819.0,0.561198300741125
val_run_0,557,1818.0,0.55393606279064
val_run_0,558,1817.0,0.8748572646442628
val_run_0,559,1816.0,0.4927539485399712
val_run_0,560,1815.0,0.6028171491148389
val_run_0,561,1814.0,0.4534470280607884
val_run_0,562,1813.0,0.5167738053117547
val_run_0,563,1812.0,0.4973822905408385
val_run_0,564,1811.0,0.5258036324006896
val_run_0,565,1810.0,0.5533892604133416
val_run_0,566,1809.0,0.5212956703918369
val_run_0,567,1808.0,0.49038861193672084
val_run_0,568,1807.0,0.45267266194814004
val_run_0,569,1806.0,0.4105267990665314
val_run_0,570,1805.0,0.41767712521337447
val_run_0,571,1804.0,0.39326728421155194
val_run_0,572,1803.0,0.4265821103190611
val_run_0,573,1802.0,0.5740592721901955
val_run_0,574,1801.0,0.957115150902697
val_run_0,575,1800.0,1.688575049484281
val_run_0,576,1799.0,0.6783147936539898
val_run_0,577,1798.0,0.8519556602997922
val_run_0,578,1797.0,0.45233900428098844
val_run_0,579,1796.0,0.39755221982335065
val_run_0,580,1795.0,0.66820458368013
val_run_0,581,1794.0,0.7917474565625923
val_run_0,582,1793.0,0.5433222468603267
val_run_0,583,1792.0,0.6075813972559934
val_run_0,584,1791.0,0.4317353311728188
val_run_0,585,1790.0,0.4385924737144852
val_run_0,586,1789.0,1.4435024927811948
val_run_0,587,1788.0,0.6907151210478368
val_run_0,588,1787.0,0.8369050387180159
val_run_0,589,1786.0,0.5503764013498995
val_run_0,590,1785.0,1.0703052302839124
val_run_0,591,1784.0,0.6584962307418747
val_run_0,592,1783.0,0.6197697824486956
val_run_0,593,1782.0,0.6572145099868864
val_run_0,594,1781.0,0.5969014675678896
val_run_0,595,1780.0,0.433541547859714
val_run_0,596,1779.0,0.41688967528106036
val_run_0,597,1778.0,0.7249814010275509
val_run_0,598,1777.0,0.5862853303505011
val_run_0,599,1776.0,0.3440003297950425
val_run_0,600,1775.0,0.618417227130921
val_run_0,601,1774.0,8.886945045658063
val_run_0,602,1773.0,1.014963732159083
val_run_0,603,1772.0,0.4714047936067577
val_run_0,604,1771.0,0.40009380518336163
val_run_0,605,1770.0,0.461503815119793
val_run_0,606,1769.0,0.47228933083356334
val_run_0,607,1768.0,0.6354102881828438
val_run_0,608,1767.0,0.6258617214417059
val_run_0,609,1766.0,0.6395792110083657
val_run_0,610,1765.0,0.6754531202781278
val_run_0,611,1764.0,0.3820913549652729
val_run_0,612,1763.0,0.8494942463329187
val_run_0,613,1762.0,0.5361819950269947
val_run_0,614,1761.0,0.7197251995883358
val_run_0,615,1760.0,0.5980829397241828
val_run_0,616,1759.0,0.5215730445665824
val_run_0,617,1758.0,0.5765193143580932
val_run_0,618,1757.0,0.5493111672204471
val_run_0,619,1756.0,0.40444538578424066
val_run_0,620,1755.0,0.6329846689238583
val_run_0,621,1754.0,0.7762896292533248
val_run_0,622,1753.0,0.38183319016628015
val_run_0,623,1752.0,0.49143844740661313
val_run_0,624,1751.0,0.4685934546512268
val_run_0,625,1750.0,0.5101411967910647
val_run_0,626,1749.0,0.4665932545861482
val_run_0,627,1748.0,0.5654410926730706
val_run_0,628,1747.0,0.7522434099946925
val_run_0,629,1746.0,0.6302229436138409
val_run_0,630,1745.0,0.662974347741644
val_run_0,631,1744.0,0.9404818629491235
val_run_0,632,1743.0,0.8045374357982317
val_run_0,633,1742.0,0.5373680176264597
val_run_0,634,1741.0,0.6011142736084103
val_run_0,635,1740.0,0.6193285992495181
val_run_0,636,1739.0,0.3960302960499025
val_run_0,637,1738.0,1.6191546426186203
val_run_0,638,1737.0,0.511764172147741
val_run_0,639,1736.0,0.9577048514030186
val_run_0,640,1735.0,0.7150562839685449
val_run_0,641,1734.0,0.7965250421569696
val_run_0,642,1733.0,0.5996885560671952
val_run_0,643,1732.0,0.5510000252603497
val_run_0,644,1731.0,0.7478767024522323
val_run_0,645,1730.0,0.8726911451715671
val_run_0,646,1729.0,6.219642506173544
val_run_0,647,1728.0,0.6692153136031519
val_run_0,648,1727.0,0.6681899661376821
val_run_0,649,1726.0,0.5533720262427325
val_run_0,650,1725.0,0.9711823983354924
val_run_0,651,1724.0,0.6620923492289832
val_run_0,652,1723.0,0.6398459206169514
val_run_0,653,1722.0,0.47801466024233213
val_run_0,654,1721.0,0.5529685262484737
val_run_0,655,1720.0,0.5276254258220551
val_run_0,656,1719.0,0.8317114234627612
val_run_0,657,1718.0,0.6499995409864601
val_run_0,658,1717.0,0.43467345177455263
val_run_0,659,1716.0,0.900426348727685
val_run_0,660,1715.0,0.4531789358517808
val_run_0,661,1714.0,0.6523978317160335
val_run_0,662,1713.0,0.5462912179242417
val_run_0,663,1712.0,0.7863107389594622
val_run_0,664,1711.0,0.7408943929145182
val_run_0,665,1710.0,0.7264749129823839
val_run_0,666,1709.0,0.8512704029551699
val_run_0,667,1708.0,0.9992078174213717
val_run_0,668,1707.0,1.1883649832861554
val_run_0,669,1706.0,0.725743144396966
val_run_0,670,1705.0,0.7491355217943347
val_run_0,671,1704.0,1.0263178820096825
val_run_0,672,1703.0,0.6863678025846287
val_run_0,673,1702.0,0.5623390922577899
val_run_0,674,1701.0,0.6132314718446995
val_run_0,675,1700.0,0.6848337436687989
val_run_0,676,1699.0,0.7819193050804092
val_run_0,677,1698.0,0.7242453575304577
val_run_0,678,1697.0,1.9283993900252643
val_run_0,679,1696.0,0.7126737402753065
val_run_0,680,1695.0,0.9493585960117741
val_run_0,681,1694.0,0.898426186507351
val_run_0,682,1693.0,0.5917662203352785
val_run_0,683,1692.0,1.2929566518838222
val_run_0,684,1691.0,0.7105473873491363
val_run_0,685,1690.0,0.607814942143512
val_run_0,686,1689.0,0.9368771896329235
val_run_0,687,1688.0,0.5545205277270583
val_run_0,688,1687.0,0.6936991584828271
val_run_0,689,1686.0,0.6468496751368911
val_run_0,690,1685.0,0.7433815421764773
val_run_0,691,1684.0,0.372695160476296
val_run_0,692,1683.0,0.6278554284048488
val_run_0,693,1682.0,0.8341829721113726
val_run_0,694,1681.0,0.7943888092504947
val_run_0,695,1680.0,0.5636906703187693
val_run_0,696,1679.0,0.6905083411152759
val_run_0,697,1678.0,0.4866548583511183
val_run_0,698,1677.0,0.58601128173893
val_run_0,699,1676.0,0.6559400762047216
val_run_0,700,1675.0,0.838578538033681
val_run_0,701,1674.0,0.7487007731832397
val_run_0,702,1673.0,1.2087033071886588
val_run_0,703,1672.0,0.6283626630891194
val_run_0,704,1671.0,0.4709816460754846
val_run_0,705,1670.0,0.6091920031876691
val_run_0,706,1669.0,0.6411763499768844
val_run_0,707,1668.0,8.982579318025735
val_run_0,708,1667.0,0.7217280060738479
val_run_0,709,1666.0,0.4414103524813271
val_run_0,710,1665.0,0.6898264304361523
val_run_0,711,1664.0,0.6396295075876477
val_run_0,712,1663.0,0.9369224936080046
val_run_0,713,1662.0,0.7726298384887673
val_run_0,714,1661.0,0.6698792720847787
val_run_0,715,1660.0,0.6688622680081419
val_run_0,716,1659.0,0.7993657744453564
val_run_0,717,1658.0,3.557782929282233
val_run_0,718,1657.0,0.6908339400126746
val_run_0,719,1656.0,0.7404465938545086
val_run_0,720,1655.0,1.1717554313858667
val_run_0,721,1654.0,0.7677311449940719
val_run_0,722,1653.0,0.601630846315
val_run_0,723,1652.0,1.2470338586844745
val_run_0,724,1651.0,0.6595709801000359
val_run_0,725,1650.0,1.6465662496872373
val_run_0,726,1649.0,1.0335031131842694
val_run_0,727,1648.0,0.6574979593958586
val_run_0,728,1647.0,0.6685764683716946
val_run_0,729,1646.0,0.8209352072442085
val_run_0,730,1645.0,0.6422976819879215
val_run_0,731,1644.0,0.46524882879200014
val_run_0,732,1643.0,1.7722574961330815
val_run_0,733,1642.0,0.6604009103302765
val_run_0,734,1641.0,0.620416871124722
val_run_0,735,1640.0,3.327634499255459
val_run_0,736,1639.0,0.7655736624444189
val_run_0,737,1638.0,0.7931565109085461
val_run_0,738,1637.0,0.6433235921455449
val_run_0,739,1636.0,1.5657783717982827
val_run_0,740,1635.0,0.900479227284726
val_run_0,741,1634.0,3.2366015483543373
val_run_0,742,1633.0,0.8982971184151551
val_run_0,743,1632.0,0.6946533143700881
val_run_0,744,1631.0,0.7680873256357122
val_run_0,745,1630.0,0.867922120931324
val_run_0,746,1629.0,2.4052527477073373
val_run_0,747,1628.0,1.6254034500095873
val_run_0,748,1627.0,1.0151532392600193
val_run_0,749,1626.0,0.6168646570223763
val_run_0,750,1625.0,0.4982031559278416
val_run_0,751,1624.0,0.6794316430395363
val_run_0,752,1623.0,0.9410140900736389
val_run_0,753,1622.0,0.7939329338970114
val_run_0,754,1621.0,1.0525530784114279
val_run_0,755,1620.0,1.6225326228495596
val_run_0,756,1619.0,0.6267279393869283
val_run_0,757,1618.0,0.9853741845391826
val_run_0,758,1617.0,0.6546925910741297
val_run_0,759,1616.0,0.7678917957239156
val_run_0,760,1615.0,0.7416065710849707
val_run_0,761,1614.0,0.8887699346413248
val_run_0,762,1613.0,0.9184129937483096
val_run_0,763,1612.0,0.6218045205130541
val_run_0,764,1611.0,0.6282495499214595
val_run_0,765,1610.0,0.9504517097671906
val_run_0,766,1609.0,0.8620313965277828
val_run_0,767,1608.0,0.8247944477228953
val_run_0,768,1607.0,5.3925536914563645
val_run_0,769,1606.0,0.45252928991264846
val_run_0,770,1605.0,0.7176185356965291
val_run_0,771,1604.0,0.4697181809240655
val_run_0,772,1603.0,0.8560937632961592
val_run_0,773,1602.0,0.4951265047177908
val_run_0,774,1601.0,0.8855833102816943
val_run_0,775,1600.0,2.38173898016598
val_run_0,776,1599.0,0.38950876853187344
val_run_0,777,1598.0,0.6368679582536023
val_run_0,778,1597.0,0.6155382513170423
val_run_0,779,1596.0,0.7389285353672814
val_run_0,780,1595.0,0.7295046043924509
val_run_0,781,1594.0,0.6988013393245326
val_run_0,782,1593.0,0.7323998512812586
val_run_0,783,1592.0,0.5938085381777248
val_run_0,784,1591.0,0.7820601011164648
val_run_0,785,1590.0,1.0593868431062994
val_run_0,786,1589.0,1.0507213266346995
val_run_0,787,1588.0,0.8720443338789984
val_run_0,788,1587.0,1.8382947555193632
val_run_0,789,1586.0,0.5741765232703064
val_run_0,790,1585.0,0.7146339104432824
val_run_0,791,1584.0,0.7314815282699134
val_run_0,792,1583.0,11.418997677717252
val_run_0,793,1582.0,0.9609894980015158
val_run_0,794,1581.0,0.6658673109851841
val_run_0,795,1580.0,0.6827616570476092
val_run_0,796,1579.0,1.0760188715576928
val_run_0,797,1578.0,0.9019146766627427
val_run_0,798,1577.0,1.1722847022158898
val_run_0,799,1576.0,0.604641977732088
val_run_0,800,1575.0,0.923633234092479
val_run_0,801,1574.0,0.9475164569668767
val_run_0,802,1573.0,3.6840520003930353
val_run_0,803,1572.0,0.8791390222641745
val_run_0,804,1571.0,0.49610315405621164
val_run_0,805,1570.0,0.9277331250467761
val_run_0,806,1569.0,0.8029952259320738
val_run_0,807,1568.0,0.7627052797174028
val_run_0,808,1567.0,0.6903044201520971
val_run_0,809,1566.0,0.7027215682969628
val_run_0,810,1565.0,0.6919677917481484
val_run_0,811,1564.0,0.8030443421244643
val_run_0,812,1563.0,2.7207289362800315
val_run_0,813,1562.0,2.377193150871821
val_run_0,814,1561.0,0.9358162087987036
val_run_0,815,1560.0,0.9439252794875639
val_run_0,816,1559.0,0.8728858217984827
val_run_0,817,1558.0,0.6838938080965902
val_run_0,818,1557.0,0.582359221746811
val_run_0,819,1556.0,0.69207618758413
val_run_0,820,1555.0,2.48047857367514
val_run_0,821,1554.0,0.9592193683224464
val_run_0,822,1553.0,0.9884352339646822
val_run_0,823,1552.0,0.7904024721805942
val_run_0,824,1551.0,0.6266257197065268
val_run_0,825,1550.0,2.9664320445610564
val_run_0,826,1549.0,0.843649115104037
val_run_0,827,1548.0,2.532728803095176
val_run_0,828,1547.0,2.6407997863072694
val_run_0,829,1546.0,0.6533887749109126
val_run_0,830,1545.0,0.5587510798305219
val_run_0,831,1544.0,0.42556089603901537
val_run_0,832,1543.0,0.6705267608577332
val_run_0,833,1542.0,1.3801731704747042
val_run_0,834,1541.0,2.570972017462612
val_run_0,835,1540.0,0.666921346643764
val_run_0,836,1539.0,0.7127454049850452
val_run_0,837,1538.0,0.584224875979819
val_run_0,838,1537.0,1.4109996488069434
val_run_0,839,1536.0,0.9760863910529632
val_run_0,840,1535.0,0.658535701707333
val_run_0,841,1534.0,0.7821175384811316
val_run_0,842,1533.0,0.79981579860121
val_run_0,843,1532.0,3.024940035969413
val_run_0,844,1531.0,8.363744215419471
val_run_0,845,1530.0,0.6382558402924793
val_run_0,846,1529.0,0.9071678099657449
val_run_0,847,1528.0,1.1175437951748424
val_run_0,848,1527.0,0.7920181741807621
val_run_0,849,1526.0,0.5146506611969174
val_run_0,850,1525.0,0.8265904540956048
val_run_0,851,1524.0,1.0100361621353877
val_run_0,852,1523.0,0.8360566662830722
val_run_0,853,1522.0,4.600781603023456
val_run_0,854,1521.0,2.364750599049619
val_run_0,855,1520.0,0.3895739315410854
val_run_0,856,1519.0,0.9528645903703028
val_run_0,857,1518.0,0.5241808273556914
val_run_0,858,1517.0,0.6720902020308979
val_run_0,859,1516.0,0.6931456332091996
val_run_0,860,1515.0,0.7868404793687818
val_run_0,861,1514.0,4.680133556792377
val_run_0,862,1513.0,0.8167401898025173
val_run_0,863,1512.0,0.6881557121782711
val_run_0,864,1511.0,0.9146986688665691
val_run_0,865,1510.0,0.7624597038965464
val_run_0,866,1509.0,0.5944504243353121
val_run_0,867,1508.0,0.7636031517615381
val_run_0,868,1507.0,0.8001133572619347
val_run_0,869,1506.0,1.6522087304082196
val_run_0,870,1505.0,0.6872574452461023
val_run_0,871,1504.0,7.4564083255271765
val_run_0,872,1503.0,3.7932578060762543
val_run_0,873,1502.0,2.379443403390387
val_run_0,874,1501.0,2.4908376827859606
val_run_0,875,1500.0,0.9778303470596281
val_run_0,876,1499.0,0.8407140641968928
val_run_0,877,1498.0,0.8232678263272002
val_run_0,878,1497.0,0.8190145187955535
val_run_0,879,1496.0,0.9241792765750191
val_run_0,880,1495.0,0.9914653289802902
val_run_0,881,1494.0,0.5047553047778697
val_run_0,882,1493.0,0.7228218754303684
val_run_0,883,1492.0,0.5775921186382563
val_run_0,884,1491.0,0.9837619332447792
val_run_0,885,1490.0,0.891044228832057
val_run_0,886,1489.0,10.448383031477118
val_run_0,887,1488.0,0.6271008928912647
val_run_0,888,1487.0,0.733859335227607
val_run_0,889,1486.0,0.9018747135528085
val_run_0,890,1485.0,0.6326947173147396
val_run_0,891,1484.0,1.0565644984126086
val_run_0,892,1483.0,0.7803043332520618
val_run_0,893,1482.0,0.7121211833903482
val_run_0,894,1481.0,0.5657559690923462
val_run_0,895,1480.0,0.8231324474174049
val_run_0,896,1479.0,1.8361576550247958
val_run_0,897,1478.0,0.9022574564958736
val_run_0,898,1477.0,0.8244080954927989
val_run_0,899,1476.0,1.6823832616044885
val_run_0,900,1475.0,1.2563004853602393
val_run_0,901,1474.0,0.6937773044377421
val_run_0,902,1473.0,1.0372593708664621
val_run_0,903,1472.0,0.6784868030478486
val_run_0,904,1471.0,0.9558598530161484
val_run_0,905,1470.0,1.202220801784115
val_run_0,906,1469.0,0.7194226012721273
val_run_0,907,1468.0,0.7698563369280873
val_run_0,908,1467.0,0.8163999652313724
val_run_0,909,1466.0,0.5829777282461533
val_run_0,910,1465.0,0.7704591615433352
val_run_0,911,1464.0,1.6131580614326093
val_run_0,912,1463.0,0.8178785932671493
val_run_0,913,1462.0,0.7525869215528227
val_run_0,914,1461.0,0.8350912077312602
val_run_0,915,1460.0,0.9985993348818925
val_run_0,916,1459.0,1.005152821917258
val_run_0,917,1458.0,0.9923417165045862
val_run_0,918,1457.0,0.9034929525016546
val_run_0,919,1456.0,0.68898195847705
val_run_0,920,1455.0,0.7351024027972565
val_run_0,921,1454.0,0.7299043137763811
val_run_0,922,1453.0,0.9135609266870197
val_run_0,923,1452.0,1.8218208583506796
val_run_0,924,1451.0,0.8462794512418655
val_run_0,925,1450.0,0.7491337957645138
val_run_0,926,1449.0,0.8273527651737332
val_run_0,927,1448.0,1.2907036902224849
val_run_0,928,1447.0,0.9665892684955836
val_run_0,929,1446.0,2.300522597410045
val_run_0,930,1445.0,0.8997210651333333
val_run_0,931,1444.0,1.9830657643325726
val_run_0,932,1443.0,0.8501900469690916
val_run_0,933,1442.0,0.8256372144678533
val_run_0,934,1441.0,2.2623520808808526
val_run_0,935,1440.0,1.1859679621948325
val_run_0,936,1439.0,1.0071019778994197
val_run_0,937,1438.0,1.0276167792260555
val_run_0,938,1437.0,0.9658149038335214
val_run_0,939,1436.0,0.8597946802131535
val_run_0,940,1435.0,0.7366707381487843
val_run_0,941,1434.0,0.9010671945873738
val_run_0,942,1433.0,1.0464952971958383
val_run_0,943,1432.0,8.880288817570626
val_run_0,944,1431.0,0.8826461818144755
val_run_0,945,1430.0,2.6644498502913536
val_run_0,946,1429.0,1.17919947745141
val_run_0,947,1428.0,1.0969359314758023
val_run_0,948,1427.0,1.5603745080072966
val_run_0,949,1426.0,0.7127350364348894
val_run_0,950,1425.0,0.7602629202910511
val_run_0,951,1424.0,2.80035638079444
val_run_0,952,1423.0,0.8587989952863593
val_run_0,953,1422.0,0.8654172264901966
val_run_0,954,1421.0,0.7851979918480173
val_run_0,955,1420.0,0.4695922729850165
val_run_0,956,1419.0,0.8413057785947526
val_run_0,957,1418.0,0.6252523979217058
val_run_0,958,1417.0,0.6690380183037474
val_run_0,959,1416.0,0.764509821157277
val_run_0,960,1415.0,0.6800133554030261
val_run_0,961,1414.0,0.7829969059015078
val_run_0,962,1413.0,0.5766642531977768
val_run_0,963,1412.0,0.648095023716163
val_run_0,964,1411.0,1.0458439605379017
val_run_0,965,1410.0,0.7475366857039114
val_run_0,966,1409.0,1.1141447534349012
val_run_0,967,1408.0,0.6892960660948035
val_run_0,968,1407.0,0.7287838156148135
val_run_0,969,1406.0,0.36857119086266754
val_run_0,970,1405.0,0.94532940117903
val_run_0,971,1404.0,0.9245364959583553
val_run_0,972,1403.0,0.8655510118872481
val_run_0,973,1402.0,0.5832612587384033
val_run_0,974,1401.0,0.9073459379436791
val_run_0,975,1400.0,0.7147450930426135
val_run_0,976,1399.0,1.2031032273754667
val_run_0,977,1398.0,1.4318270708726695
val_run_0,978,1397.0,0.655962435123494
val_run_0,979,1396.0,1.0883490862078236
val_run_0,980,1395.0,1.02698821618111
val_run_0,981,1394.0,0.8649611284485449
val_run_0,982,1393.0,0.8243184633028833
val_run_0,983,1392.0,14.860728757462514
val_run_0,984,1391.0,1.1735872135198728
val_run_0,985,1390.0,1.0738514599629152
val_run_0,986,1389.0,0.6568488299643238
val_run_0,987,1388.0,0.6649770579619746
val_run_0,988,1387.0,0.9693326226683384
val_run_0,989,1386.0,1.1940914973095706
val_run_0,990,1385.0,10.40278838495772
val_run_0,991,1384.0,0.740543687765493
val_run_0,992,1383.0,0.8107004030268483
val_run_0,993,1382.0,0.712317776058412
val_run_0,994,1381.0,0.6465687842585691
val_run_0,995,1380.0,1.0335962670808876
val_run_0,996,1379.0,1.951886747828815
val_run_0,997,1378.0,0.6243597149968857
val_run_0,998,1377.0,0.9521401011348415
val_run_0,999,1376.0,0.48433147468191057
val_run_0,1000,1375.0,1.996216152273441
val_run_0,1001,1374.0,2.6302873268777374
val_run_0,1002,1373.0,1.7678892814409486
val_run_0,1003,1372.0,0.6683240885021862
val_run_0,1004,1371.0,0.8391913462033234
val_run_0,1005,1370.0,0.8139573358393261
val_run_0,1006,1369.0,1.1840200633491909
val_run_0,1007,1368.0,2.1561750385774663
val_run_0,1008,1367.0,1.0567846786398198
val_run_0,1009,1366.0,0.6582045670714577
val_run_0,1010,1365.0,0.6999256076294005
val_run_0,1011,1364.0,0.5485782030576141
val_run_0,1012,1363.0,28.7179689324317
val_run_0,1013,1362.0,0.9281168034299713
val_run_0,1014,1361.0,0.8089176090602423
val_run_0,1015,1360.0,1.4050326278687584
val_run_0,1016,1359.0,0.8194491000571466
val_run_0,1017,1358.0,0.7515962167242435
val_run_0,1018,1357.0,0.7943365191495934
val_run_0,1019,1356.0,2.945085048785974
val_run_0,1020,1355.0,0.7508730288257788
val_run_0,1021,1354.0,0.7927529537723534
val_run_0,1022,1353.0,0.9688187794992121
val_run_0,1023,1352.0,0.8391045452032815
val_run_0,1024,1351.0,0.7913428401216109
val_run_0,1025,1350.0,1.0587902130674294
val_run_0,1026,1349.0,0.6491465369581528
val_run_0,1027,1348.0,1.5462524470379606
val_run_0,1028,1347.0,2.8029830560213513
val_run_0,1029,1346.0,1.2594940323692252
val_run_0,1030,1345.0,0.7227218598350057
val_run_0,1031,1344.0,0.9320241894788763
val_run_0,1032,1343.0,3.0140446762025648
val_run_0,1033,1342.0,0.8857920537660844
val_run_0,1034,1341.0,0.862979429334404
val_run_0,1035,1340.0,0.9819778529461315
val_run_0,1036,1339.0,1.5876133134810553
val_run_0,1037,1338.0,1.1079434255997636
val_run_0,1038,1337.0,0.5531413466716006
val_run_0,1039,1336.0,0.7803872415211266
val_run_0,1040,1335.0,2.1083811232157155
val_run_0,1041,1334.0,2.6395613531976787
val_run_0,1042,1333.0,0.7509475531078498
val_run_0,1043,1332.0,0.9154548619624553
val_run_0,1044,1331.0,1.1191101984254883
val_run_0,1045,1330.0,0.938417059979414
val_run_0,1046,1329.0,0.9354359786659356
val_run_0,1047,1328.0,1.0611616537555961
val_run_0,1048,1327.0,0.7425900161890129
val_run_0,1049,1326.0,0.9005583232324785
val_run_0,1050,1325.0,0.752915465939832
val_run_0,1051,1324.0,0.7628808882453816
val_run_0,1052,1323.0,0.9201495382555704
val_run_0,1053,1322.0,0.862817511987652
val_run_0,1054,1321.0,0.5849705643841684
val_run_0,1055,1320.0,0.9538248115691911
val_run_0,1056,1319.0,0.743662002435263
val_run_0,1057,1318.0,0.6714129752196866
val_run_0,1058,1317.0,1.2614344889788716
val_run_0,1059,1316.0,0.7499536212533697
val_run_0,1060,1315.0,0.6501575670924881
val_run_0,1061,1314.0,0.6946326741976132
val_run_0,1062,1313.0,1.1436710789784166
val_run_0,1063,1312.0,0.549604189215378
val_run_0,1064,1311.0,0.5847353002566452
val_run_0,1065,1310.0,0.8933130354282228
val_run_0,1066,1309.0,0.7833989251197473
val_run_0,1067,1308.0,2.4243674541574376
val_run_0,1068,1307.0,0.7443116900320829
val_run_0,1069,1306.0,0.9293428648784495
val_run_0,1070,1305.0,2.040581351686594
val_run_0,1071,1304.0,0.7874469286893871
val_run_0,1072,1303.0,0.9962762062485675
val_run_0,1073,1302.0,1.0101626261410752
val_run_0,1074,1301.0,0.992084538332521
val_run_0,1075,1300.0,0.7367590783625343
val_run_0,1076,1299.0,0.6498815003942355
val_run_0,1077,1298.0,1.6144610960706671
val_run_0,1078,1297.0,27.417812697059002
val_run_0,1079,1296.0,0.6631710583434625
val_run_0,1080,1295.0,0.9871186515546562
val_run_0,1081,1294.0,0.6461847395718981
val_run_0,1082,1293.0,1.0675365658728533
val_run_0,1083,1292.0,1.1557764311604424
val_run_0,1084,1291.0,0.6957776450267599
val_run_0,1085,1290.0,3.5856548411997524
val_run_0,1086,1289.0,0.6270190223897245
val_run_0,1087,1288.0,0.7405956380163385
val_run_0,1088,1287.0,0.8820067010876637
val_run_0,1089,1286.0,0.755660360555795
val_run_0,1090,1285.0,0.8364743004182282
val_run_0,1091,1284.0,1.810795436994282
val_run_0,1092,1283.0,0.7858698193592247
val_run_0,1093,1282.0,0.6886537646077564
val_run_0,1094,1281.0,0.5250483998104174
val_run_0,1095,1280.0,0.5620429262690197
val_run_0,1096,1279.0,2.2321106046010164
val_run_0,1097,1278.0,0.8862948682477837
val_run_0,1098,1277.0,0.8953830149753493
val_run_0,1099,1276.0,0.6048702039232754
val_run_0,1100,1275.0,4.433060102129921
val_run_0,1101,1274.0,0.7471598111385771
val_run_0,1102,1273.0,1.287187584977763
val_run_0,1103,1272.0,0.5173930200197183
val_run_0,1104,1271.0,0.6205237815794529
val_run_0,1105,1270.0,0.5817292014679609
val_run_0,1106,1269.0,2.2061340643305196
val_run_0,1107,1268.0,1.0099335504946647
val_run_0,1108,1267.0,0.9079731601652629
val_run_0,1109,1266.0,0.5395018873427285
val_run_0,1110,1265.0,1.4120957159696435
val_run_0,1111,1264.0,0.7962648640968627
val_run_0,1112,1263.0,0.8671226743843323
val_run_0,1113,1262.0,1.605303676053738
val_run_0,1114,1261.0,3.4240570042129312
val_run_0,1115,1260.0,0.5486505218962499
val_run_0,1116,1259.0,0.7314760345845248
val_run_0,1117,1258.0,4.423476706755145
val_run_0,1118,1257.0,0.6412879756395914
val_run_0,1119,1256.0,0.78813097762447
val_run_0,1120,1255.0,0.8942058384125211
val_run_0,1121,1254.0,0.7139622760927932
val_run_0,1122,1253.0,0.7951927787392596
val_run_0,1123,1252.0,0.674457074516871
val_run_0,1124,1251.0,0.8495580469412817
val_run_0,1125,1250.0,0.8010334783165979
val_run_0,1126,1249.0,0.8720375632219015
val_run_0,1127,1248.0,0.7747221659607734
val_run_0,1128,1247.0,0.8083632719083
val_run_0,1129,1246.0,1.0512724239746516
val_run_0,1130,1245.0,0.7707844388881613
val_run_0,1131,1244.0,0.985338400847081
val_run_0,1132,1243.0,1.0269174019432674
val_run_0,1133,1242.0,0.6393246411850644
val_run_0,1134,1241.0,0.8118498705157879
val_run_0,1135,1240.0,0.563885727117509
val_run_0,1136,1239.0,0.9186713765784719
val_run_0,1137,1238.0,0.7575533209212214
val_run_0,1138,1237.0,0.6947263473604989
val_run_0,1139,1236.0,1.0083353810858384
val_run_0,1140,1235.0,0.7497159714065393
val_run_0,1141,1234.0,1.7056641315241756
val_run_0,1142,1233.0,0.7878384379442769
val_run_0,1143,1232.0,0.794077958405677
val_run_0,1144,1231.0,0.809200731535068
val_run_0,1145,1230.0,26.585422694220675
val_run_0,1146,1229.0,1.1206084046079163
val_run_0,1147,1228.0,1.0231559310525857
val_run_0,1148,1227.0,1.065482926800993
val_run_0,1149,1226.0,0.7267806476416538
val_run_0,1150,1225.0,1.2037548000608003
val_run_0,1151,1224.0,0.5899996830404606
val_run_0,1152,1223.0,0.7748902742309247
val_run_0,1153,1222.0,0.8512563795016816
val_run_0,1154,1221.0,0.7285852693684233
val_run_0,1155,1220.0,0.7468369233090019
val_run_0,1156,1219.0,0.9420349399344852
val_run_0,1157,1218.0,0.8272816423897892
val_run_0,1158,1217.0,0.6840881687667645
val_run_0,1159,1216.0,0.6008690233712575
val_run_0,1160,1215.0,2.0767689849984587
val_run_0,1161,1214.0,1.168439616565693
val_run_0,1162,1213.0,0.7363842050141954
val_run_0,1163,1212.0,0.73309938820705
val_run_0,1164,1211.0,0.6693322073467853
val_run_0,1165,1210.0,32.537673794122895
val_run_0,1166,1209.0,1.539214935634151
val_run_0,1167,1208.0,0.7594930821451901
val_run_0,1168,1207.0,1.0793349337109877
val_run_0,1169,1206.0,1.0300139505394552
val_run_0,1170,1205.0,0.7404406866786697
val_run_0,1171,1204.0,1.997586812837238
val_run_0,1172,1203.0,0.7287116388459471
val_run_0,1173,1202.0,1.1210805777619623
val_run_0,1174,1201.0,0.9110626862661186
val_run_0,1175,1200.0,0.8261956556813621
val_run_0,1176,1199.0,0.5961757202522537
val_run_0,1177,1198.0,1.4776057915771674
val_run_0,1178,1197.0,23.058767153762833
val_run_0,1179,1196.0,0.6624654221487162
val_run_0,1180,1195.0,1.928667893060562
val_run_0,1181,1194.0,0.6953871858145886
val_run_0,1182,1193.0,0.7571574468910136
val_run_0,1183,1192.0,2.219666807421926
val_run_0,1184,1191.0,0.9207075113250998
val_run_0,1185,1190.0,0.8890307086539659
val_run_0,1186,1189.0,0.7760180432413739
val_run_0,1187,1188.0,0.9148198443064282
val_run_0,1188,1187.0,1.0501927292098354
val_run_0,1189,1186.0,0.9605365884223114
val_run_0,1190,1185.0,1.0177523911498543
val_run_0,1191,1184.0,0.9452723828337387
val_run_0,1192,1183.0,0.7191665720750609
val_run_0,1193,1182.0,0.8928131570329618
val_run_0,1194,1181.0,0.7355491657832021
val_run_0,1195,1180.0,0.8581266230382253
val_run_0,1196,1179.0,1.5937222621273752
val_run_0,1197,1178.0,0.7850200355125596
val_run_0,1198,1177.0,0.8292516736609397
val_run_0,1199,1176.0,0.7712556127828586
val_run_0,1200,1175.0,0.8079460980736005
val_run_0,1201,1174.0,3.383124552891478
val_run_0,1202,1173.0,0.9658281979552564
val_run_0,1203,1172.0,0.9275916786421892
val_run_0,1204,1171.0,1.4267494970454837
val_run_0,1205,1170.0,0.7449730620759671
val_run_0,1206,1169.0,1.0753054942896336
val_run_0,1207,1168.0,0.7977363162707237
val_run_0,1208,1167.0,0.8321858847034156
val_run_0,1209,1166.0,0.7672274800283155
val_run_0,1210,1165.0,0.9008592919672276
val_run_0,1211,1164.0,0.5115941092381343
val_run_0,1212,1163.0,1.0099759495391445
val_run_0,1213,1162.0,0.7917428123862775
val_run_0,1214,1161.0,2.7289267739047953
val_run_0,1215,1160.0,0.7722633191459289
val_run_0,1216,1159.0,0.5949118812392121
val_run_0,1217,1158.0,0.6663247609065633
val_run_0,1218,1157.0,0.8517044147402612
val_run_0,1219,1156.0,0.6584723936046466
val_run_0,1220,1155.0,0.880651339209171
val_run_0,1221,1154.0,0.8927410879653349
val_run_0,1222,1153.0,0.7690424154690284
val_run_0,1223,1152.0,1.0137948567798067
val_run_0,1224,1151.0,0.7519932177904274
val_run_0,1225,1150.0,0.8611166838323244
val_run_0,1226,1149.0,6.042213238177533
val_run_0,1227,1148.0,1.3537377865831757
val_run_0,1228,1147.0,0.9156136284246326
val_run_0,1229,1146.0,0.7067989627362368
val_run_0,1230,1145.0,1.2980548321278877
val_run_0,1231,1144.0,0.7596223184735861
val_run_0,1232,1143.0,1.2194592046345716
val_run_0,1233,1142.0,1.0999782344417686
val_run_0,1234,1141.0,1.0257741677967516
val_run_0,1235,1140.0,0.7711849870978462
val_run_0,1236,1139.0,1.0984776835426515
val_run_0,1237,1138.0,0.7804183310948257
val_run_0,1238,1137.0,0.8680311253579797
val_run_0,1239,1136.0,0.9128529184789869
val_run_0,1240,1135.0,0.7200149146395496
val_run_0,1241,1134.0,0.9070628590780562
val_run_0,1242,1133.0,0.7468530069105372
val_run_0,1243,1132.0,0.7592796981471467
val_run_0,1244,1131.0,0.8379968445030196
val_run_0,1245,1130.0,1.0626330453392012
val_run_0,1246,1129.0,0.9744942431364132
val_run_0,1247,1128.0,1.0059835997915412
val_run_0,1248,1127.0,0.6458317316228149
val_run_0,1249,1126.0,0.780424086261981
val_run_0,1250,1125.0,3.0305254361196683
val_run_0,1251,1124.0,0.9504248627888255
val_run_0,1252,1123.0,1.5222477522365399
val_run_0,1253,1122.0,0.7264161485296333
val_run_0,1254,1121.0,1.069343868206758
val_run_0,1255,1120.0,0.9029217887405538
val_run_0,1256,1119.0,0.7146196953853645
val_run_0,1257,1118.0,1.2848003402604802
val_run_0,1258,1117.0,0.882377920204001
val_run_0,1259,1116.0,0.8261396936783123
val_run_0,1260,1115.0,0.9026099112867547
val_run_0,1261,1114.0,0.8548640300219497
val_run_0,1262,1113.0,1.7186567529124481
val_run_0,1263,1112.0,1.1167006815280633
val_run_0,1264,1111.0,0.7890145849002888
val_run_0,1265,1110.0,0.7688013172365163
val_run_0,1266,1109.0,0.7349644335365001
val_run_0,1267,1108.0,1.006641155213044
val_run_0,1268,1107.0,0.9722281901303745
val_run_0,1269,1106.0,1.0557030818378168
val_run_0,1270,1105.0,0.9251743280447728
val_run_0,1271,1104.0,0.9425632506821227
val_run_0,1272,1103.0,0.8259704384329783
val_run_0,1273,1102.0,1.0086477581803133
val_run_0,1274,1101.0,0.6313221171477703
val_run_0,1275,1100.0,1.10478484631733
val_run_0,1276,1099.0,6.646185326488549
val_run_0,1277,1098.0,0.8862569568638277
val_run_0,1278,1097.0,1.160240876980725
val_run_0,1279,1096.0,0.8941796155974455
val_run_0,1280,1095.0,0.8591764708409955
val_run_0,1281,1094.0,0.8986286929987122
val_run_0,1282,1093.0,0.9904077560210324
val_run_0,1283,1092.0,0.9201086945031969
val_run_0,1284,1091.0,0.868627850811756
val_run_0,1285,1090.0,0.8946272631520538
val_run_0,1286,1089.0,0.8074866026304038
val_run_0,1287,1088.0,1.425206378195767
val_run_0,1288,1087.0,1.04819148916429
val_run_0,1289,1086.0,1.1593989682369328
val_run_0,1290,1085.0,0.8669942728242981
val_run_0,1291,1084.0,0.9435841976882307
val_run_0,1292,1083.0,1.0394234733462668
val_run_0,1293,1082.0,0.5968323848350395
val_run_0,1294,1081.0,0.9067052308238989
val_run_0,1295,1080.0,2.433070308002905
val_run_0,1296,1079.0,1.0245764464375742
val_run_0,1297,1078.0,0.8067062602203432
val_run_0,1298,1077.0,1.1827585371106493
val_run_0,1299,1076.0,0.9210380503978828
val_run_0,1300,1075.0,0.8038852457117918
val_run_0,1301,1074.0,0.8219610331941973
val_run_0,1302,1073.0,1.0236242973400498
val_run_0,1303,1072.0,0.9360325290793432
val_run_0,1304,1071.0,1.147027353352093
val_run_0,1305,1070.0,0.8110353527653885
val_run_0,1306,1069.0,1.0400616675513685
val_run_0,1307,1068.0,0.7119646021206617
val_run_0,1308,1067.0,0.9094202314226421
val_run_0,1309,1066.0,0.8301298580816798
val_run_0,1310,1065.0,0.8753907266846346
val_run_0,1311,1064.0,0.8686275795533055
val_run_0,1312,1063.0,0.8958068504363869
val_run_0,1313,1062.0,1.5108183480589852
val_run_0,1314,1061.0,2.0199712619702703
val_run_0,1315,1060.0,0.7329170179983364
val_run_0,1316,1059.0,0.8538845539427495
val_run_0,1317,1058.0,0.7601052520568432
val_run_0,1318,1057.0,1.1451219445766774
val_run_0,1319,1056.0,1.1089431140350632
val_run_0,1320,1055.0,1.2521660580178087
val_run_0,1321,1054.0,1.1002684817138386
val_run_0,1322,1053.0,1.7594635627960176
val_run_0,1323,1052.0,0.7872515791682498
val_run_0,1324,1051.0,0.7403273859094576
val_run_0,1325,1050.0,0.9597432812815192
val_run_0,1326,1049.0,1.1374630303733952
val_run_0,1327,1048.0,1.3047876524743416
val_run_0,1328,1047.0,1.2080548541739673
val_run_0,1329,1046.0,0.881740766594097
val_run_0,1330,1045.0,0.8847950978704177
val_run_0,1331,1044.0,1.0114435072240464
val_run_0,1332,1043.0,0.8412491862374711
val_run_0,1333,1042.0,0.9028556135329945
val_run_0,1334,1041.0,2.0983006864536504
val_run_0,1335,1040.0,1.2862143573028497
val_run_0,1336,1039.0,1.1575348465836763
val_run_0,1337,1038.0,0.903304637356069
val_run_0,1338,1037.0,1.4286975056266602
val_run_0,1339,1036.0,0.8668182819697371
val_run_0,1340,1035.0,2.8543784829106906
val_run_0,1341,1034.0,0.7725016702810132
val_run_0,1342,1033.0,1.3621280279512766
val_run_0,1343,1032.0,1.2550503571224467
val_run_0,1344,1031.0,0.896299872905255
val_run_0,1345,1030.0,1.787817588302834
val_run_0,1346,1029.0,1.1200403421328706
val_run_0,1347,1028.0,1.1458452246294795
val_run_0,1348,1027.0,1.2629217111612285
val_run_0,1349,1026.0,1.1610706887257878
val_run_0,1350,1025.0,1.1784747397012587
val_run_0,1351,1024.0,1.0624427144701034
val_run_0,1352,1023.0,1.087906624192846
val_run_0,1353,1022.0,1.256059362193643
val_run_0,1354,1021.0,1.058539758103832
val_run_0,1355,1020.0,1.0913598434917733
val_run_0,1356,1019.0,1.1204509269442129
val_run_0,1357,1018.0,1.171173033230423
val_run_0,1358,1017.0,1.3038773828489167
val_run_0,1359,1016.0,0.8235750936172794
val_run_0,1360,1015.0,1.0405910432981935
val_run_0,1361,1014.0,1.332665618708988
val_run_0,1362,1013.0,1.0985981813374077
val_run_0,1363,1012.0,1.1856309876044464
val_run_0,1364,1011.0,0.8291298181418967
val_run_0,1365,1010.0,1.3349067907437306
val_run_0,1366,1009.0,1.1428603788843907
val_run_0,1367,1008.0,1.2223692280265608
val_run_0,1368,1007.0,2.268446415868295
val_run_0,1369,1006.0,0.9486917198580658
val_run_0,1370,1005.0,1.2851270605718068
val_run_0,1371,1004.0,0.8992136088995022
val_run_0,1372,1003.0,1.1349628627663562
val_run_0,1373,1002.0,1.028616025269209
val_run_0,1374,1001.0,1.2113779994007279
val_run_0,1375,1000.0,0.903205328805193
val_run_0,1376,999.0,1.811816852667016
val_run_0,1377,998.0,2.970675869008578
val_run_0,1378,997.0,1.0736276709376211
val_run_0,1379,996.0,1.0405026951102712
val_run_0,1380,995.0,1.0904459791507957
val_run_0,1381,994.0,0.9488619354711381
val_run_0,1382,993.0,0.9615540265711531
val_run_0,1383,992.0,0.9664850933645667
val_run_0,1384,991.0,0.8931110201286264
val_run_0,1385,990.0,4.828868680802983
val_run_0,1386,989.0,1.027280567246408
val_run_0,1387,988.0,0.994251260956149
val_run_0,1388,987.0,1.0192142852444432
val_run_0,1389,986.0,1.0035810707276056
val_run_0,1390,985.0,1.0975083663780913
val_run_0,1391,984.0,0.8984308909503375
val_run_0,1392,983.0,1.0546373519512342
val_run_0,1393,982.0,0.8369318600866658
val_run_0,1394,981.0,1.5173745798583589
val_run_0,1395,980.0,1.001291654498358
val_run_0,1396,979.0,1.224788321761673
val_run_0,1397,978.0,1.1527057504532245
val_run_0,1398,977.0,1.3853617565741276
val_run_0,1399,976.0,1.3635129324268205
val_run_0,1400,975.0,1.2579822948988206
val_run_0,1401,974.0,1.68398998941075
val_run_0,1402,973.0,1.105658843000127
val_run_0,1403,972.0,0.7613369162919896
val_run_0,1404,971.0,0.9613506824117298
val_run_0,1405,970.0,1.091112986727898
val_run_0,1406,969.0,1.1415169070857378
val_run_0,1407,968.0,1.3064159415078174
val_run_0,1408,967.0,1.0383524748510544
val_run_0,1409,966.0,0.879332035788887
val_run_0,1410,965.0,1.1802931590729786
val_run_0,1411,964.0,1.4675285164120424
val_run_0,1412,963.0,1.2245800586981994
val_run_0,1413,962.0,1.4087579107510022
val_run_0,1414,961.0,1.3073449739738572
val_run_0,1415,960.0,1.250852631307069
val_run_0,1416,959.0,1.923269580209078
val_run_0,1417,958.0,7.251288990973154
val_run_0,1418,957.0,1.1973765382724362
val_run_0,1419,956.0,1.5974446880980855
val_run_0,1420,955.0,1.0891948457866407
val_run_0,1421,954.0,1.5491737302823618
val_run_0,1422,953.0,1.4869723691775536
val_run_0,1423,952.0,1.521224673881516
val_run_0,1424,951.0,1.7804063205896692
val_run_0,1425,950.0,1.2068281812161377
val_run_0,1426,949.0,1.075143389069615
val_run_0,1427,948.0,2.235687511663815
val_run_0,1428,947.0,1.6495600865057252
val_run_0,1429,946.0,2.1551481401039756
val_run_0,1430,945.0,1.4064719755631496
val_run_0,1431,944.0,1.3539498958156806
val_run_0,1432,943.0,1.2893480530484145
val_run_0,1433,942.0,1.3337162007259584
val_run_0,1434,941.0,0.9598949356982143
val_run_0,1435,940.0,1.1243645626486631
val_run_0,1436,939.0,1.2377438075316651
val_run_0,1437,938.0,1.3468127455180618
val_run_0,1438,937.0,1.2672481613384463
val_run_0,1439,936.0,1.2867627027598616
val_run_0,1440,935.0,1.1898098187256458
val_run_0,1441,934.0,1.06094111194454
val_run_0,1442,933.0,1.1264048083875982
val_run_0,1443,932.0,1.3366539778914892
val_run_0,1444,931.0,1.351327917458535
val_run_0,1445,930.0,1.3060127280258693
val_run_0,1446,929.0,1.811474348366837
val_run_0,1447,928.0,2.1156151824257425
val_run_0,1448,927.0,1.2695886015690514
val_run_0,1449,926.0,1.4949320077421127
val_run_0,1450,925.0,1.3141582177848974
val_run_0,1451,924.0,1.0174390655166838
val_run_0,1452,923.0,1.040341125579415
val_run_0,1453,922.0,1.3488615310669974
val_run_0,1454,921.0,1.7821419964115517
val_run_0,1455,920.0,1.2355417843818237
val_run_0,1456,919.0,1.482995982917807
val_run_0,1457,918.0,1.4345477247027303
val_run_0,1458,917.0,1.2263621585937086
val_run_0,1459,916.0,1.356428522412883
val_run_0,1460,915.0,1.4128833430583982
val_run_0,1461,914.0,1.426249407375525
val_run_0,1462,913.0,1.3155746466812703
val_run_0,1463,912.0,1.634933982474004
val_run_0,1464,911.0,0.993170658690984
val_run_0,1465,910.0,1.457139371823099
val_run_0,1466,909.0,1.2075467975845717
val_run_0,1467,908.0,1.1338145143083442
val_run_0,1468,907.0,1.5088985341737755
val_run_0,1469,906.0,1.2484842027672094
val_run_0,1470,905.0,1.8565733757638276
val_run_0,1471,904.0,1.0437594670878523
val_run_0,1472,903.0,1.7946800353186674
val_run_0,1473,902.0,4.990888545490044
val_run_0,1474,901.0,2.404952489747272
val_run_0,1475,900.0,1.835049682908032
val_run_0,1476,899.0,1.4409404818259381
val_run_0,1477,898.0,1.2920495545455264
val_run_0,1478,897.0,1.5560880914007584
val_run_0,1479,896.0,1.226326535951787
val_run_0,1480,895.0,1.205244185973638
val_run_0,1481,894.0,1.3358335012912963
val_run_0,1482,893.0,1.4344498673912465
val_run_0,1483,892.0,6.339638902090133
val_run_0,1484,891.0,1.7660054068197428
val_run_0,1485,890.0,1.3580143960314937
val_run_0,1486,889.0,1.7287962987261554
val_run_0,1487,888.0,1.6107531256800744
val_run_0,1488,887.0,1.5589539237253038
val_run_0,1489,886.0,1.3216589648404282
val_run_0,1490,885.0,1.1613614637755802
val_run_0,1491,884.0,1.0853907701682133
val_run_0,1492,883.0,1.411557033080668
val_run_0,1493,882.0,1.6758320313616977
val_run_0,1494,881.0,1.4894350871666113
val_run_0,1495,880.0,1.7509440297059116
val_run_0,1496,879.0,3.0960094644162277
val_run_0,1497,878.0,2.019951345170414
val_run_0,1498,877.0,1.7753804222193352
val_run_0,1499,876.0,1.2972252133665187
val_run_0,1500,875.0,1.3148702077360996
val_run_0,1501,874.0,1.224321680724624
val_run_0,1502,873.0,1.4898022067612817
val_run_0,1503,872.0,1.7959071011826957
val_run_0,1504,871.0,3.240740494485924
val_run_0,1505,870.0,1.7115871295363536
val_run_0,1506,869.0,1.3917754239274551
val_run_0,1507,868.0,1.2820944165489112
val_run_0,1508,867.0,1.7249710071306292
val_run_0,1509,866.0,1.6502290337527068
val_run_0,1510,865.0,1.5777315494099249
val_run_0,1511,864.0,1.4161862306189956
val_run_0,1512,863.0,1.4631984653341439
val_run_0,1513,862.0,1.5983880530544496
val_run_0,1514,861.0,1.6886832751424545
val_run_0,1515,860.0,1.8315765352805093
val_run_0,1516,859.0,1.4833170211434452
val_run_0,1517,858.0,1.6367087712301107
val_run_0,1518,857.0,1.478646458017221
val_run_0,1519,856.0,1.7671829876446494
val_run_0,1520,855.0,1.9485321927946433
val_run_0,1521,854.0,2.0240295754996325
val_run_0,1522,853.0,2.5566396814664225
val_run_0,1523,852.0,1.1860464529510268
val_run_0,1524,851.0,1.2471719740604263
val_run_0,1525,850.0,1.604453168671543
val_run_0,1526,849.0,3.189583509435301
val_run_0,1527,848.0,1.5611645679179993
val_run_0,1528,847.0,2.154105610908153
val_run_0,1529,846.0,1.5388265775333172
val_run_0,1530,845.0,1.854614543095645
val_run_0,1531,844.0,2.6942595514898025
val_run_0,1532,843.0,1.7459729287287462
val_run_0,1533,842.0,1.598394866505787
val_run_0,1534,841.0,1.5203160333894137
val_run_0,1535,840.0,2.1428269962876456
val_run_0,1536,839.0,1.7552816436824057
val_run_0,1537,838.0,1.8080080770059066
val_run_0,1538,837.0,1.1490165574259428
val_run_0,1539,836.0,1.6718338295708555
val_run_0,1540,835.0,1.8241167307129742
val_run_0,1541,834.0,1.6709614920140408
val_run_0,1542,833.0,1.3847592706380907
val_run_0,1543,832.0,1.8362404179976433
val_run_0,1544,831.0,2.1328755818135425
val_run_0,1545,830.0,1.7781313986911482
val_run_0,1546,829.0,1.7963619620039417
val_run_0,1547,828.0,1.561367551054358
val_run_0,1548,827.0,3.2395811087697064
val_run_0,1549,826.0,1.6902069734411236
val_run_0,1550,825.0,1.628690698929411
val_run_0,1551,824.0,1.4883289647460125
val_run_0,1552,823.0,2.8476026107626238
val_run_0,1553,822.0,2.8371300622207922
val_run_0,1554,821.0,2.946913398967818
val_run_0,1555,820.0,1.6189927987780321
val_run_0,1556,819.0,2.5384163979474126
val_run_0,1557,818.0,1.811001871787028
val_run_0,1558,817.0,7.927206002220854
val_run_0,1559,816.0,1.9578955400819105
val_run_0,1560,815.0,2.082431149264182
val_run_0,1561,814.0,1.99953888999737
val_run_0,1562,813.0,1.533945308851991
val_run_0,1563,812.0,2.933954669828166
val_run_0,1564,811.0,1.9368882063166155
val_run_0,1565,810.0,1.3716260375901135
val_run_0,1566,809.0,1.7468594841026543
val_run_0,1567,808.0,2.534216230484552
val_run_0,1568,807.0,1.9541422548767262
val_run_0,1569,806.0,1.716898349912115
val_run_0,1570,805.0,1.7815429666077374
val_run_0,1571,804.0,1.9354007840687717
val_run_0,1572,803.0,2.3725073909858625
val_run_0,1573,802.0,1.7216268633643768
val_run_0,1574,801.0,1.3936057598864715
val_run_0,1575,800.0,1.959600860225835
val_run_0,1576,799.0,1.344797638538395
val_run_0,1577,798.0,1.3880392216478825
val_run_0,1578,797.0,2.0137408301928477
val_run_0,1579,796.0,1.9846525642243589
val_run_0,1580,795.0,1.621223209917736
val_run_0,1581,794.0,2.084437442854071
val_run_0,1582,793.0,1.9116835334144056
val_run_0,1583,792.0,2.25785186439163
val_run_0,1584,791.0,2.31498732954379
val_run_0,1585,790.0,2.792747415105505
val_run_0,1586,789.0,1.9134982905860074
val_run_0,1587,788.0,1.7696203518434728
val_run_0,1588,787.0,2.016973022533834
val_run_0,1589,786.0,1.8370847905324623
val_run_0,1590,785.0,1.764903516173219
val_run_0,1591,784.0,4.152075358098605
val_run_0,1592,783.0,1.7017856807177356
val_run_0,1593,782.0,1.713537763361849
val_run_0,1594,781.0,1.5056597856357907
val_run_0,1595,780.0,1.8976802247645341
val_run_0,1596,779.0,2.1032899019065536
val_run_0,1597,778.0,1.7414255529393359
val_run_0,1598,777.0,2.2178868463787476
val_run_0,1599,776.0,2.47627237695473
val_run_0,1600,775.0,1.788541029134596
val_run_0,1601,774.0,1.6843080116770313
val_run_0,1602,773.0,1.9255830600019412
val_run_0,1603,772.0,1.8818040956625974
val_run_0,1604,771.0,1.6524392394753438
val_run_0,1605,770.0,1.4902535319061756
val_run_0,1606,769.0,1.8250453667425908
val_run_0,1607,768.0,1.6751214670135355
val_run_0,1608,767.0,2.1032869147696056
val_run_0,1609,766.0,1.776114066790607
val_run_0,1610,765.0,1.8935564321270448
val_run_0,1611,764.0,2.3108009690913174
val_run_0,1612,763.0,1.985839431517602
val_run_0,1613,762.0,3.898484568844578
val_run_0,1614,761.0,2.078311031963481
val_run_0,1615,760.0,4.015861608600968
val_run_0,1616,759.0,2.975511902783926
val_run_0,1617,758.0,2.182744999974303
val_run_0,1618,757.0,2.098645856927095
val_run_0,1619,756.0,2.5305799003845424
val_run_0,1620,755.0,17.073351533920658
val_run_0,1621,754.0,2.0453574753447064
val_run_0,1622,753.0,5.001462525287375
val_run_0,1623,752.0,1.9715388990842713
val_run_0,1624,751.0,2.275511150768972
val_run_0,1625,750.0,2.554810114674103
val_run_0,1626,749.0,7.435209504958453
val_run_0,1627,748.0,2.958197406300884
val_run_0,1628,747.0,1.93824978247267
val_run_0,1629,746.0,21.574747659604743
val_run_0,1630,745.0,2.41043528184564
val_run_0,1631,744.0,3.251239081983627
val_run_0,1632,743.0,23.392357488875927
val_run_0,1633,742.0,2.112441865092524
val_run_0,1634,741.0,21.932649724070206
val_run_0,1635,740.0,2.4523254253325897
val_run_0,1636,739.0,1.6465133528624996
val_run_0,1637,738.0,20.236809294438928
val_run_0,1638,737.0,23.980294552669882
val_run_0,1639,736.0,1.88301096574985
val_run_0,1640,735.0,2.0694326368643234
val_run_0,1641,734.0,9.098057302733576
val_run_0,1642,733.0,15.023713980189978
val_run_0,1643,732.0,23.246104704047433
val_run_0,1644,731.0,3.420400104888801
val_run_0,1645,730.0,7.993009101561117
val_run_0,1646,729.0,10.372284317786875
val_run_0,1647,728.0,18.807640471356734
val_run_0,1648,727.0,7.9584092962714
val_run_0,1649,726.0,1.9704228995899977
val_run_0,1650,725.0,24.843235937191682
val_run_0,1651,724.0,2.0615637055949776
val_run_0,1652,723.0,16.76213171640212
val_run_0,1653,722.0,2.753161621053388
val_run_0,1654,721.0,3.157508055998023
val_run_0,1655,720.0,16.49266564740723
val_run_0,1656,719.0,2.967480376206869
val_run_0,1657,718.0,1.7714754625990508
val_run_0,1658,717.0,2.3573995137453623
val_run_0,1659,716.0,14.96429792622575
val_run_0,1660,715.0,6.384976887179307
val_run_0,1661,714.0,13.353435551824557
val_run_0,1662,713.0,7.825208042303797
val_run_0,1663,712.0,26.24990595166928
val_run_0,1664,711.0,2.3610811477414138
val_run_0,1665,710.0,1.6618443144886101
val_run_0,1666,709.0,24.524173261511187
val_run_0,1667,708.0,3.024979617761244
val_run_0,1668,707.0,3.3873223515737765
val_run_0,1669,706.0,2.8539881303532817
val_run_0,1670,705.0,14.164464049889641
val_run_0,1671,704.0,2.6884211100318165
val_run_0,1672,703.0,1.9533854541381312
val_run_0,1673,702.0,21.97966516379584
val_run_0,1674,701.0,2.372387082320714
val_run_0,1675,700.0,25.66026539641888
val_run_0,1676,699.0,23.07122855989612
val_run_0,1677,698.0,9.296760004728853
val_run_0,1678,697.0,6.547833166063199
val_run_0,1679,696.0,1.94466046853428
val_run_0,1680,695.0,3.0359580481936996
val_run_0,1681,694.0,5.4254222677259305
val_run_0,1682,693.0,2.0440794042013906
val_run_0,1683,692.0,13.184411081341853
val_run_0,1684,691.0,17.829497466393086
val_run_0,1685,690.0,2.3519831342858977
val_run_0,1686,689.0,3.496209792811059
val_run_0,1687,688.0,18.077027259876907
val_run_0,1688,687.0,26.905418006842353
val_run_0,1689,686.0,3.0510741453878136
val_run_0,1690,685.0,3.2872496227258727
val_run_0,1691,684.0,18.80556562829738
val_run_0,1692,683.0,18.898042919565885
val_run_0,1693,682.0,15.339367115303393
val_run_0,1694,681.0,2.7878422260660702
val_run_0,1695,680.0,4.936263091935353
val_run_0,1696,679.0,2.508987734469906
val_run_0,1697,678.0,10.620709669212323
val_run_0,1698,677.0,2.6887041840572485
val_run_0,1699,676.0,2.084719146276315
val_run_0,1700,675.0,21.7459112335837
val_run_0,1701,674.0,18.91199053309243
val_run_0,1702,673.0,4.128651971687423
val_run_0,1703,672.0,15.563661551498402
val_run_0,1704,671.0,2.2153192018146526
val_run_0,1705,670.0,4.711958837755532
val_run_0,1706,669.0,19.90508769083528
val_run_0,1707,668.0,4.048998004919477
val_run_0,1708,667.0,19.170942048384354
val_run_0,1709,666.0,10.467387684468727
val_run_0,1710,665.0,4.6979250729400075
val_run_0,1711,664.0,18.387003898847983
val_run_0,1712,663.0,9.987675445633517
val_run_0,1713,662.0,21.89268520372279
val_run_0,1714,661.0,20.93332164947885
val_run_0,1715,660.0,21.95810964648203
val_run_0,1716,659.0,23.603777229188694
val_run_0,1717,658.0,7.044183720830534
val_run_0,1718,657.0,12.75074463669058
val_run_0,1719,656.0,21.202859672733876
val_run_0,1720,655.0,21.414414101303194
val_run_0,1721,654.0,15.025965103816219
val_run_0,1722,653.0,20.143678386266373
val_run_0,1723,652.0,3.4348163218773076
val_run_0,1724,651.0,13.302303534227969
val_run_0,1725,650.0,18.255803353974553
val_run_0,1726,649.0,25.87509374322416
val_run_0,1727,648.0,2.638922474579293
val_run_0,1728,647.0,19.593010724805723
val_run_0,1729,646.0,20.14419158702156
val_run_0,1730,645.0,2.490146643864513
val_run_0,1731,644.0,7.168281810029829
val_run_0,1732,643.0,23.69233362117631
val_run_0,1733,642.0,21.59885622662599
val_run_0,1734,641.0,22.86540843759114
val_run_0,1735,640.0,8.106754742424641
val_run_0,1736,639.0,3.0914650377852495
val_run_0,1737,638.0,18.592855642301878
val_run_0,1738,637.0,3.57575683974366
val_run_0,1739,636.0,25.273753810020985
val_run_0,1740,635.0,3.389200205020893
val_run_0,1741,634.0,20.4486934456164
val_run_0,1742,633.0,17.245128184968316
val_run_0,1743,632.0,25.17246058634678
val_run_0,1744,631.0,19.740376022587775
val_run_0,1745,630.0,19.572799213226556
val_run_0,1746,629.0,18.96766367451929
val_run_0,1747,628.0,2.571130485230518
val_run_0,1748,627.0,24.867252157269796
val_run_0,1749,626.0,17.148912671744437
val_run_0,1750,625.0,19.551875089803946
val_run_0,1751,624.0,7.870127615835566
val_run_0,1752,623.0,14.046784431986278
val_run_0,1753,622.0,3.5664575097939313
val_run_0,1754,621.0,27.05816745507668
val_run_0,1755,620.0,5.036121063372598
val_run_0,1756,619.0,9.117058504674509
val_run_0,1757,618.0,11.732604993991654
val_run_0,1758,617.0,22.31593859861359
val_run_0,1759,616.0,9.617769809384509
val_run_0,1760,615.0,13.998319411793139
val_run_0,1761,614.0,10.996791220833405
val_run_0,1762,613.0,22.96940775857738
val_run_0,1763,612.0,13.614765570267664
val_run_0,1764,611.0,2.1924149968116753
val_run_0,1765,610.0,39.58332282960007
val_run_0,1766,609.0,9.605332876007882
val_run_0,1767,608.0,7.6906995309802
val_run_0,1768,607.0,26.151978364877976
val_run_0,1769,606.0,31.813566149073228
val_run_0,1770,605.0,20.996620338898815
val_run_0,1771,604.0,7.674789626944333
val_run_0,1772,603.0,4.598005332626759
val_run_0,1773,602.0,23.88795550154948
val_run_0,1774,601.0,17.483432544534715
val_run_0,1775,600.0,21.915738572871245
val_run_0,1776,599.0,24.49269024824113
val_run_0,1777,598.0,21.44315694746774
val_run_0,1778,597.0,23.975588824949707
val_run_0,1779,596.0,15.07278493480502
val_run_0,1780,595.0,21.483618756049577
val_run_0,1781,594.0,21.54359272912938
val_run_0,1782,593.0,27.095239147266334
val_run_0,1783,592.0,23.356453652056825
val_run_0,1784,591.0,22.326584195207367
val_run_0,1785,590.0,23.867660582339887
val_run_0,1786,589.0,24.32469582111869
val_run_0,1787,588.0,23.226914292260986
val_run_0,1788,587.0,17.867290276935805
val_run_0,1789,586.0,29.03392683861274
val_run_0,1790,585.0,23.338073718830564
val_run_0,1791,584.0,28.732483466912715
val_run_0,1792,583.0,20.837243135189034
val_run_0,1793,582.0,24.718289961063213
val_run_0,1794,581.0,22.11792361623137
val_run_0,1795,580.0,7.943839484887496
val_run_0,1796,579.0,28.06195432208923
val_run_0,1797,578.0,17.578885747107826
val_run_0,1798,577.0,19.589174669819094
val_run_0,1799,576.0,14.302843707336468
val_run_0,1800,575.0,25.0785081716587
val_run_0,1801,574.0,12.812510264766832
val_run_0,1802,573.0,23.57184388883403
val_run_0,1803,572.0,21.81036309622639
val_run_0,1804,571.0,23.224040509632832
val_run_0,1805,570.0,29.006284807534087
val_run_0,1806,569.0,20.45204294367571
val_run_0,1807,568.0,13.929268645646923
val_run_0,1808,567.0,21.66766961869306
val_run_0,1809,566.0,7.4384698083901215
val_run_0,1810,565.0,24.36505019146399
val_run_0,1811,564.0,21.246060930626047
val_run_0,1812,563.0,21.49495917544798
val_run_0,1813,562.0,23.117513428311824
val_run_0,1814,561.0,22.529177798006774
val_run_0,1815,560.0,22.511831043597724
val_run_0,1816,559.0,19.303427256122387
val_run_0,1817,558.0,23.554860935636714
val_run_0,1818,557.0,29.14237016871134
val_run_0,1819,556.0,29.04363097043148
val_run_0,1820,555.0,23.98738073982195
val_run_0,1821,554.0,21.651649977438964
val_run_0,1822,553.0,19.27612808753256
val_run_0,1823,552.0,21.61000305098255
val_run_0,1824,551.0,21.269993121222537
val_run_0,1825,550.0,21.622621087918887
val_run_0,1826,549.0,41.08519524665185
val_run_0,1827,548.0,21.987281960986287
val_run_0,1828,547.0,29.31777262201473
val_run_0,1829,546.0,21.532456857982275
val_run_0,1830,545.0,19.74149402277569
val_run_0,1831,544.0,22.624156727844586
val_run_0,1832,543.0,25.717679411543905
val_run_0,1833,542.0,29.76213604347176
val_run_0,1834,541.0,24.897378408895115
val_run_0,1835,540.0,27.52202468132728
val_run_0,1836,539.0,26.48800468067902
val_run_0,1837,538.0,28.22095194924885
val_run_0,1838,537.0,21.65650136569527
val_run_0,1839,536.0,14.7683295973817
val_run_0,1840,535.0,8.571618455852649
val_run_0,1841,534.0,20.345758940794614
val_run_0,1842,533.0,7.694119606681872
val_run_0,1843,532.0,20.803844698463063
val_run_0,1844,531.0,24.010382024262416
val_run_0,1845,530.0,19.10002394998234
val_run_0,1846,529.0,13.304610430985267
val_run_0,1847,528.0,13.38521806770874
val_run_0,1848,527.0,23.308597809318876
val_run_0,1849,526.0,22.380361626528035
val_run_0,1850,525.0,24.18742860677998
val_run_0,1851,524.0,27.597365244695773
val_run_0,1852,523.0,24.635263327298574
val_run_0,1853,522.0,23.149599146886068
val_run_0,1854,521.0,19.15321619509119
val_run_0,1855,520.0,24.77375584313293
val_run_0,1856,519.0,21.434162965980974
val_run_0,1857,518.0,27.604637482698884
val_run_0,1858,517.0,22.680897390293197
val_run_0,1859,516.0,26.622077461571706
val_run_0,1860,515.0,26.451769842234164
val_run_0,1861,514.0,18.814165179319957
val_run_0,1862,513.0,19.86790420163012
val_run_0,1863,512.0,31.00339277758921
val_run_0,1864,511.0,22.477688154240546
val_run_0,1865,510.0,20.147958062256993
val_run_0,1866,509.0,15.489320934480023
val_run_0,1867,508.0,24.082747450953466
val_run_0,1868,507.0,19.10031139480279
val_run_0,1869,506.0,23.229286204152864
val_run_0,1870,505.0,13.209022543122419
val_run_0,1871,504.0,14.664657182156926
val_run_0,1872,503.0,22.369833004275627
val_run_0,1873,502.0,18.690618955927032
val_run_0,1874,501.0,3.0834443651876358
val_run_0,1875,500.0,7.804716138468791
val_run_0,1876,499.0,45.29132812463969
val_run_0,1877,498.0,18.628960890872452
val_run_0,1878,497.0,20.497830206186617
val_run_0,1879,496.0,21.144592423739986
val_run_0,1880,495.0,26.118940082141023
val_run_0,1881,494.0,22.429168528803658
val_run_0,1882,493.0,52.68094830808404
val_run_0,1883,492.0,24.944801456042814
val_run_0,1884,491.0,23.1554864186588
val_run_0,1885,490.0,17.088413738557556
val_run_0,1886,489.0,18.70298105328792
val_run_0,1887,488.0,14.464223299842597
val_run_0,1888,487.0,23.754905276077288
val_run_0,1889,486.0,28.001264624274604
val_run_0,1890,485.0,29.83356878297592
val_run_0,1891,484.0,21.895865781616852
val_run_0,1892,483.0,23.00061091208136
val_run_0,1893,482.0,23.54440281969708
val_run_0,1894,481.0,3.636910871163998
val_run_0,1895,480.0,24.86839462699047
val_run_0,1896,479.0,14.582334344337562
val_run_0,1897,478.0,23.565777449237707
val_run_0,1898,477.0,20.47555906920219
val_run_0,1899,476.0,19.76012275101757
val_run_0,1900,475.0,18.246023986882978
val_run_0,1901,474.0,35.24766312215512
val_run_0,1902,473.0,24.61399474707215
val_run_0,1903,472.0,22.174834211680427
val_run_0,1904,471.0,20.2896875243403
val_run_0,1905,470.0,23.849459994882075
val_run_0,1906,469.0,30.116454699050404
val_run_0,1907,468.0,18.926184015751502
val_run_0,1908,467.0,25.327470346057734
val_run_0,1909,466.0,22.52255129308524
val_run_0,1910,465.0,15.44830536183068
val_run_0,1911,464.0,26.018323105428266
val_run_0,1912,463.0,25.418650195609615
val_run_0,1913,462.0,35.34273265709791
val_run_0,1914,461.0,13.041873293523048
val_run_0,1915,460.0,17.523665557139047
val_run_0,1916,459.0,5.977979314498784
val_run_0,1917,458.0,19.455374092810573
val_run_0,1918,457.0,29.316798607153324
val_run_0,1919,456.0,43.53521170146355
val_run_0,1920,455.0,29.930513909125644
val_run_0,1921,454.0,19.81925598575388
val_run_0,1922,453.0,23.44848235432643
val_run_0,1923,452.0,22.861041309272984
val_run_0,1924,451.0,24.237009390610645
val_run_0,1925,450.0,14.78669324296824
val_run_0,1926,449.0,8.599280670044077
val_run_0,1927,448.0,35.43429056519746
val_run_0,1928,447.0,11.516436387795135
val_run_0,1929,446.0,19.81813372847471
val_run_0,1930,445.0,21.557080562433104
val_run_0,1931,444.0,21.01168875469396
val_run_0,1932,443.0,19.665548835234574
val_run_0,1933,442.0,10.292770727500972
val_run_0,1934,441.0,19.058348323858006
val_run_0,1935,440.0,26.018985064132096
val_run_0,1936,439.0,22.066284848680613
val_run_0,1937,438.0,21.450749914764362
val_run_0,1938,437.0,24.4681235718548
val_run_0,1939,436.0,20.50405076575074
val_run_0,1940,435.0,24.768100224683796
val_run_0,1941,434.0,14.351394862308396
val_run_0,1942,433.0,30.29133106180682
val_run_0,1943,432.0,21.771494300165596
val_run_0,1944,431.0,20.4168776858938
val_run_0,1945,430.0,27.243015263759276
val_run_0,1946,429.0,25.991548268905127
val_run_0,1947,428.0,23.535973523181873
val_run_0,1948,427.0,29.819349398933404
val_run_0,1949,426.0,17.44126202866265
val_run_0,1950,425.0,29.963556483393564
val_run_0,1951,424.0,7.628595139208326
val_run_0,1952,423.0,18.035970152127746
val_run_0,1953,422.0,19.68270664223149
val_run_0,1954,421.0,31.83055056881467
val_run_0,1955,420.0,23.41338063819886
val_run_0,1956,419.0,11.11162549948209
val_run_0,1957,418.0,24.048382938637193
val_run_0,1958,417.0,32.11594615213015
val_run_0,1959,416.0,20.963741582076548
val_run_0,1960,415.0,27.22479219410967
val_run_0,1961,414.0,38.55162832993185
val_run_0,1962,413.0,24.16829153659164
val_run_0,1963,412.0,26.305239660583755
val_run_0,1964,411.0,26.24297441226177
val_run_0,1965,410.0,25.36332922542949
val_run_0,1966,409.0,27.24900565345076
val_run_0,1967,408.0,10.545378393129258
val_run_0,1968,407.0,4.589596867968414
val_run_0,1969,406.0,21.933765200339423
val_run_0,1970,405.0,13.796231581803497
val_run_0,1971,404.0,22.023870084437043
val_run_0,1972,403.0,23.099804257562077
val_run_0,1973,402.0,21.528300173122936
val_run_0,1974,401.0,19.188502155030346
val_run_0,1975,400.0,37.03669342532765
val_run_0,1976,399.0,22.703509655440268
val_run_0,1977,398.0,28.88653344666555
val_run_0,1978,397.0,18.02363659305187
val_run_0,1979,396.0,30.63216307242402
val_run_0,1980,395.0,22.67848750954585
val_run_0,1981,394.0,14.262059956605947
val_run_0,1982,393.0,12.186191100176055
val_run_0,1983,392.0,29.80162448438893
val_run_0,1984,391.0,10.850221221898739
val_run_0,1985,390.0,23.462425900394596
val_run_0,1986,389.0,22.565801121865455
val_run_0,1987,388.0,16.76407058939357
val_run_0,1988,387.0,22.86264385295719
val_run_0,1989,386.0,15.362344471319346
val_run_0,1990,385.0,9.514046970446397
val_run_0,1991,384.0,23.618573736764308
val_run_0,1992,383.0,23.153012520936617
val_run_0,1993,382.0,23.653561918084982
val_run_0,1994,381.0,12.463817687512492
val_run_0,1995,380.0,21.76007376890918
val_run_0,1996,379.0,3.6558118387836425
val_run_0,1997,378.0,23.554026876971836
val_run_0,1998,377.0,26.034293384014784
val_run_0,1999,376.0,22.287138320827047
val_run_0,2000,375.0,26.13463103838734
val_run_0,2001,374.0,24.429842698766237
val_run_0,2002,373.0,32.061103697575746
val_run_0,2003,372.0,24.762872394089957
val_run_0,2004,371.0,20.944472983497867
val_run_0,2005,370.0,27.034541122428948
val_run_0,2006,369.0,14.003007980234509
val_run_0,2007,368.0,37.18724156102709
val_run_0,2008,367.0,34.44060930866881
val_run_0,2009,366.0,12.558723300891232
val_run_0,2010,365.0,28.27886437649687
val_run_0,2011,364.0,23.104104027961107
val_run_0,2012,363.0,22.00483739968284
val_run_0,2013,362.0,24.702749395339943
val_run_0,2014,361.0,31.84613857087724
val_run_0,2015,360.0,20.33852946848266
val_run_0,2016,359.0,15.380311125613318
val_run_0,2017,358.0,17.195209009369798
val_run_0,2018,357.0,26.844361596371563
val_run_0,2019,356.0,25.10821724682955
val_run_0,2020,355.0,25.211371716127683
val_run_0,2021,354.0,26.37837328818556
val_run_0,2022,353.0,23.973285130512163
val_run_0,2023,352.0,20.879622122898713
val_run_0,2024,351.0,17.609203507362626
val_run_0,2025,350.0,25.133996868474213
val_run_0,2026,349.0,26.225992345175797
val_run_0,2027,348.0,28.89304106128891
val_run_0,2028,347.0,24.95745666911427
val_run_0,2029,346.0,23.907128320836332
val_run_0,2030,345.0,31.575150965729108
val_run_0,2031,344.0,23.56372249177533
val_run_0,2032,343.0,18.552126329969845
val_run_0,2033,342.0,4.469462458129711
val_run_0,2034,341.0,19.166008743678756
val_run_0,2035,340.0,23.307804901123976
val_run_0,2036,339.0,13.34412439836089
val_run_0,2037,338.0,27.95178035131429
val_run_0,2038,337.0,23.625873194361418
val_run_0,2039,336.0,15.744450668038724
val_run_0,2040,335.0,24.914905425070994
val_run_0,2041,334.0,24.873039759924023
val_run_0,2042,333.0,25.67823337064928
val_run_0,2043,332.0,27.73811940681174
val_run_0,2044,331.0,32.58880775955823
val_run_0,2045,330.0,31.34987130149607
val_run_0,2046,329.0,19.083571590780117
val_run_0,2047,328.0,7.894598578007558
val_run_0,2048,327.0,23.023361132297584
val_run_0,2049,326.0,32.747563619861566
val_run_0,2050,325.0,23.721942596869184
val_run_0,2051,324.0,26.58069326521912
val_run_0,2052,323.0,22.32315517519131
val_run_0,2053,322.0,26.67272909771454
val_run_0,2054,321.0,22.579153870780445
val_run_0,2055,320.0,28.321596255738562
val_run_0,2056,319.0,27.514708712800417
val_run_0,2057,318.0,7.386844722764148
val_run_0,2058,317.0,26.19941349201436
val_run_0,2059,316.0,25.779204394175842
val_run_0,2060,315.0,13.602970711387545
val_run_0,2061,314.0,23.69117306087317
val_run_0,2062,313.0,19.601262225625963
val_run_0,2063,312.0,28.470291670424853
val_run_0,2064,311.0,5.196803653260808
val_run_0,2065,310.0,20.462716497131527
val_run_0,2066,309.0,23.462507243957894
val_run_0,2067,308.0,24.987265537333545
val_run_0,2068,307.0,25.08162985689078
val_run_0,2069,306.0,25.906782212985775
val_run_0,2070,305.0,22.890750333022602
val_run_0,2071,304.0,21.05398996307463
val_run_0,2072,303.0,37.54149545189817
val_run_0,2073,302.0,17.809418701077163
val_run_0,2074,301.0,126.87042469964021
val_run_0,2075,300.0,5.350394511909438
val_run_0,2076,299.0,5.488940224873394
val_run_0,2077,298.0,22.62366421108492
val_run_0,2078,297.0,22.14928351892726
val_run_0,2079,296.0,5.4790734749998355
val_run_0,2080,295.0,29.009442223205077
val_run_0,2081,294.0,7.094183430709149
val_run_0,2082,293.0,5.648655847130297
val_run_0,2083,292.0,21.868821608948654
val_run_0,2084,291.0,5.744754123691152
val_run_0,2085,290.0,22.714317578558628
val_run_0,2086,289.0,25.042394369824645
val_run_0,2087,288.0,4.892248981017309
val_run_0,2088,287.0,24.332795076566583
val_run_0,2089,286.0,3.659203217972366
val_run_0,2090,285.0,26.325795050623856
val_run_0,2091,284.0,5.396614155824727
val_run_0,2092,283.0,27.90946192604499
val_run_0,2093,282.0,28.57940991288397
val_run_0,2094,281.0,23.67905750124623
val_run_0,2095,280.0,30.22257007322218
val_run_0,2096,279.0,23.0607432690219
val_run_0,2097,278.0,25.89667794990165
val_run_0,2098,277.0,9.799774422750506
val_run_0,2099,276.0,17.39764630281413
val_run_0,2100,275.0,36.641946273270925
val_run_0,2101,274.0,26.532250911807107
val_run_0,2102,273.0,12.385986047370249
val_run_0,2103,272.0,24.58613571157511
val_run_0,2104,271.0,30.469854426988945
val_run_0,2105,270.0,40.64742403295461
val_run_0,2106,269.0,4.0586131789023945
val_run_0,2107,268.0,3.8105194581298356
val_run_0,2108,267.0,5.018963805844426
val_run_0,2109,266.0,23.080485226869722
val_run_0,2110,265.0,12.249323592398456
val_run_0,2111,264.0,4.1731254345964865
val_run_0,2112,263.0,5.842724313519693
val_run_0,2113,262.0,14.413228897967182
val_run_0,2114,261.0,25.464555640648953
val_run_0,2115,260.0,21.113822052822393
val_run_0,2116,259.0,36.00702689747753
val_run_0,2117,258.0,23.321829442195778
val_run_0,2118,257.0,4.638826890177727
val_run_0,2119,256.0,8.882749507320074
val_run_0,2120,255.0,33.96374912707227
val_run_0,2121,254.0,25.899916055397096
val_run_0,2122,253.0,26.178529504698986
val_run_0,2123,252.0,19.06031119185336
val_run_0,2124,251.0,10.280284178319308
val_run_0,2125,250.0,23.497721187905892
val_run_0,2126,249.0,28.50662196516098
val_run_0,2127,248.0,38.02396974690343
val_run_0,2128,247.0,22.679334651606727
val_run_0,2129,246.0,49.04911265826202
val_run_0,2130,245.0,28.088871596107698
val_run_0,2131,244.0,22.394250258336456
val_run_0,2132,243.0,37.7163961203019
val_run_0,2133,242.0,31.980004256946792
val_run_0,2134,241.0,20.585767246479005
val_run_0,2135,240.0,5.074350244638684
val_run_0,2136,239.0,11.396315214063836
val_run_0,2137,238.0,29.99970022567266
val_run_0,2138,237.0,32.21317912396692
val_run_0,2139,236.0,42.388502622519574
val_run_0,2140,235.0,31.400359429280535
val_run_0,2141,234.0,28.837152715583237
val_run_0,2142,233.0,32.61102471052163
val_run_0,2143,232.0,23.585188693606657
val_run_0,2144,231.0,33.15941638492212
val_run_0,2145,230.0,23.233259704316684
val_run_0,2146,229.0,28.067752993853862
val_run_0,2147,228.0,32.43116910152817
val_run_0,2148,227.0,22.66963825880126
val_run_0,2149,226.0,28.692311791235756
val_run_0,2150,225.0,37.91936906160909
val_run_0,2151,224.0,3.4130928223485384
val_run_0,2152,223.0,22.395090340336
val_run_0,2153,222.0,42.13008706552218
val_run_0,2154,221.0,26.470977734431
val_run_0,2155,220.0,25.452153692651542
val_run_0,2156,219.0,6.449909741890737
val_run_0,2157,218.0,6.44276542492007
val_run_0,2158,217.0,23.071719971679077
val_run_0,2159,216.0,24.913751059986005
val_run_0,2160,215.0,7.162509512625048
val_run_0,2161,214.0,6.427800371324254
val_run_0,2162,213.0,8.583122430401762
val_run_0,2163,212.0,47.19201582633089
val_run_0,2164,211.0,30.811990048099062
val_run_0,2165,210.0,30.540121936615332
val_run_0,2166,209.0,23.26905662899309
val_run_0,2167,208.0,27.71063696170802
val_run_0,2168,207.0,9.056793577564639
val_run_0,2169,206.0,5.7088847234216775
val_run_0,2170,205.0,5.7286576060231
val_run_0,2171,204.0,24.29480132308806
val_run_0,2172,203.0,30.563039410566766
val_run_0,2173,202.0,27.212792729390095
val_run_0,2174,201.0,31.863816228953375
val_run_0,2175,200.0,24.840537924924252
val_run_0,2176,199.0,4.464808779801119
val_run_0,2177,198.0,27.891900872930314
val_run_0,2178,197.0,28.89719408815297
val_run_0,2179,196.0,8.522226865703852
val_run_0,2180,195.0,6.903878240201722
val_run_0,2181,194.0,6.306563777730842
val_run_0,2182,193.0,23.10122088455431
val_run_0,2183,192.0,18.392783149243144
val_run_0,2184,191.0,11.114275768891302
val_run_0,2185,190.0,12.633860106768651
val_run_0,2186,189.0,29.462259160689133
val_run_0,2187,188.0,28.64586631970992
val_run_0,2188,187.0,25.706803913031735
val_run_0,2189,186.0,40.27360928452975
val_run_0,2190,185.0,38.17317068330056
val_run_0,2191,184.0,24.86165265489442
val_run_0,2192,183.0,29.80797121959825
val_run_0,2193,182.0,29.64494061676274
val_run_0,2194,181.0,16.171104711720997
val_run_0,2195,180.0,30.449665820510223
val_run_0,2196,179.0,13.748166922421529
val_run_0,2197,178.0,8.600742714885767
val_run_0,2198,177.0,19.624604312860743
val_run_0,2199,176.0,4.647929013591426
val_run_0,2200,175.0,12.242061594276928
val_run_0,2201,174.0,4.545321418417748
val_run_0,2202,173.0,31.586632674766644
val_run_0,2203,172.0,24.21470169416817
val_run_0,2204,171.0,26.717467844856753
val_run_0,2205,170.0,38.05180791120378
val_run_0,2206,169.0,5.381510755515243
val_run_0,2207,168.0,8.756073484830193
val_run_0,2208,167.0,25.43516722108709
val_run_0,2209,166.0,8.058177783543462
val_run_0,2210,165.0,16.325391820814968
val_run_0,2211,164.0,27.25907083202847
val_run_0,2212,163.0,27.703131804139694
val_run_0,2213,162.0,4.023541492908647
val_run_0,2214,161.0,22.2941443095048
val_run_0,2215,160.0,6.337271749325824
val_run_0,2216,159.0,29.74145637877429
val_run_0,2217,158.0,7.2352885396655084
val_run_0,2218,157.0,23.89086347011068
val_run_0,2219,156.0,30.797107696053132
val_run_0,2220,155.0,30.576480908068056
val_run_0,2221,154.0,26.96248049099081
val_run_0,2222,153.0,4.4225277923585615
val_run_0,2223,152.0,15.301190875131734
val_run_0,2224,151.0,8.106250545719785
val_run_0,2225,150.0,10.944699103129201
val_run_0,2226,149.0,27.780589959113275
val_run_0,2227,148.0,30.138505811694607
val_run_0,2228,147.0,7.929933281013464
val_run_0,2229,146.0,9.22453691844856
val_run_0,2230,145.0,5.721210537715926
val_run_0,2231,144.0,26.507778062214584
val_run_0,2232,143.0,7.679094698624503
val_run_0,2233,142.0,57.83084673943832
val_run_0,2234,141.0,7.483901553626259
val_run_0,2235,140.0,28.06249206685181
val_run_0,2236,139.0,11.502834742734354
val_run_0,2237,138.0,35.620217262713034
val_run_0,2238,137.0,6.923106533401859
val_run_0,2239,136.0,32.75827577309135
val_run_0,2240,135.0,6.3228981430890885
val_run_0,2241,134.0,23.635431375782325
val_run_0,2242,133.0,4.739398654971882
val_run_0,2243,132.0,39.877538796375745
val_run_0,2244,131.0,5.9719863007231275
val_run_0,2245,130.0,7.829291525523561
val_run_0,2246,129.0,30.129908481150295
val_run_0,2247,128.0,10.315165474134158
val_run_0,2248,127.0,6.102776446800416
val_run_0,2249,126.0,27.69778658848575
val_run_0,2250,125.0,23.656566695494064
val_run_0,2251,124.0,11.310831406150244
val_run_0,2252,123.0,29.526750120677114
val_run_0,2253,122.0,14.48008788013308
val_run_0,2254,121.0,34.85729826485861
val_run_0,2255,120.0,40.56381605407244
val_run_0,2256,119.0,43.95515037586468
val_run_0,2257,118.0,28.299013405605955
val_run_0,2258,117.0,37.58604593945513
val_run_0,2259,116.0,43.804417633202966
val_run_0,2260,115.0,26.8674817845286
val_run_0,2261,114.0,17.704024281615997
val_run_0,2262,113.0,20.90422494166928
val_run_0,2263,112.0,36.7365874461972
val_run_0,2264,111.0,18.569401266325997
val_run_0,2265,110.0,31.908707689839083
val_run_0,2266,109.0,18.34486280193463
val_run_0,2267,108.0,29.87595164132922
val_run_0,2268,107.0,33.883233350740035
val_run_0,2269,106.0,39.20733866850346
val_run_0,2270,105.0,25.466102743066976
val_run_0,2271,104.0,33.60861288493212
val_run_0,2272,103.0,30.81663990781255
val_run_0,2273,102.0,44.20863785408737
val_run_0,2274,101.0,41.78991510734206
val_run_0,2275,100.0,19.707149303157472
val_run_0,2276,99.0,32.96642657023506
val_run_0,2277,98.0,26.148699691690958
val_run_0,2278,97.0,40.570182448999795
val_run_0,2279,96.0,16.249861068000076
val_run_0,2280,95.0,30.265155984816698
val_run_0,2281,94.0,32.04559170925268
val_run_0,2282,93.0,28.734550091297052
val_run_0,2283,92.0,31.340600950178782
val_run_0,2284,91.0,15.889249420171968
val_run_0,2285,90.0,17.827688940012813
val_run_0,2286,89.0,34.14076754685841
val_run_0,2287,88.0,26.912488822836735
val_run_0,2288,87.0,54.65045486998461
val_run_0,2289,86.0,19.80366574031425
val_run_0,2290,85.0,19.22213012796171
val_run_0,2291,84.0,19.79551051961085
val_run_0,2292,83.0,29.413191214089558
val_run_0,2293,82.0,20.759354254802794
val_run_0,2294,81.0,28.916995635277438
val_run_0,2295,80.0,33.94765284184338
val_run_0,2296,79.0,23.737972786154952
val_run_0,2297,78.0,20.22755711087955
val_run_0,2298,77.0,25.972876334584363
val_run_0,2299,76.0,35.49833788890176
val_run_0,2300,75.0,17.86344118664002
val_run_0,2301,74.0,22.010770173451355
val_run_0,2302,73.0,15.81510373808538
val_run_0,2303,72.0,30.201584591978467
val_run_0,2304,71.0,32.03760404697244
val_run_0,2305,70.0,32.74302537191873
val_run_0,2306,69.0,35.001529606564375
val_run_0,2307,68.0,34.95749962056743
val_run_0,2308,67.0,39.59089736177986
val_run_0,2309,66.0,20.61200087170402
val_run_0,2310,65.0,22.639053220900156
val_run_0,2311,64.0,19.0178166452724
val_run_0,2312,63.0,23.045289387156902
val_run_0,2313,62.0,37.45022898250953
val_run_0,2314,61.0,28.550641957404185
val_run_0,2315,60.0,36.44761165417566
val_run_0,2316,59.0,15.634799829935295
val_run_0,2317,58.0,15.774778778547196
val_run_0,2318,57.0,20.112858527995947
val_run_0,2319,56.0,38.271465001137884
val_run_0,2320,55.0,24.173916447824695
val_run_0,2321,54.0,36.107304711756015
val_run_0,2322,53.0,24.76115330840228
val_run_0,2323,52.0,36.299209597468334
val_run_0,2324,51.0,36.39847854721872
val_run_0,2325,50.0,47.13610832676915
val_run_0,2326,49.0,28.986463190786907
val_run_0,2327,48.0,37.536783384458616
val_run_0,2328,47.0,25.508296866883782
val_run_0,2329,46.0,41.60823393574276
val_run_0,2330,45.0,66.60003473465396
val_run_0,2331,44.0,52.328784906864186
val_run_0,2332,43.0,48.38687478177217
val_run_0,2333,42.0,44.03549762290177
val_run_0,2334,41.0,46.771177903850386
val_run_0,2335,40.0,43.107540145310814
val_run_0,2336,39.0,47.38537542651663
val_run_0,2337,38.0,48.97465207680727
val_run_0,2338,37.0,51.402145435832225
val_run_0,2339,36.0,49.78045564246393
val_run_0,2340,35.0,55.25812715133527
val_run_0,2341,34.0,41.769682388532054
val_run_0,2342,33.0,51.05542046163133
val_run_0,2343,32.0,56.2585501464775
val_run_0,2344,31.0,64.41209878372118
val_run_0,2345,30.0,63.712121150818255
val_run_0,2346,29.0,59.147126187178
val_run_0,2347,28.0,55.33160910611772
val_run_0,2348,27.0,57.12821501933231
val_run_0,2349,26.0,42.57764946924668
val_run_0,2350,25.0,49.277278831786575
val_run_0,2351,24.0,60.05946196578369
val_run_0,2352,23.0,67.84487642792479
val_run_0,2353,22.0,75.44619853102358
val_run_0,2354,21.0,71.14679703399841
val_run_0,2355,20.0,73.80846912568529
val_run_0,2356,19.0,70.88158770501045
val_run_0,2357,18.0,65.73464495297091
val_run_0,2358,17.0,66.02138399651334
val_run_0,2359,16.0,55.07537496168512
val_run_0,2360,15.0,67.45634281507056
val_run_0,2361,14.0,65.99064682205463
val_run_0,2362,13.0,74.50371752278485
val_run_0,2363,12.0,75.13593121361524
val_run_0,2364,11.0,88.9370837821184
val_run_0,2365,10.0,90.8544904510021
val_run_0,2366,9.0,90.66968390974586
val_run_0,2367,8.0,99.70402671261837
val_run_0,2368,7.0,107.54986090296259
val_run_0,2369,6.0,102.12709564452442
val_run_0,2370,5.0,109.34168440950027
val_run_0,2371,4.0,114.9420241000906
val_run_0,2372,3.0,109.97388484228638
val_run_0,2373,2.0,102.48787712402024
val_run_0,2374,1.0,81.45989334953836
test_run_0,0,1428.0,1.202191491625792
test_run_0,1,1427.0,1.039534768108456
test_run_0,2,1426.0,1.3418666290128791
test_run_0,3,1425.0,1.0648947784733012
test_run_0,4,1424.0,1.2322864281943868
test_run_0,5,1423.0,1.5194849419044245
test_run_0,6,1422.0,1.1232917767242383
test_run_0,7,1421.0,1.0971999868150517
test_run_0,8,1420.0,0.8294293469162435
test_run_0,9,1419.0,1.0622576839926032
test_run_0,10,1418.0,1.468674236047955
test_run_0,11,1417.0,0.9105112524213739
test_run_0,12,1416.0,0.8532496465386549
test_run_0,13,1415.0,0.831156476742526
test_run_0,14,1414.0,0.8231583227756285
test_run_0,15,1413.0,1.1303399877703315
test_run_0,16,1412.0,0.9738819393699018
test_run_0,17,1411.0,0.8059952996674372
test_run_0,18,1410.0,0.5736041486169244
test_run_0,19,1409.0,0.7466624281215374
test_run_0,20,1408.0,0.4295115926083441
test_run_0,21,1407.0,0.6772928486858749
test_run_0,22,1406.0,0.5945759649695246
test_run_0,23,1405.0,0.8263484815621196
test_run_0,24,1404.0,0.691756873427553
test_run_0,25,1403.0,0.5714860220835198
test_run_0,26,1402.0,0.7705471601008379
test_run_0,27,1401.0,0.9059603210252417
test_run_0,28,1400.0,0.6536620307240589
test_run_0,29,1399.0,0.5413669589680465
test_run_0,30,1398.0,0.6291149900090743
test_run_0,31,1397.0,0.7346229580080212
test_run_0,32,1396.0,0.6975935827763058
test_run_0,33,1395.0,0.6818051418857072
test_run_0,34,1394.0,0.7039790820843994
test_run_0,35,1393.0,1.291714557774435
test_run_0,36,1392.0,0.8657286917612543
test_run_0,37,1391.0,0.9213451795700932
test_run_0,38,1390.0,1.1672684364192247
test_run_0,39,1389.0,0.3981698477442987
test_run_0,40,1388.0,0.92521287052689
test_run_0,41,1387.0,0.5709838214786214
test_run_0,42,1386.0,0.4340481182021973
test_run_0,43,1385.0,0.5161735463805149
test_run_0,44,1384.0,0.5745858949914922
test_run_0,45,1383.0,0.508348650331363
test_run_0,46,1382.0,0.3441203464347726
test_run_0,47,1381.0,0.5428391695928231
test_run_0,48,1380.0,0.5108505337912828
test_run_0,49,1379.0,1.1303611398229738
test_run_0,50,1378.0,1.0456647053228514
test_run_0,51,1377.0,0.5304271391936113
test_run_0,52,1376.0,0.4317476557094112
test_run_0,53,1375.0,0.5040341087181193
test_run_0,54,1374.0,1.1858827684077309
test_run_0,55,1373.0,0.8404160069871219
test_run_0,56,1372.0,0.8708073418602659
test_run_0,57,1371.0,0.9514308322067977
test_run_0,58,1370.0,0.5825228630731127
test_run_0,59,1369.0,1.9361287447163869
test_run_0,60,1368.0,0.7393679436340697
test_run_0,61,1367.0,0.6371952272023691
test_run_0,62,1366.0,0.5677071704243221
test_run_0,63,1365.0,0.6174315507805482
test_run_0,64,1364.0,0.46580475880391703
test_run_0,65,1363.0,1.0962889143867502
test_run_0,66,1362.0,1.9127371951882632
test_run_0,67,1361.0,0.8368725918957493
test_run_0,68,1360.0,0.7615526748582224
test_run_0,69,1359.0,0.5527015435844941
test_run_0,70,1358.0,0.6341718136545594
test_run_0,71,1357.0,0.49076431563307565
test_run_0,72,1356.0,0.8142840117362977
test_run_0,73,1355.0,0.47063088928226177
test_run_0,74,1354.0,0.6016205145830218
test_run_0,75,1353.0,0.8231765006037826
test_run_0,76,1352.0,0.9617200190494992
test_run_0,77,1351.0,0.7584889700224069
test_run_0,78,1350.0,0.6354225637666816
test_run_0,79,1349.0,1.46102405192759
test_run_0,80,1348.0,0.5105652814223162
test_run_0,81,1347.0,0.5210537199119594
test_run_0,82,1346.0,0.8365046706357143
test_run_0,83,1345.0,0.5125397511052335
test_run_0,84,1344.0,0.7097919475636054
test_run_0,85,1343.0,0.652117329316553
test_run_0,86,1342.0,0.625448631192406
test_run_0,87,1341.0,0.6866557809327876
test_run_0,88,1340.0,0.8232337125267737
test_run_0,89,1339.0,0.4933871311118313
test_run_0,90,1338.0,0.7870365129669004
test_run_0,91,1337.0,0.5900149827455348
test_run_0,92,1336.0,0.8779760103481159
test_run_0,93,1335.0,0.9791385000795323
test_run_0,94,1334.0,0.6901579003719813
test_run_0,95,1333.0,0.7421785082073822
test_run_0,96,1332.0,0.6526534417533341
test_run_0,97,1331.0,0.8438126482349697
test_run_0,98,1330.0,0.4913258111434806
test_run_0,99,1329.0,0.22510738845210426
test_run_0,100,1328.0,0.5932529373295847
test_run_0,101,1327.0,0.9078381799883536
test_run_0,102,1326.0,0.5031500700476715
test_run_0,103,1325.0,0.5171804257645713
test_run_0,104,1324.0,0.6830965446196684
test_run_0,105,1323.0,0.4830990042813405
test_run_0,106,1322.0,0.37132035945613223
test_run_0,107,1321.0,0.7060817255966335
test_run_0,108,1320.0,0.9854275562695785
test_run_0,109,1319.0,0.6087121674773012
test_run_0,110,1318.0,0.6299080620478966
test_run_0,111,1317.0,1.215111142328943
test_run_0,112,1316.0,0.9478527969572083
test_run_0,113,1315.0,0.4729866631922942
test_run_0,114,1314.0,0.974938810662553
test_run_0,115,1313.0,0.6082304862805903
test_run_0,116,1312.0,0.4344288388877923
test_run_0,117,1311.0,0.6762850120590471
test_run_0,118,1310.0,0.7012928295841385
test_run_0,119,1309.0,0.39957736687540746
test_run_0,120,1308.0,0.697200567396177
test_run_0,121,1307.0,0.5338935083030203
test_run_0,122,1306.0,0.45462866289607895
test_run_0,123,1305.0,0.5005691048385518
test_run_0,124,1304.0,0.7718917592602474
test_run_0,125,1303.0,0.910826136809885
test_run_0,126,1302.0,0.6101159223493406
test_run_0,127,1301.0,0.7029010574709735
test_run_0,128,1300.0,0.48696574039596197
test_run_0,129,1299.0,0.7628190676589509
test_run_0,130,1298.0,0.41117891072020774
test_run_0,131,1297.0,1.4769601016296838
test_run_0,132,1296.0,0.5340004689585525
test_run_0,133,1295.0,0.6316870817463132
test_run_0,134,1294.0,0.6758360470335585
test_run_0,135,1293.0,0.46200317350197134
test_run_0,136,1292.0,0.6307127657116529
test_run_0,137,1291.0,1.2167948847671224
test_run_0,138,1290.0,0.43525804443308835
test_run_0,139,1289.0,0.535646650288037
test_run_0,140,1288.0,0.4283143005196213
test_run_0,141,1287.0,0.24912172552441603
test_run_0,142,1286.0,1.5013478857111744
test_run_0,143,1285.0,0.4585476512731548
test_run_0,144,1284.0,0.29639683227857205
test_run_0,145,1283.0,0.5677747821892958
test_run_0,146,1282.0,0.7206195321324399
test_run_0,147,1281.0,1.0646805260068506
test_run_0,148,1280.0,0.2977295153207352
test_run_0,149,1279.0,0.7926008250386918
test_run_0,150,1278.0,0.8425374022272323
test_run_0,151,1277.0,0.4326366106335273
test_run_0,152,1276.0,0.7023747794453437
test_run_0,153,1275.0,0.5444088744834363
test_run_0,154,1274.0,1.232604585063891
test_run_0,155,1273.0,0.3185557570550578
test_run_0,156,1272.0,3.187426173743549
test_run_0,157,1271.0,0.5607887423048581
test_run_0,158,1270.0,0.4069555648639125
test_run_0,159,1269.0,0.7520007079420288
test_run_0,160,1268.0,0.6316976747192731
test_run_0,161,1267.0,0.7969848730322928
test_run_0,162,1266.0,0.9427263343309867
test_run_0,163,1265.0,0.6889645163872179
test_run_0,164,1264.0,0.3368420148632991
test_run_0,165,1263.0,0.41503405910498714
test_run_0,166,1262.0,0.6620954895957626
test_run_0,167,1261.0,0.5295106427999803
test_run_0,168,1260.0,0.7172042636304209
test_run_0,169,1259.0,0.950840864828541
test_run_0,170,1258.0,0.5492707962097778
test_run_0,171,1257.0,0.9691649451811385
test_run_0,172,1256.0,0.5066614087192721
test_run_0,173,1255.0,0.48493479593022093
test_run_0,174,1254.0,0.6310376004288509
test_run_0,175,1253.0,0.7389184316790607
test_run_0,176,1252.0,1.320375119420882
test_run_0,177,1251.0,0.859680089054376
test_run_0,178,1250.0,0.267322799822053
test_run_0,179,1249.0,0.6064401877036827
test_run_0,180,1248.0,0.3655322097094541
test_run_0,181,1247.0,0.5118398926683545
test_run_0,182,1246.0,0.7138003229322593
test_run_0,183,1245.0,0.8323293857800078
test_run_0,184,1244.0,0.3566586203400965
test_run_0,185,1243.0,0.6865263912847329
test_run_0,186,1242.0,0.7453819650232527
test_run_0,187,1241.0,0.9961136120750973
test_run_0,188,1240.0,0.41145412761350403
test_run_0,189,1239.0,0.8661069537841835
test_run_0,190,1238.0,0.6940772485459842
test_run_0,191,1237.0,0.7922998152247184
test_run_0,192,1236.0,0.6640827551513274
test_run_0,193,1235.0,0.9552400416467659
test_run_0,194,1234.0,0.4172883978908709
test_run_0,195,1233.0,0.638916404577001
test_run_0,196,1232.0,0.6764266563597154
test_run_0,197,1231.0,0.7328078550673424
test_run_0,198,1230.0,0.3140582450895326
test_run_0,199,1229.0,0.6522577779294981
test_run_0,200,1228.0,0.48318237364139094
test_run_0,201,1227.0,0.4963008426323719
test_run_0,202,1226.0,0.8858318591174903
test_run_0,203,1225.0,0.5590919840857056
test_run_0,204,1224.0,0.6582036564598976
test_run_0,205,1223.0,0.7196041272209299
test_run_0,206,1222.0,0.646736052485889
test_run_0,207,1221.0,0.8074943006975761
test_run_0,208,1220.0,0.4251086560778635
test_run_0,209,1219.0,0.6596220081328648
test_run_0,210,1218.0,0.9215872974531372
test_run_0,211,1217.0,0.577771335265482
test_run_0,212,1216.0,0.5008740353607778
test_run_0,213,1215.0,0.9330869216250989
test_run_0,214,1214.0,0.8038856508347759
test_run_0,215,1213.0,0.504796364674122
test_run_0,216,1212.0,0.6150045013792582
test_run_0,217,1211.0,0.8866159868444632
test_run_0,218,1210.0,0.642757323393066
test_run_0,219,1209.0,0.5925425306537858
test_run_0,220,1208.0,0.6657254583398142
test_run_0,221,1207.0,0.8611120395673029
test_run_0,222,1206.0,0.34741681721355194
test_run_0,223,1205.0,0.694667316292964
test_run_0,224,1204.0,0.582202945496826
test_run_0,225,1203.0,0.625807081231098
test_run_0,226,1202.0,1.0639833196293857
test_run_0,227,1201.0,0.29668791265376676
test_run_0,228,1200.0,0.49000683684210217
test_run_0,229,1199.0,0.53454310929101
test_run_0,230,1198.0,0.6787095444962903
test_run_0,231,1197.0,0.7612045511426577
test_run_0,232,1196.0,0.6403781930272581
test_run_0,233,1195.0,1.2200079884658388
test_run_0,234,1194.0,0.9187585589654642
test_run_0,235,1193.0,0.5227667182320912
test_run_0,236,1192.0,0.5994136628054982
test_run_0,237,1191.0,0.5796337383711976
test_run_0,238,1190.0,0.8595921956987855
test_run_0,239,1189.0,0.5412939164908814
test_run_0,240,1188.0,0.6955907775055535
test_run_0,241,1187.0,0.6055570555407244
test_run_0,242,1186.0,0.4048138328781044
test_run_0,243,1185.0,0.6971165930718569
test_run_0,244,1184.0,1.112954637864146
test_run_0,245,1183.0,0.8408400469994914
test_run_0,246,1182.0,0.5799775676779131
test_run_0,247,1181.0,0.6878289731233036
test_run_0,248,1180.0,0.7396421805789595
test_run_0,249,1179.0,0.6185982184107642
test_run_0,250,1178.0,1.152903793819667
test_run_0,251,1177.0,0.9553001896655772
test_run_0,252,1176.0,0.8586490481123656
test_run_0,253,1175.0,0.5135276955322242
test_run_0,254,1174.0,0.8781951031376252
test_run_0,255,1173.0,1.3947432211613544
test_run_0,256,1172.0,0.7465134379250803
test_run_0,257,1171.0,0.3293337226275615
test_run_0,258,1170.0,1.0126723944773848
test_run_0,259,1169.0,0.6230793577654591
test_run_0,260,1168.0,0.5477519904225109
test_run_0,261,1167.0,0.45007431755494204
test_run_0,262,1166.0,0.6087565937340947
test_run_0,263,1165.0,0.8433484481556877
test_run_0,264,1164.0,1.0211954938742984
test_run_0,265,1163.0,0.8802109530972958
test_run_0,266,1162.0,0.580874115339101
test_run_0,267,1161.0,0.7642199308465958
test_run_0,268,1160.0,0.5733349025737006
test_run_0,269,1159.0,0.6476421715386932
test_run_0,270,1158.0,0.7689299425831859
test_run_0,271,1157.0,0.6829859308172835
test_run_0,272,1156.0,0.5760575911718389
test_run_0,273,1155.0,0.6337655819056712
test_run_0,274,1154.0,0.6821743705978537
test_run_0,275,1153.0,1.2882073536122502
test_run_0,276,1152.0,0.9854989503306127
test_run_0,277,1151.0,0.8088625088543484
test_run_0,278,1150.0,1.2991531199328723
test_run_0,279,1149.0,0.714560690439112
test_run_0,280,1148.0,1.4291482900198547
test_run_0,281,1147.0,0.9478739701778496
test_run_0,282,1146.0,0.7689605420242501
test_run_0,283,1145.0,0.36922836128779685
test_run_0,284,1144.0,0.7302310700361715
test_run_0,285,1143.0,0.6545316875384665
test_run_0,286,1142.0,0.9818762475922614
test_run_0,287,1141.0,0.5393915811914562
test_run_0,288,1140.0,0.7514893236085343
test_run_0,289,1139.0,0.8261130538757744
test_run_0,290,1138.0,0.49098771681379605
test_run_0,291,1137.0,0.5806612815907612
test_run_0,292,1136.0,0.5333060558175183
test_run_0,293,1135.0,0.48529774811615034
test_run_0,294,1134.0,0.8829471068828767
test_run_0,295,1133.0,1.0304824456463308
test_run_0,296,1132.0,0.8499953279510951
test_run_0,297,1131.0,0.5513165775350491
test_run_0,298,1130.0,0.4627687325383046
test_run_0,299,1129.0,0.602324069881752
test_run_0,300,1128.0,0.7292145059900011
test_run_0,301,1127.0,0.821844262353739
test_run_0,302,1126.0,0.9301994781720815
test_run_0,303,1125.0,0.47274480628805826
test_run_0,304,1124.0,0.7825047782689183
test_run_0,305,1123.0,0.5996487607248364
test_run_0,306,1122.0,0.9587847883443297
test_run_0,307,1121.0,0.9016056504735707
test_run_0,308,1120.0,0.6990618457799249
test_run_0,309,1119.0,0.9562177298722319
test_run_0,310,1118.0,0.7095425961412791
test_run_0,311,1117.0,0.8818707290180227
test_run_0,312,1116.0,0.7104252709993972
test_run_0,313,1115.0,0.6432814949646047
test_run_0,314,1114.0,0.6753593907835225
test_run_0,315,1113.0,1.0698459281896684
test_run_0,316,1112.0,0.6710874142531934
test_run_0,317,1111.0,0.6927503318281584
test_run_0,318,1110.0,0.9109114217053248
test_run_0,319,1109.0,0.6968924229314953
test_run_0,320,1108.0,0.7244393799250192
test_run_0,321,1107.0,0.6078371444452711
test_run_0,322,1106.0,0.8098433405316168
test_run_0,323,1105.0,0.8147181281110265
test_run_0,324,1104.0,0.783753464823955
test_run_0,325,1103.0,0.5236483073756173
test_run_0,326,1102.0,0.8375454975505502
test_run_0,327,1101.0,1.048456082981117
test_run_0,328,1100.0,1.1316406551139155
test_run_0,329,1099.0,0.7724094450895895
test_run_0,330,1098.0,1.0365016309248056
test_run_0,331,1097.0,0.8298413548456398
test_run_0,332,1096.0,0.8281670572946348
test_run_0,333,1095.0,0.6741877474545371
test_run_0,334,1094.0,0.7932267347301648
test_run_0,335,1093.0,0.4857707439535307
test_run_0,336,1092.0,1.0741195012754485
test_run_0,337,1091.0,0.5648596438145034
test_run_0,338,1090.0,0.7402266905567867
test_run_0,339,1089.0,0.6510848609776907
test_run_0,340,1088.0,1.0932679988386096
test_run_0,341,1087.0,1.4064834598874367
test_run_0,342,1086.0,1.0495964133610063
test_run_0,343,1085.0,0.8151708766698615
test_run_0,344,1084.0,0.716169784581248
test_run_0,345,1083.0,0.7084935535547322
test_run_0,346,1082.0,0.6759809502990735
test_run_0,347,1081.0,1.132875232110683
test_run_0,348,1080.0,0.5673977821307289
test_run_0,349,1079.0,0.7690295283658941
test_run_0,350,1078.0,0.888301362192134
test_run_0,351,1077.0,1.1510549435941815
test_run_0,352,1076.0,1.0409147135659271
test_run_0,353,1075.0,0.9917023915802556
test_run_0,354,1074.0,0.7394489573399337
test_run_0,355,1073.0,0.6922903889042162
test_run_0,356,1072.0,0.6618949405627081
test_run_0,357,1071.0,1.0069577513916386
test_run_0,358,1070.0,1.1204674375814876
test_run_0,359,1069.0,1.0744691103358888
test_run_0,360,1068.0,0.5198879831849662
test_run_0,361,1067.0,1.4512579632453588
test_run_0,362,1066.0,0.8183393712768657
test_run_0,363,1065.0,0.9029993812894469
test_run_0,364,1064.0,0.9166383683916273
test_run_0,365,1063.0,0.8392944960248355
test_run_0,366,1062.0,0.9363812389619239
test_run_0,367,1061.0,0.9543543231838084
test_run_0,368,1060.0,0.7284875992412025
test_run_0,369,1059.0,0.9979396762308449
test_run_0,370,1058.0,0.7429457786839808
test_run_0,371,1057.0,0.7403349717169208
test_run_0,372,1056.0,1.5198571607665614
test_run_0,373,1055.0,0.7837735207239539
test_run_0,374,1054.0,0.9866318943658918
test_run_0,375,1053.0,0.9970436246880109
test_run_0,376,1052.0,0.6786366067986865
test_run_0,377,1051.0,0.7303541599276827
test_run_0,378,1050.0,0.38582977135379
test_run_0,379,1049.0,0.8713489958130844
test_run_0,380,1048.0,0.7262122479494708
test_run_0,381,1047.0,1.0448678504809246
test_run_0,382,1046.0,0.7598706941697004
test_run_0,383,1045.0,0.6362076114265386
test_run_0,384,1044.0,0.6593910489251071
test_run_0,385,1043.0,1.1676888013914173
test_run_0,386,1042.0,0.8033690789589955
test_run_0,387,1041.0,0.8695735259511904
test_run_0,388,1040.0,0.8224629697848119
test_run_0,389,1039.0,0.5939437396451516
test_run_0,390,1038.0,0.7121472719476404
test_run_0,391,1037.0,0.7171375774794465
test_run_0,392,1036.0,1.0095524621594616
test_run_0,393,1035.0,0.5924926838207349
test_run_0,394,1034.0,0.6558589807274537
test_run_0,395,1033.0,0.7709098904391574
test_run_0,396,1032.0,0.921589484172447
test_run_0,397,1031.0,0.8667890526358255
test_run_0,398,1030.0,1.0953511985136586
test_run_0,399,1029.0,0.6443055743819356
test_run_0,400,1028.0,0.48485659748835186
test_run_0,401,1027.0,0.5638729099032016
test_run_0,402,1026.0,0.828678899909051
test_run_0,403,1025.0,0.728606029980221
test_run_0,404,1024.0,0.7982929517952766
test_run_0,405,1023.0,0.85790374835479
test_run_0,406,1022.0,0.5624196765687133
test_run_0,407,1021.0,0.481279548862355
test_run_0,408,1020.0,0.6062942034954623
test_run_0,409,1019.0,0.6095307735805849
test_run_0,410,1018.0,1.8512120648604717
test_run_0,411,1017.0,0.6098084919456929
test_run_0,412,1016.0,0.5285154583025959
test_run_0,413,1015.0,0.6985248879946807
test_run_0,414,1014.0,1.1678936149980483
test_run_0,415,1013.0,1.010341457311615
test_run_0,416,1012.0,0.6797094114663397
test_run_0,417,1011.0,0.7987922556970681
test_run_0,418,1010.0,0.6181435559672626
test_run_0,419,1009.0,0.7874556063889702
test_run_0,420,1008.0,0.9113765995312629
test_run_0,421,1007.0,0.7386386271934119
test_run_0,422,1006.0,0.8187419770146732
test_run_0,423,1005.0,0.7296498437497134
test_run_0,424,1004.0,1.0385624118490226
test_run_0,425,1003.0,1.3561068504343352
test_run_0,426,1002.0,0.859394550520328
test_run_0,427,1001.0,0.7584435417447426
test_run_0,428,1000.0,0.9137531782676247
test_run_0,429,999.0,0.8833111503400847
test_run_0,430,998.0,1.212506759605644
test_run_0,431,997.0,0.6706819640873968
test_run_0,432,996.0,1.1097222100443038
test_run_0,433,995.0,0.9381036139986378
test_run_0,434,994.0,1.3405455393429146
test_run_0,435,993.0,0.800813091026767
test_run_0,436,992.0,0.5824206791761252
test_run_0,437,991.0,0.9783630505125658
test_run_0,438,990.0,0.751171835681515
test_run_0,439,989.0,1.1530077385992772
test_run_0,440,988.0,1.2483896807748656
test_run_0,441,987.0,0.8129472298797987
test_run_0,442,986.0,0.8863106984600062
test_run_0,443,985.0,0.7858791092702647
test_run_0,444,984.0,0.7616410350355916
test_run_0,445,983.0,1.1388316259441933
test_run_0,446,982.0,0.7347183997883597
test_run_0,447,981.0,1.0647331505535405
test_run_0,448,980.0,1.0281622778543071
test_run_0,449,979.0,0.8191090630495426
test_run_0,450,978.0,0.8361085544581698
test_run_0,451,977.0,0.8218550104409219
test_run_0,452,976.0,0.7660019448346362
test_run_0,453,975.0,0.7443803905958046
test_run_0,454,974.0,1.0454429090713275
test_run_0,455,973.0,1.4045901132296046
test_run_0,456,972.0,1.0988315065656518
test_run_0,457,971.0,0.9201861024060495
test_run_0,458,970.0,0.8225325165607889
test_run_0,459,969.0,0.9646117755206939
test_run_0,460,968.0,1.0859904759507033
test_run_0,461,967.0,0.5702897900258194
test_run_0,462,966.0,1.0398086471730186
test_run_0,463,965.0,0.8715314183304971
test_run_0,464,964.0,0.8789718764726789
test_run_0,465,963.0,0.9271705384267763
test_run_0,466,962.0,1.1384105878302853
test_run_0,467,961.0,0.7351943498787847
test_run_0,468,960.0,0.9084852261443779
test_run_0,469,959.0,0.636628066343458
test_run_0,470,958.0,1.06248257250499
test_run_0,471,957.0,0.8007282043909292
test_run_0,472,956.0,1.2434281935842655
test_run_0,473,955.0,0.975810393329515
test_run_0,474,954.0,0.7510287542897199
test_run_0,475,953.0,0.8735250599092005
test_run_0,476,952.0,1.0825320055521384
test_run_0,477,951.0,0.981170537446776
test_run_0,478,950.0,0.7168925184632464
test_run_0,479,949.0,0.9901873721329999
test_run_0,480,948.0,1.235604352716725
test_run_0,481,947.0,0.7196930772692213
test_run_0,482,946.0,0.9758486007866208
test_run_0,483,945.0,0.8773019816118536
test_run_0,484,944.0,0.6677361776308908
test_run_0,485,943.0,1.1588777559654846
test_run_0,486,942.0,0.95413051075747
test_run_0,487,941.0,0.9598891448674817
test_run_0,488,940.0,0.9454224884340745
test_run_0,489,939.0,0.778305522926052
test_run_0,490,938.0,0.7140556044181363
test_run_0,491,937.0,1.0311135203877106
test_run_0,492,936.0,0.9875649709084806
test_run_0,493,935.0,1.202025171667214
test_run_0,494,934.0,1.1172264779742673
test_run_0,495,933.0,0.9720969925210301
test_run_0,496,932.0,1.302175680645416
test_run_0,497,931.0,0.756688985663042
test_run_0,498,930.0,1.1103582587490755
test_run_0,499,929.0,0.8926576423076072
test_run_0,500,928.0,0.9214432223898775
test_run_0,501,927.0,0.8146041617825345
test_run_0,502,926.0,0.9810139325994601
test_run_0,503,925.0,0.5529573000912582
test_run_0,504,924.0,1.1372533010803003
test_run_0,505,923.0,0.7428122808036262
test_run_0,506,922.0,1.0598548431027834
test_run_0,507,921.0,0.9610808281453517
test_run_0,508,920.0,1.6092299329695496
test_run_0,509,919.0,0.9501150437211118
test_run_0,510,918.0,1.1136554168457402
test_run_0,511,917.0,1.230333820813281
test_run_0,512,916.0,0.8942373748803536
test_run_0,513,915.0,1.0392367211903142
test_run_0,514,914.0,1.0081835778355042
test_run_0,515,913.0,0.8734053333535845
test_run_0,516,912.0,0.9606021462796421
test_run_0,517,911.0,1.0829704558171762
test_run_0,518,910.0,0.7057545086653166
test_run_0,519,909.0,0.8116181745667707
test_run_0,520,908.0,1.0832873931705829
test_run_0,521,907.0,0.9529053541952426
test_run_0,522,906.0,1.1409560413014725
test_run_0,523,905.0,0.9588211921650404
test_run_0,524,904.0,0.9473170134751319
test_run_0,525,903.0,1.186211564030254
test_run_0,526,902.0,0.9717709445072668
test_run_0,527,901.0,0.986343304336002
test_run_0,528,900.0,1.106370535213154
test_run_0,529,899.0,1.2882212659196877
test_run_0,530,898.0,0.827131118064725
test_run_0,531,897.0,1.0267081347840503
test_run_0,532,896.0,0.7539051586901266
test_run_0,533,895.0,1.932659123235716
test_run_0,534,894.0,0.9726009686845885
test_run_0,535,893.0,1.0428124111027888
test_run_0,536,892.0,0.8273609279331733
test_run_0,537,891.0,0.992069075156123
test_run_0,538,890.0,0.8443546504204933
test_run_0,539,889.0,1.042426974554771
test_run_0,540,888.0,1.4306139229261379
test_run_0,541,887.0,1.1670164953744808
test_run_0,542,886.0,0.9154552139409656
test_run_0,543,885.0,1.1511926383770978
test_run_0,544,884.0,1.4962592826322036
test_run_0,545,883.0,1.5421184773061536
test_run_0,546,882.0,2.006059115243098
test_run_0,547,881.0,0.7634798172199565
test_run_0,548,880.0,0.8544707973535965
test_run_0,549,879.0,1.0339106099517705
test_run_0,550,878.0,1.4200410737644216
test_run_0,551,877.0,1.1492994570904176
test_run_0,552,876.0,0.9881984912441283
test_run_0,553,875.0,0.664355548525055
test_run_0,554,874.0,0.8369359689528224
test_run_0,555,873.0,1.246195618759048
test_run_0,556,872.0,0.9000051454681145
test_run_0,557,871.0,1.230515177598886
test_run_0,558,870.0,1.3145902260684035
test_run_0,559,869.0,1.021932867346982
test_run_0,560,868.0,1.1855087277620036
test_run_0,561,867.0,0.9313101484904216
test_run_0,562,866.0,1.305251626970064
test_run_0,563,865.0,0.7299839979530509
test_run_0,564,864.0,1.6241649079927565
test_run_0,565,863.0,1.405350650518671
test_run_0,566,862.0,0.5817637165034786
test_run_0,567,861.0,0.7894516028414633
test_run_0,568,860.0,1.4351774736030802
test_run_0,569,859.0,0.7232275065586959
test_run_0,570,858.0,1.1526073777306445
test_run_0,571,857.0,0.9521257281142418
test_run_0,572,856.0,0.8293970806439667
test_run_0,573,855.0,1.0925284880965391
test_run_0,574,854.0,0.9254417112731433
test_run_0,575,853.0,0.9879337898868223
test_run_0,576,852.0,1.4922751106846759
test_run_0,577,851.0,0.9177043533417883
test_run_0,578,850.0,1.0392611398489087
test_run_0,579,849.0,0.9174538614477712
test_run_0,580,848.0,0.7607487425525904
test_run_0,581,847.0,0.8852918554077778
test_run_0,582,846.0,3.532158829278123
test_run_0,583,845.0,0.8542767108309635
test_run_0,584,844.0,1.0624080110998348
test_run_0,585,843.0,1.4546435600274903
test_run_0,586,842.0,1.3726901845813644
test_run_0,587,841.0,0.9814065003210481
test_run_0,588,840.0,0.8646668831565053
test_run_0,589,839.0,0.9620283072261515
test_run_0,590,838.0,1.08350993979433
test_run_0,591,837.0,0.9408146985164276
test_run_0,592,836.0,1.2548937325274463
test_run_0,593,835.0,0.961061195337412
test_run_0,594,834.0,1.111669643990608
test_run_0,595,833.0,1.2734072000204821
test_run_0,596,832.0,1.2133561493664395
test_run_0,597,831.0,1.1473706656375868
test_run_0,598,830.0,1.1731652101743117
test_run_0,599,829.0,0.8969740651989234
test_run_0,600,828.0,1.0703061450100502
test_run_0,601,827.0,1.5509947337827243
test_run_0,602,826.0,0.9381136125641151
test_run_0,603,825.0,0.775101553348974
test_run_0,604,824.0,1.4846498783378672
test_run_0,605,823.0,1.5463168598927504
test_run_0,606,822.0,0.9170948831966976
test_run_0,607,821.0,0.7955784361351528
test_run_0,608,820.0,1.1362138830912172
test_run_0,609,819.0,1.655924095345135
test_run_0,610,818.0,1.1843414846904463
test_run_0,611,817.0,0.9399341382453779
test_run_0,612,816.0,0.9943123921372864
test_run_0,613,815.0,1.2043973896398037
test_run_0,614,814.0,0.7857995618635152
test_run_0,615,813.0,1.0478000942253851
test_run_0,616,812.0,1.1046846039225378
test_run_0,617,811.0,1.341952517690458
test_run_0,618,810.0,0.9373112817966736
test_run_0,619,809.0,1.0322207338465856
test_run_0,620,808.0,1.5272359486960818
test_run_0,621,807.0,0.8663007799238386
test_run_0,622,806.0,1.0135909612932437
test_run_0,623,805.0,1.0587537563026586
test_run_0,624,804.0,0.9489997126118427
test_run_0,625,803.0,0.8892989097420039
test_run_0,626,802.0,1.1461694976318197
test_run_0,627,801.0,0.8403877003067131
test_run_0,628,800.0,0.7416195611311224
test_run_0,629,799.0,0.9200557613334371
test_run_0,630,798.0,1.4535448401312059
test_run_0,631,797.0,1.0658252053516633
test_run_0,632,796.0,1.1843681851488839
test_run_0,633,795.0,1.5526410413474276
test_run_0,634,794.0,1.1913252527652747
test_run_0,635,793.0,1.0235272450861022
test_run_0,636,792.0,0.8918465320248116
test_run_0,637,791.0,1.5179908365212842
test_run_0,638,790.0,1.1911068701917802
test_run_0,639,789.0,1.2458429243035536
test_run_0,640,788.0,1.2067262168476627
test_run_0,641,787.0,0.9368978084217343
test_run_0,642,786.0,1.1486030129832123
test_run_0,643,785.0,1.0723497442383885
test_run_0,644,784.0,1.3174384257510132
test_run_0,645,783.0,1.2039327604916124
test_run_0,646,782.0,1.136022667295751
test_run_0,647,781.0,2.021753557090125
test_run_0,648,780.0,1.4919531528721752
test_run_0,649,779.0,0.940600819268781
test_run_0,650,778.0,0.9839923556792405
test_run_0,651,777.0,1.005042278176254
test_run_0,652,776.0,0.849396383060889
test_run_0,653,775.0,1.0757210135411408
test_run_0,654,774.0,1.107340167569138
test_run_0,655,773.0,1.0704277263662783
test_run_0,656,772.0,0.894945784570778
test_run_0,657,771.0,1.1885308679901418
test_run_0,658,770.0,1.4788476032949864
test_run_0,659,769.0,1.154837952091661
test_run_0,660,768.0,1.1261376189433796
test_run_0,661,767.0,1.242418815707922
test_run_0,662,766.0,1.8289810830062425
test_run_0,663,765.0,1.0416334627053163
test_run_0,664,764.0,0.9668464643724134
test_run_0,665,763.0,1.2057266219294076
test_run_0,666,762.0,0.8932355035786348
test_run_0,667,761.0,1.0587650784397626
test_run_0,668,760.0,0.9844818355740529
test_run_0,669,759.0,0.7760149562010049
test_run_0,670,758.0,0.8542964909696463
test_run_0,671,757.0,1.0714064485440353
test_run_0,672,756.0,1.8204449565575533
test_run_0,673,755.0,1.248426041000735
test_run_0,674,754.0,1.1860789632915154
test_run_0,675,753.0,0.8484665713247355
test_run_0,676,752.0,1.1532879461878454
test_run_0,677,751.0,0.8845154996750093
test_run_0,678,750.0,1.3971041229434054
test_run_0,679,749.0,0.8282545650393235
test_run_0,680,748.0,1.0134363531454642
test_run_0,681,747.0,1.5075268138944777
test_run_0,682,746.0,0.8184023734713792
test_run_0,683,745.0,0.9541806949775212
test_run_0,684,744.0,0.9206998610275774
test_run_0,685,743.0,0.9324502940679906
test_run_0,686,742.0,1.7566637762101365
test_run_0,687,741.0,0.8195387306465044
test_run_0,688,740.0,1.0138343460511368
test_run_0,689,739.0,0.9187042830740912
test_run_0,690,738.0,0.9886267344107706
test_run_0,691,737.0,1.2598048127800108
test_run_0,692,736.0,1.0841400670529968
test_run_0,693,735.0,0.7189923014371212
test_run_0,694,734.0,0.9316409047952442
test_run_0,695,733.0,1.013953038866386
test_run_0,696,732.0,0.6493024020194083
test_run_0,697,731.0,1.105530478305131
test_run_0,698,730.0,0.8431229172996252
test_run_0,699,729.0,1.1557079231761023
test_run_0,700,728.0,1.3874515805994068
test_run_0,701,727.0,1.1935734544353658
test_run_0,702,726.0,1.594267626684434
test_run_0,703,725.0,0.9673364375797198
test_run_0,704,724.0,1.9219131135577616
test_run_0,705,723.0,1.1040006810006404
test_run_0,706,722.0,0.9080787391204567
test_run_0,707,721.0,1.5588890006828506
test_run_0,708,720.0,1.1138569544160508
test_run_0,709,719.0,1.0028087601078206
test_run_0,710,718.0,1.0563685155090587
test_run_0,711,717.0,1.0434560254491416
test_run_0,712,716.0,1.6567973234134374
test_run_0,713,715.0,1.1349394464793332
test_run_0,714,714.0,1.1562650184060763
test_run_0,715,713.0,0.986286989701884
test_run_0,716,712.0,1.4936212419488217
test_run_0,717,711.0,0.9695341775427824
test_run_0,718,710.0,1.23385123701401
test_run_0,719,709.0,0.8741756256614174
test_run_0,720,708.0,0.9738312553408415
test_run_0,721,707.0,0.9766738306710057
test_run_0,722,706.0,1.407248920410988
test_run_0,723,705.0,1.7756516546806123
test_run_0,724,704.0,1.0378300966718326
test_run_0,725,703.0,1.1275771576607165
test_run_0,726,702.0,0.8556018246883651
test_run_0,727,701.0,0.9723738841624068
test_run_0,728,700.0,1.7709199533202025
test_run_0,729,699.0,0.8291910613802305
test_run_0,730,698.0,1.2557083143441539
test_run_0,731,697.0,1.6452041876940195
test_run_0,732,696.0,1.1583537408779663
test_run_0,733,695.0,0.906441137142133
test_run_0,734,694.0,0.9629772508912365
test_run_0,735,693.0,0.9404265978544426
test_run_0,736,692.0,0.8473913874650112
test_run_0,737,691.0,0.8386690410309333
test_run_0,738,690.0,0.9764327732653019
test_run_0,739,689.0,0.8749443665454905
test_run_0,740,688.0,1.3560613798714187
test_run_0,741,687.0,1.4089550944101823
test_run_0,742,686.0,1.1659357553550878
test_run_0,743,685.0,1.2244657191356847
test_run_0,744,684.0,1.498148311494511
test_run_0,745,683.0,0.9871054974122255
test_run_0,746,682.0,1.0217703495643016
test_run_0,747,681.0,0.9257224128149371
test_run_0,748,680.0,1.4021809012117743
test_run_0,749,679.0,1.9011957907492054
test_run_0,750,678.0,0.9845365454298867
test_run_0,751,677.0,1.404481436350547
test_run_0,752,676.0,1.5139548910718204
test_run_0,753,675.0,1.2625691034290938
test_run_0,754,674.0,0.8487951148587465
test_run_0,755,673.0,0.9262152371808169
test_run_0,756,672.0,1.292721012624914
test_run_0,757,671.0,1.3632147126317349
test_run_0,758,670.0,1.118687083529411
test_run_0,759,669.0,1.7132767275880636
test_run_0,760,668.0,1.1068188178754965
test_run_0,761,667.0,1.2512154647228042
test_run_0,762,666.0,1.2790066072565953
test_run_0,763,665.0,1.344214375631885
test_run_0,764,664.0,1.2680712739124567
test_run_0,765,663.0,1.1578045155873318
test_run_0,766,662.0,1.23957343644283
test_run_0,767,661.0,1.1270605867209875
test_run_0,768,660.0,1.3684080464896844
test_run_0,769,659.0,1.4373468439015626
test_run_0,770,658.0,1.0611204460627497
test_run_0,771,657.0,1.3505146909984962
test_run_0,772,656.0,2.053088632570667
test_run_0,773,655.0,1.2820910715243248
test_run_0,774,654.0,1.266470429978264
test_run_0,775,653.0,1.2440422952013401
test_run_0,776,652.0,1.2969003999703645
test_run_0,777,651.0,1.0627454755720245
test_run_0,778,650.0,0.889812637649295
test_run_0,779,649.0,0.9744669927233863
test_run_0,780,648.0,1.1672315348799673
test_run_0,781,647.0,1.7259697316201297
test_run_0,782,646.0,1.038835564164708
test_run_0,783,645.0,1.3969387368623876
test_run_0,784,644.0,1.9332756205322732
test_run_0,785,643.0,1.3835119812893324
test_run_0,786,642.0,0.8598249909458723
test_run_0,787,641.0,1.1974354991366383
test_run_0,788,640.0,1.1933883824363094
test_run_0,789,639.0,1.1520072616017225
test_run_0,790,638.0,1.0011047923627951
test_run_0,791,637.0,1.4662719228412233
test_run_0,792,636.0,1.6005828927582837
test_run_0,793,635.0,0.9932263815608928
test_run_0,794,634.0,2.370868574161853
test_run_0,795,633.0,1.1627104206914565
test_run_0,796,632.0,1.0694551422837002
test_run_0,797,631.0,0.9553044454554918
test_run_0,798,630.0,1.0164323171360998
test_run_0,799,629.0,1.2779104557417884
test_run_0,800,628.0,0.9768628809002173
test_run_0,801,627.0,0.9385415898569894
test_run_0,802,626.0,1.2125642534400067
test_run_0,803,625.0,1.1814933985308071
test_run_0,804,624.0,0.9532860780861967
test_run_0,805,623.0,0.9854393991937812
test_run_0,806,622.0,1.2298482337823278
test_run_0,807,621.0,1.2416747278151516
test_run_0,808,620.0,1.9160099258763068
test_run_0,809,619.0,3.067231189222175
test_run_0,810,618.0,1.9083340352569014
test_run_0,811,617.0,1.114928557927852
test_run_0,812,616.0,1.1671610760104487
test_run_0,813,615.0,1.4734964354633182
test_run_0,814,614.0,1.0989404036449009
test_run_0,815,613.0,1.4191251173530082
test_run_0,816,612.0,1.3466250162108557
test_run_0,817,611.0,1.1544742842388342
test_run_0,818,610.0,1.1199485717894397
test_run_0,819,609.0,1.3559373587326662
test_run_0,820,608.0,1.1745835852176512
test_run_0,821,607.0,1.2552361690430833
test_run_0,822,606.0,1.1915083021057806
test_run_0,823,605.0,1.2257793032224527
test_run_0,824,604.0,1.305126727567656
test_run_0,825,603.0,1.0689521994790345
test_run_0,826,602.0,1.1565817019113096
test_run_0,827,601.0,1.1556994305128505
test_run_0,828,600.0,0.9135150488161263
test_run_0,829,599.0,1.1313336359735557
test_run_0,830,598.0,1.1080801741041515
test_run_0,831,597.0,2.8330828588666885
test_run_0,832,596.0,1.388798946397265
test_run_0,833,595.0,1.0571285414886076
test_run_0,834,594.0,1.4018210333128749
test_run_0,835,593.0,1.3230860249374565
test_run_0,836,592.0,1.2332831556854107
test_run_0,837,591.0,1.1152394220977382
test_run_0,838,590.0,1.672364515472499
test_run_0,839,589.0,1.4014134640979372
test_run_0,840,588.0,1.625967337037908
test_run_0,841,587.0,1.2388540119757037
test_run_0,842,586.0,1.8843962339378422
test_run_0,843,585.0,1.482737061752665
test_run_0,844,584.0,1.261582150791123
test_run_0,845,583.0,1.5801596841923478
test_run_0,846,582.0,1.5886408535408034
test_run_0,847,581.0,1.25776298584959
test_run_0,848,580.0,1.6567383047303341
test_run_0,849,579.0,1.3846703488761412
test_run_0,850,578.0,1.6482364252370076
test_run_0,851,577.0,1.1209130721644178
test_run_0,852,576.0,1.326327144226063
test_run_0,853,575.0,1.135910441785376
test_run_0,854,574.0,2.205112396380695
test_run_0,855,573.0,1.1297206372139836
test_run_0,856,572.0,1.460470063812734
test_run_0,857,571.0,1.14754762558804
test_run_0,858,570.0,1.1172051882626888
test_run_0,859,569.0,1.1397736563917023
test_run_0,860,568.0,1.1818693186632856
test_run_0,861,567.0,1.5734957140545718
test_run_0,862,566.0,1.0478307270405782
test_run_0,863,565.0,1.1211040732971767
test_run_0,864,564.0,2.105205412452652
test_run_0,865,563.0,1.4124681368103975
test_run_0,866,562.0,0.9980918956905601
test_run_0,867,561.0,1.227413542762768
test_run_0,868,560.0,1.2046837106824935
test_run_0,869,559.0,1.177809567157658
test_run_0,870,558.0,1.2486386569668986
test_run_0,871,557.0,1.2326006828377012
test_run_0,872,556.0,1.2123674381886393
test_run_0,873,555.0,1.3201435111587472
test_run_0,874,554.0,1.722750650030839
test_run_0,875,553.0,1.4509889385110895
test_run_0,876,552.0,1.9408950764520871
test_run_0,877,551.0,1.4735888338144147
test_run_0,878,550.0,1.4365816710461292
test_run_0,879,549.0,1.3388299178647471
test_run_0,880,548.0,1.4584659047646222
test_run_0,881,547.0,1.1382676984043112
test_run_0,882,546.0,1.4385167958245955
test_run_0,883,545.0,1.5477774921005187
test_run_0,884,544.0,1.5383936138093
test_run_0,885,543.0,1.5774208290047214
test_run_0,886,542.0,1.2302367290994034
test_run_0,887,541.0,1.4252021341295533
test_run_0,888,540.0,1.408804188559119
test_run_0,889,539.0,1.6002157944771256
test_run_0,890,538.0,1.1349543147510806
test_run_0,891,537.0,1.8397903489418883
test_run_0,892,536.0,1.3569718427268795
test_run_0,893,535.0,1.2480069933997697
test_run_0,894,534.0,1.8628498561103182
test_run_0,895,533.0,1.4342517571537168
test_run_0,896,532.0,1.527139147786049
test_run_0,897,531.0,2.011859560261445
test_run_0,898,530.0,1.4035945782910633
test_run_0,899,529.0,2.065740813394883
test_run_0,900,528.0,1.348828705670263
test_run_0,901,527.0,1.6013400241671547
test_run_0,902,526.0,1.2610389594905433
test_run_0,903,525.0,1.4126465016771916
test_run_0,904,524.0,1.924435129917359
test_run_0,905,523.0,1.2563476963410418
test_run_0,906,522.0,1.4172933315798315
test_run_0,907,521.0,1.589071406394908
test_run_0,908,520.0,1.2256064061817578
test_run_0,909,519.0,1.1958990926057118
test_run_0,910,518.0,1.4699607062222275
test_run_0,911,517.0,1.3493809810025053
test_run_0,912,516.0,1.9120302821796542
test_run_0,913,515.0,1.4949030425269552
test_run_0,914,514.0,1.8679575549046306
test_run_0,915,513.0,1.4526929025169368
test_run_0,916,512.0,1.2027640781231828
test_run_0,917,511.0,1.425980340537677
test_run_0,918,510.0,1.2573901156743665
test_run_0,919,509.0,1.4075303792706444
test_run_0,920,508.0,2.050044518141193
test_run_0,921,507.0,1.546720486802027
test_run_0,922,506.0,1.8683193694407574
test_run_0,923,505.0,2.025983631286648
test_run_0,924,504.0,1.3584893550782848
test_run_0,925,503.0,1.3135374721790942
test_run_0,926,502.0,2.0457127914984623
test_run_0,927,501.0,1.260002629199294
test_run_0,928,500.0,1.1936414377361801
test_run_0,929,499.0,1.3407946695738981
test_run_0,930,498.0,1.5440819067616867
test_run_0,931,497.0,2.0219802887726184
test_run_0,932,496.0,1.7191069310632656
test_run_0,933,495.0,1.5535830877289836
test_run_0,934,494.0,2.022722999978757
test_run_0,935,493.0,1.466587742515458
test_run_0,936,492.0,1.7238794168789586
test_run_0,937,491.0,1.2669557068295578
test_run_0,938,490.0,1.936596486949925
test_run_0,939,489.0,1.42108980939202
test_run_0,940,488.0,2.1332872172843267
test_run_0,941,487.0,1.232206456240767
test_run_0,942,486.0,1.2889819165296212
test_run_0,943,485.0,1.5345565245461104
test_run_0,944,484.0,1.210754791336479
test_run_0,945,483.0,1.2681155854852086
test_run_0,946,482.0,1.2749290848635328
test_run_0,947,481.0,1.3129710621212676
test_run_0,948,480.0,1.5587954076914936
test_run_0,949,479.0,1.168815064272289
test_run_0,950,478.0,1.236983896565386
test_run_0,951,477.0,1.6194739910840341
test_run_0,952,476.0,1.2687958195564755
test_run_0,953,475.0,1.3288920430729165
test_run_0,954,474.0,1.2921421482180313
test_run_0,955,473.0,1.032941582822592
test_run_0,956,472.0,1.3966795075884735
test_run_0,957,471.0,1.253199979063758
test_run_0,958,470.0,1.3929342338477297
test_run_0,959,469.0,2.3301602243907547
test_run_0,960,468.0,2.1182434569168396
test_run_0,961,467.0,2.140189408299877
test_run_0,962,466.0,1.2030625806234614
test_run_0,963,465.0,1.6094794545863529
test_run_0,964,464.0,1.6198366680598983
test_run_0,965,463.0,1.3452120403982863
test_run_0,966,462.0,2.172419188338485
test_run_0,967,461.0,1.857204660442339
test_run_0,968,460.0,1.5019721190220474
test_run_0,969,459.0,1.1849624662817662
test_run_0,970,458.0,1.6805633767984716
test_run_0,971,457.0,1.270727367620379
test_run_0,972,456.0,2.1616733686885294
test_run_0,973,455.0,2.1806570368388107
test_run_0,974,454.0,1.562692752886047
test_run_0,975,453.0,1.9846495843672265
test_run_0,976,452.0,1.53544712810257
test_run_0,977,451.0,2.16023402608428
test_run_0,978,450.0,1.9888364645250447
test_run_0,979,449.0,1.3185800871184306
test_run_0,980,448.0,1.610934119179419
test_run_0,981,447.0,1.346747275778593
test_run_0,982,446.0,1.89267898712427
test_run_0,983,445.0,1.0405463909726023
test_run_0,984,444.0,2.060752098821479
test_run_0,985,443.0,1.510928351398698
test_run_0,986,442.0,1.969249546238834
test_run_0,987,441.0,1.9582152988774877
test_run_0,988,440.0,2.2369064835242147
test_run_0,989,439.0,1.1586558760504606
test_run_0,990,438.0,1.930086261400707
test_run_0,991,437.0,1.2709040673171765
test_run_0,992,436.0,1.2811002508685885
test_run_0,993,435.0,1.4692977584492366
test_run_0,994,434.0,2.080992944798587
test_run_0,995,433.0,1.4914091100572986
test_run_0,996,432.0,1.8082157777763694
test_run_0,997,431.0,1.3054180335434595
test_run_0,998,430.0,1.2336291517534022
test_run_0,999,429.0,2.0045185483207613
test_run_0,1000,428.0,1.3010948767094943
test_run_0,1001,427.0,1.2632290053764748
test_run_0,1002,426.0,1.9248782311329102
test_run_0,1003,425.0,2.0504971242041017
test_run_0,1004,424.0,2.049879877924883
test_run_0,1005,423.0,2.11778307585837
test_run_0,1006,422.0,1.9080967870487526
test_run_0,1007,421.0,1.2713597333363407
test_run_0,1008,420.0,1.2551347633405223
test_run_0,1009,419.0,1.349609345556472
test_run_0,1010,418.0,2.0990286199691446
test_run_0,1011,417.0,1.1266091581993476
test_run_0,1012,416.0,1.1764357976604152
test_run_0,1013,415.0,1.36331582034375
test_run_0,1014,414.0,1.3418582771924523
test_run_0,1015,413.0,1.3516594152773451
test_run_0,1016,412.0,1.3731602075050753
test_run_0,1017,411.0,2.33784515647606
test_run_0,1018,410.0,1.3668384934960471
test_run_0,1019,409.0,1.5054965694585722
test_run_0,1020,408.0,1.438684576392929
test_run_0,1021,407.0,1.4309274127099323
test_run_0,1022,406.0,1.94202407939316
test_run_0,1023,405.0,1.3339993794412213
test_run_0,1024,404.0,1.2243761732465257
test_run_0,1025,403.0,2.0794504403164082
test_run_0,1026,402.0,1.2422418559349784
test_run_0,1027,401.0,1.1897047794144144
test_run_0,1028,400.0,2.3940595789100243
test_run_0,1029,399.0,2.030708135504224
test_run_0,1030,398.0,1.5267458085533216
test_run_0,1031,397.0,1.2437817151165345
test_run_0,1032,396.0,1.7749507590768694
test_run_0,1033,395.0,2.0886855325313443
test_run_0,1034,394.0,1.966893037131797
test_run_0,1035,393.0,1.9169587729235507
test_run_0,1036,392.0,1.2682248769495241
test_run_0,1037,391.0,1.9369232688761926
test_run_0,1038,390.0,1.3114406868389774
test_run_0,1039,389.0,1.1855655811189503
test_run_0,1040,388.0,1.4556104198552684
test_run_0,1041,387.0,1.5238532927314083
test_run_0,1042,386.0,1.1588079549118497
test_run_0,1043,385.0,2.0951727347888283
test_run_0,1044,384.0,2.0665035165719847
test_run_0,1045,383.0,1.2107542497649262
test_run_0,1046,382.0,1.1015026131608456
test_run_0,1047,381.0,1.337233767282385
test_run_0,1048,380.0,1.5490909555043317
test_run_0,1049,379.0,1.1270965449752361
test_run_0,1050,378.0,1.4854737754558793
test_run_0,1051,377.0,1.2538317253180091
test_run_0,1052,376.0,2.0840951132393255
test_run_0,1053,375.0,1.4131299043996746
test_run_0,1054,374.0,1.78099462569065
test_run_0,1055,373.0,1.4462375150220912
test_run_0,1056,372.0,2.246752188583008
test_run_0,1057,371.0,2.107359004001287
test_run_0,1058,370.0,1.4101626126609694
test_run_0,1059,369.0,2.1144130330208952
test_run_0,1060,368.0,1.8397810134153143
test_run_0,1061,367.0,1.3805024124750191
test_run_0,1062,366.0,2.125693263649955
test_run_0,1063,365.0,2.4177800125202498
test_run_0,1064,364.0,1.3348696926669552
test_run_0,1065,363.0,1.7829447133077145
test_run_0,1066,362.0,1.0956676979011923
test_run_0,1067,361.0,2.2151579624569093
test_run_0,1068,360.0,2.2029563747523397
test_run_0,1069,359.0,1.3309130697873401
test_run_0,1070,358.0,1.2233102663497224
test_run_0,1071,357.0,1.6700614886851404
test_run_0,1072,356.0,2.0885576049536443
test_run_0,1073,355.0,0.9560020445159226
test_run_0,1074,354.0,2.1359731358722134
test_run_0,1075,353.0,1.3579178527385676
test_run_0,1076,352.0,2.1425633473093244
test_run_0,1077,351.0,1.989721062916646
test_run_0,1078,350.0,1.0574585802690626
test_run_0,1079,349.0,3.620480107214869
test_run_0,1080,348.0,2.199280722885348
test_run_0,1081,347.0,1.348018857164952
test_run_0,1082,346.0,14.822418602483921
test_run_0,1083,345.0,25.237540330711067
test_run_0,1084,344.0,21.149654877408597
test_run_0,1085,343.0,18.964316269304508
test_run_0,1086,342.0,28.301006539381575
test_run_0,1087,341.0,22.155638802515487
test_run_0,1088,340.0,31.44586940476288
test_run_0,1089,339.0,33.31000893932618
test_run_0,1090,338.0,21.274097161585008
test_run_0,1091,337.0,19.922868457791072
test_run_0,1092,336.0,21.583384851960936
test_run_0,1093,335.0,19.82197491816347
test_run_0,1094,334.0,16.690022572622716
test_run_0,1095,333.0,16.68669240323539
test_run_0,1096,332.0,17.78646265908552
test_run_0,1097,331.0,16.445353002607828
test_run_0,1098,330.0,17.324296010019513
test_run_0,1099,329.0,16.461146808997764
test_run_0,1100,328.0,17.720459433116766
test_run_0,1101,327.0,19.610239135196913
test_run_0,1102,326.0,17.284506658037337
test_run_0,1103,325.0,18.764806232625954
test_run_0,1104,324.0,18.746259697429338
test_run_0,1105,323.0,18.28323786309553
test_run_0,1106,322.0,26.246659642930716
test_run_0,1107,321.0,22.323357174956232
test_run_0,1108,320.0,23.659489133377573
test_run_0,1109,319.0,25.771720234176808
test_run_0,1110,318.0,24.914950270504104
test_run_0,1111,317.0,23.234196248785135
test_run_0,1112,316.0,25.695364869789252
test_run_0,1113,315.0,24.673535943371842
test_run_0,1114,314.0,23.776111835707333
test_run_0,1115,313.0,26.52180318744957
test_run_0,1116,312.0,28.878152573606542
test_run_0,1117,311.0,30.671220389568408
test_run_0,1118,310.0,32.06253947455177
test_run_0,1119,309.0,29.52845200329096
test_run_0,1120,308.0,28.251908607813373
test_run_0,1121,307.0,32.407606691455904
test_run_0,1122,306.0,33.51330754867453
test_run_0,1123,305.0,32.957577218456116
test_run_0,1124,304.0,30.08267883487411
test_run_0,1125,303.0,35.93825322522198
test_run_0,1126,302.0,33.87388810102149
test_run_0,1127,301.0,30.990104297265596
test_run_0,1128,300.0,35.8228437019983
test_run_0,1129,299.0,34.01489955534849
test_run_0,1130,298.0,31.665373842526357
test_run_0,1131,297.0,29.382287259423567
test_run_0,1132,296.0,30.98424687653263
test_run_0,1133,295.0,33.53169291005555
test_run_0,1134,294.0,31.174846568862126
test_run_0,1135,293.0,34.00996813967233
test_run_0,1136,292.0,34.86858004848568
test_run_0,1137,291.0,34.68392189073127
test_run_0,1138,290.0,44.10955246104351
test_run_0,1139,289.0,45.47331782947711
test_run_0,1140,288.0,41.46145115923406
test_run_0,1141,287.0,45.0569351557222
test_run_0,1142,286.0,44.93636457995008
test_run_0,1143,285.0,44.275503968466474
test_run_0,1144,284.0,48.49355159745906
test_run_0,1145,283.0,47.24099024008855
test_run_0,1146,282.0,49.83680562119376
test_run_0,1147,281.0,45.67452339344352
test_run_0,1148,280.0,45.911666534115355
test_run_0,1149,279.0,51.81653900382024
test_run_0,1150,278.0,50.69020126611019
test_run_0,1151,277.0,59.682701275112706
test_run_0,1152,276.0,59.70365737599442
test_run_0,1153,275.0,52.42366990492599
test_run_0,1154,274.0,56.04796728860483
test_run_0,1155,273.0,60.31206200894805
test_run_0,1156,272.0,53.95324759265975
test_run_0,1157,271.0,56.07783426193057
test_run_0,1158,270.0,52.99365416113106
test_run_0,1159,269.0,52.74637976020633
test_run_0,1160,268.0,55.21044478844088
test_run_0,1161,267.0,57.81516075555085
test_run_0,1162,266.0,56.96403670307436
test_run_0,1163,265.0,56.56485132647388
test_run_0,1164,264.0,57.33471484904625
test_run_0,1165,263.0,59.36980971577731
test_run_0,1166,262.0,59.63924209006742
test_run_0,1167,261.0,64.35756997989542
test_run_0,1168,260.0,56.5802919347791
test_run_0,1169,259.0,60.61637199149961
test_run_0,1170,258.0,57.886506833378654
test_run_0,1171,257.0,55.063466460318054
test_run_0,1172,256.0,60.176307056150996
test_run_0,1173,255.0,59.02841383423803
test_run_0,1174,254.0,62.034365595409305
test_run_0,1175,253.0,63.49616807381415
test_run_0,1176,252.0,57.79749348729073
test_run_0,1177,251.0,67.71870777693768
test_run_0,1178,250.0,65.13449426974381
test_run_0,1179,249.0,58.43404932313994
test_run_0,1180,248.0,61.52993589251084
test_run_0,1181,247.0,65.82262801476463
test_run_0,1182,246.0,58.09882922154814
test_run_0,1183,245.0,60.8899231224324
test_run_0,1184,244.0,63.46613358418635
test_run_0,1185,243.0,56.999709023585545
test_run_0,1186,242.0,59.771273206116874
test_run_0,1187,241.0,60.376822375734335
test_run_0,1188,240.0,60.90044941874919
test_run_0,1189,239.0,61.68253114422548
test_run_0,1190,238.0,65.08743419056563
test_run_0,1191,237.0,62.39889351254497
test_run_0,1192,236.0,60.46293590933823
test_run_0,1193,235.0,61.449000177698665
test_run_0,1194,234.0,58.104186269655884
test_run_0,1195,233.0,60.246672262715755
test_run_0,1196,232.0,62.129208735131115
test_run_0,1197,231.0,63.32309989013438
test_run_0,1198,230.0,62.70400452167039
test_run_0,1199,229.0,58.796026197914344
test_run_0,1200,228.0,59.682282979290264
test_run_0,1201,227.0,61.91471791278609
test_run_0,1202,226.0,57.43444648318896
test_run_0,1203,225.0,59.112581720852845
test_run_0,1204,224.0,64.45007079815834
test_run_0,1205,223.0,60.20764590236065
test_run_0,1206,222.0,60.675472312662734
test_run_0,1207,221.0,59.07578221146747
test_run_0,1208,220.0,62.22708735717464
test_run_0,1209,219.0,59.55434761579246
test_run_0,1210,218.0,62.351027402672536
test_run_0,1211,217.0,60.1250830741882
test_run_0,1212,216.0,61.914926924126476
test_run_0,1213,215.0,64.09554954165756
test_run_0,1214,214.0,64.42521724872736
test_run_0,1215,213.0,63.60326960604152
test_run_0,1216,212.0,62.84794959743899
test_run_0,1217,211.0,60.55868089070198
test_run_0,1218,210.0,61.88656565968411
test_run_0,1219,209.0,66.2272411217345
test_run_0,1220,208.0,62.52936586133967
test_run_0,1221,207.0,61.51229995159125
test_run_0,1222,206.0,62.92480713939544
test_run_0,1223,205.0,61.536326711757035
test_run_0,1224,204.0,63.68941122130908
test_run_0,1225,203.0,63.47260162925865
test_run_0,1226,202.0,60.974556776560675
test_run_0,1227,201.0,63.55083312037915
test_run_0,1228,200.0,63.5833567408954
test_run_0,1229,199.0,62.11369511602534
test_run_0,1230,198.0,63.30609745863207
test_run_0,1231,197.0,63.292500483954925
test_run_0,1232,196.0,62.50888436787055
test_run_0,1233,195.0,62.89322750521477
test_run_0,1234,194.0,63.18470653320729
test_run_0,1235,193.0,65.66886568598295
test_run_0,1236,192.0,67.58581999629827
test_run_0,1237,191.0,65.95720356720679
test_run_0,1238,190.0,60.83041919120687
test_run_0,1239,189.0,62.77013120933414
test_run_0,1240,188.0,64.15916440223802
test_run_0,1241,187.0,61.62328420340175
test_run_0,1242,186.0,59.56815329293632
test_run_0,1243,185.0,61.265734414986945
test_run_0,1244,184.0,60.91066792646758
test_run_0,1245,183.0,62.32657500260594
test_run_0,1246,182.0,64.99039109848277
test_run_0,1247,181.0,64.98350225023
test_run_0,1248,180.0,65.60468177804776
test_run_0,1249,179.0,66.76364181297242
test_run_0,1250,178.0,67.84642145238898
test_run_0,1251,177.0,67.00480906180837
test_run_0,1252,176.0,68.14200027089949
test_run_0,1253,175.0,65.12947490799573
test_run_0,1254,174.0,64.41174439856594
test_run_0,1255,173.0,66.71794585029224
test_run_0,1256,172.0,73.24688158046942
test_run_0,1257,171.0,65.68070314257557
test_run_0,1258,170.0,69.4875756058656
test_run_0,1259,169.0,65.4442144282016
test_run_0,1260,168.0,76.99612841872515
test_run_0,1261,167.0,66.65929295102949
test_run_0,1262,166.0,73.74421481580109
test_run_0,1263,165.0,71.52152333244632
test_run_0,1264,164.0,69.51802727952094
test_run_0,1265,163.0,71.60938925755568
test_run_0,1266,162.0,73.9397238525819
test_run_0,1267,161.0,70.16705486252155
test_run_0,1268,160.0,70.85497003614014
test_run_0,1269,159.0,74.74683249007904
test_run_0,1270,158.0,69.83264208788917
test_run_0,1271,157.0,74.96245843513313
test_run_0,1272,156.0,76.11709388143164
test_run_0,1273,155.0,72.69571367570089
test_run_0,1274,154.0,70.97509715582594
test_run_0,1275,153.0,73.56511763462086
test_run_0,1276,152.0,71.69256712450061
test_run_0,1277,151.0,74.3555175483199
test_run_0,1278,150.0,72.71116900777398
test_run_0,1279,149.0,72.4205669849628
test_run_0,1280,148.0,74.64233463640991
test_run_0,1281,147.0,82.68580469920825
test_run_0,1282,146.0,77.55007477609983
test_run_0,1283,145.0,73.72655063641112
test_run_0,1284,144.0,72.75853445592365
test_run_0,1285,143.0,73.51156720456169
test_run_0,1286,142.0,77.17329630605366
test_run_0,1287,141.0,70.17001525401128
test_run_0,1288,140.0,73.01351373166997
test_run_0,1289,139.0,78.31495898812888
test_run_0,1290,138.0,75.3218545981476
test_run_0,1291,137.0,76.69932763541598
test_run_0,1292,136.0,77.70798502611629
test_run_0,1293,135.0,79.45819833020055
test_run_0,1294,134.0,74.39846444315921
test_run_0,1295,133.0,74.54968954127779
test_run_0,1296,132.0,81.39770814929352
test_run_0,1297,131.0,90.42080297698998
test_run_0,1298,130.0,84.34149103128401
test_run_0,1299,129.0,87.8749197699079
test_run_0,1300,128.0,85.07410221186701
test_run_0,1301,127.0,84.61457592623621
test_run_0,1302,126.0,91.39617338215864
test_run_0,1303,125.0,86.7303286645733
test_run_0,1304,124.0,81.25772045000616
test_run_0,1305,123.0,86.14564255090093
test_run_0,1306,122.0,90.75445890704
test_run_0,1307,121.0,88.21475895498551
test_run_0,1308,120.0,91.31925611307496
test_run_0,1309,119.0,90.06957872288997
test_run_0,1310,118.0,89.48590191303224
test_run_0,1311,117.0,85.42717609173906
test_run_0,1312,116.0,83.97683253423988
test_run_0,1313,115.0,89.75319789975102
test_run_0,1314,114.0,85.62076502973163
test_run_0,1315,113.0,78.10984561825265
test_run_0,1316,112.0,90.85358279881868
test_run_0,1317,111.0,88.86050078553616
test_run_0,1318,110.0,83.69655297308587
test_run_0,1319,109.0,94.5451608748802
test_run_0,1320,108.0,89.47323429376706
test_run_0,1321,107.0,97.40253519526541
test_run_0,1322,106.0,92.20197640732377
test_run_0,1323,105.0,90.00166792294809
test_run_0,1324,104.0,83.05802974701882
test_run_0,1325,103.0,91.60307856507802
test_run_0,1326,102.0,81.16722770022177
test_run_0,1327,101.0,89.40931665787684
test_run_0,1328,100.0,91.71677135086848
test_run_0,1329,99.0,86.24346943659035
test_run_0,1330,98.0,83.59380695093127
test_run_0,1331,97.0,90.81642386178748
test_run_0,1332,96.0,83.62166442640479
test_run_0,1333,95.0,84.30352477651935
test_run_0,1334,94.0,87.68859517554202
test_run_0,1335,93.0,80.4352623287716
test_run_0,1336,92.0,81.46707514771256
test_run_0,1337,91.0,92.15610974861805
test_run_0,1338,90.0,88.25768577816433
test_run_0,1339,89.0,83.72296919702913
test_run_0,1340,88.0,86.270882183091
test_run_0,1341,87.0,91.21035922353578
test_run_0,1342,86.0,93.88367391409857
test_run_0,1343,85.0,93.4103133342293
test_run_0,1344,84.0,87.0481720490812
test_run_0,1345,83.0,93.20119082125875
test_run_0,1346,82.0,87.06698338150457
test_run_0,1347,81.0,87.02416161274611
test_run_0,1348,80.0,89.02306278404038
test_run_0,1349,79.0,89.78663569418437
test_run_0,1350,78.0,85.94403869374528
test_run_0,1351,77.0,90.27252215098257
test_run_0,1352,76.0,84.21204095768687
test_run_0,1353,75.0,91.61247530500202
test_run_0,1354,74.0,89.44859462461841
test_run_0,1355,73.0,91.86952953847972
test_run_0,1356,72.0,89.06915498859017
test_run_0,1357,71.0,90.3350608819446
test_run_0,1358,70.0,90.33622655382028
test_run_0,1359,69.0,90.374266925942
test_run_0,1360,68.0,93.2727359630003
test_run_0,1361,67.0,93.64710887334286
test_run_0,1362,66.0,88.82612840555308
test_run_0,1363,65.0,88.53722635567608
test_run_0,1364,64.0,88.09087501162416
test_run_0,1365,63.0,97.08149742707757
test_run_0,1366,62.0,90.18992587664738
test_run_0,1367,61.0,91.40474186360034
test_run_0,1368,60.0,84.24719326370256
test_run_0,1369,59.0,84.92465163496547
test_run_0,1370,58.0,90.73486802606446
test_run_0,1371,57.0,86.57797946281181
test_run_0,1372,56.0,88.57655451002879
test_run_0,1373,55.0,86.43340133672291
test_run_0,1374,54.0,93.52227167072098
test_run_0,1375,53.0,87.7482147658276
test_run_0,1376,52.0,86.72213312454939
test_run_0,1377,51.0,84.13162302706885
test_run_0,1378,50.0,92.02223103841833
test_run_0,1379,49.0,94.69960464888484
test_run_0,1380,48.0,93.48504622749898
test_run_0,1381,47.0,92.07928580345472
test_run_0,1382,46.0,91.9794784649396
test_run_0,1383,45.0,94.16849594138233
test_run_0,1384,44.0,95.08656414116386
test_run_0,1385,43.0,93.73272184703569
test_run_0,1386,42.0,106.306893906953
test_run_0,1387,41.0,99.19469977524963
test_run_0,1388,40.0,100.96725785993891
test_run_0,1389,39.0,104.87237018029653
test_run_0,1390,38.0,110.08498644018559
test_run_0,1391,37.0,110.25787177906685
test_run_0,1392,36.0,107.74852738088813
test_run_0,1393,35.0,109.37062629593693
test_run_0,1394,34.0,105.94412100831612
test_run_0,1395,33.0,105.93944550204712
test_run_0,1396,32.0,103.65715072412529
test_run_0,1397,31.0,106.08320339484501
test_run_0,1398,30.0,104.40211698567666
test_run_0,1399,29.0,111.08051669291301
test_run_0,1400,28.0,108.23506362920348
test_run_0,1401,27.0,106.9952360309982
test_run_0,1402,26.0,109.55792762066915
test_run_0,1403,25.0,111.3214613066446
test_run_0,1404,24.0,114.81215289776055
test_run_0,1405,23.0,108.5496873343124
test_run_0,1406,22.0,114.95583686433474
test_run_0,1407,21.0,111.16172214152769
test_run_0,1408,20.0,109.28307590937644
test_run_0,1409,19.0,116.94126172030144
test_run_0,1410,18.0,115.76763922596179
test_run_0,1411,17.0,112.67218032032558
test_run_0,1412,16.0,116.20447020681809
test_run_0,1413,15.0,111.35438529139981
test_run_0,1414,14.0,115.27351309216098
test_run_0,1415,13.0,115.27704669300833
test_run_0,1416,12.0,108.79037454594729
test_run_0,1417,11.0,111.8046373531566
test_run_0,1418,10.0,118.77891512500189
test_run_0,1419,9.0,116.14798860342088
test_run_0,1420,8.0,116.03312643247747
test_run_0,1421,7.0,120.36410997636654
test_run_0,1422,6.0,118.20468184154652
test_run_0,1423,5.0,120.59779712780778
test_run_0,1424,4.0,119.80222167439194
test_run_0,1425,3.0,122.47024572406022
test_run_0,1426,2.0,122.36106387804685
test_run_0,1427,1.0,107.31487411562902
test_run_1,0,2463.0,0.9988838999020595
test_run_1,1,2462.0,0.9514895781698314
test_run_1,2,2461.0,0.9567491949378082
test_run_1,3,2460.0,1.0732141381330247
test_run_1,4,2459.0,1.0252040100995727
test_run_1,5,2458.0,1.3401846989266295
test_run_1,6,2457.0,0.9670828592082616
test_run_1,7,2456.0,0.9417819565872774
test_run_1,8,2455.0,0.7063401878728288
test_run_1,9,2454.0,0.6811594429061916
test_run_1,10,2453.0,0.8797111563641262
test_run_1,11,2452.0,0.47986237406241505
test_run_1,12,2451.0,0.5566213180363071
test_run_1,13,2450.0,0.6304510501091799
test_run_1,14,2449.0,0.6407661108279402
test_run_1,15,2448.0,0.5380485760729339
test_run_1,16,2447.0,0.5906548566304025
test_run_1,17,2446.0,0.514073009493947
test_run_1,18,2445.0,0.6157974874521799
test_run_1,19,2444.0,0.6583459048502012
test_run_1,20,2443.0,0.6752205098745951
test_run_1,21,2442.0,0.8201704445505997
test_run_1,22,2441.0,0.42819288632574165
test_run_1,23,2440.0,0.8546702973184832
test_run_1,24,2439.0,0.7308576101164521
test_run_1,25,2438.0,0.6659335882342415
test_run_1,26,2437.0,0.6287533011263012
test_run_1,27,2436.0,0.5197363735106466
test_run_1,28,2435.0,1.136876972318768
test_run_1,29,2434.0,0.598269938138683
test_run_1,30,2433.0,0.5668266192551148
test_run_1,31,2432.0,0.3287876038165684
test_run_1,32,2431.0,0.5456846751109424
test_run_1,33,2430.0,0.4363094645073911
test_run_1,34,2429.0,0.37584535658544876
test_run_1,35,2428.0,0.4877262679731733
test_run_1,36,2427.0,0.7087602791156953
test_run_1,37,2426.0,0.38670370684137084
test_run_1,38,2425.0,0.416518157453988
test_run_1,39,2424.0,0.4670035274716815
test_run_1,40,2423.0,0.5168450184300932
test_run_1,41,2422.0,0.3146324355867013
test_run_1,42,2421.0,0.5886626050712069
test_run_1,43,2420.0,0.49614745674582467
test_run_1,44,2419.0,0.5352710348067984
test_run_1,45,2418.0,0.39311905491410193
test_run_1,46,2417.0,2.0624606298881436
test_run_1,47,2416.0,1.5405424261868286
test_run_1,48,2415.0,0.5447949470221193
test_run_1,49,2414.0,0.3788096029023946
test_run_1,50,2413.0,0.49132789479073
test_run_1,51,2412.0,0.3276509082216029
test_run_1,52,2411.0,0.765242041341565
test_run_1,53,2410.0,0.5146733701307393
test_run_1,54,2409.0,0.47515492293818384
test_run_1,55,2408.0,0.5759364359052359
test_run_1,56,2407.0,0.34805267328212947
test_run_1,57,2406.0,0.5331039904087694
test_run_1,58,2405.0,0.4071503064115145
test_run_1,59,2404.0,0.6170068185590977
test_run_1,60,2403.0,0.41680065180997383
test_run_1,61,2402.0,0.46317329361687276
test_run_1,62,2401.0,0.6124523269659081
test_run_1,63,2400.0,0.25266851004424284
test_run_1,64,2399.0,0.5837662293618455
test_run_1,65,2398.0,0.7353699080978073
test_run_1,66,2397.0,0.5384902916983776
test_run_1,67,2396.0,0.742789303044197
test_run_1,68,2395.0,0.3632082363975238
test_run_1,69,2394.0,1.0057745783808156
test_run_1,70,2393.0,0.6547907673943791
test_run_1,71,2392.0,0.7168876586554124
test_run_1,72,2391.0,0.48185778376896043
test_run_1,73,2390.0,0.7847180255891841
test_run_1,74,2389.0,0.5249530505227988
test_run_1,75,2388.0,0.4696890189283899
test_run_1,76,2387.0,0.4485491213784205
test_run_1,77,2386.0,0.48409199873999664
test_run_1,78,2385.0,0.5417912208223906
test_run_1,79,2384.0,0.4734154757676789
test_run_1,80,2383.0,0.49193033730760166
test_run_1,81,2382.0,0.27638220850938167
test_run_1,82,2381.0,0.40810474936030816
test_run_1,83,2380.0,0.7509096160520862
test_run_1,84,2379.0,0.8121257770985071
test_run_1,85,2378.0,0.5859026900688329
test_run_1,86,2377.0,0.32130745931741317
test_run_1,87,2376.0,0.3834559934706853
test_run_1,88,2375.0,0.5924857840939067
test_run_1,89,2374.0,0.5406116124465673
test_run_1,90,2373.0,0.5025184365271401
test_run_1,91,2372.0,0.5983590912357364
test_run_1,92,2371.0,0.3932832229687959
test_run_1,93,2370.0,0.41053595535749954
test_run_1,94,2369.0,0.5767270459149143
test_run_1,95,2368.0,0.4882754023961473
test_run_1,96,2367.0,0.45942012707051616
test_run_1,97,2366.0,0.37260164447219635
test_run_1,98,2365.0,0.6711711332446948
test_run_1,99,2364.0,0.5953041007157884
test_run_1,100,2363.0,0.6159752107427934
test_run_1,101,2362.0,0.42100557650465964
test_run_1,102,2361.0,0.5443234541759576
test_run_1,103,2360.0,0.3008035120397298
test_run_1,104,2359.0,0.3938846476385623
test_run_1,105,2358.0,1.1046960267459158
test_run_1,106,2357.0,0.47919802576659754
test_run_1,107,2356.0,0.2650203600611779
test_run_1,108,2355.0,0.5360489930661058
test_run_1,109,2354.0,0.47166234734102747
test_run_1,110,2353.0,0.3955849703376277
test_run_1,111,2352.0,0.3031648838404669
test_run_1,112,2351.0,1.32146121197079
test_run_1,113,2350.0,0.5524698714971812
test_run_1,114,2349.0,0.29211366267241295
test_run_1,115,2348.0,0.5168332558567295
test_run_1,116,2347.0,0.5769591195152816
test_run_1,117,2346.0,1.2882200067399292
test_run_1,118,2345.0,0.45401895936899006
test_run_1,119,2344.0,0.6540660013901434
test_run_1,120,2343.0,1.5520355565918502
test_run_1,121,2342.0,0.6549589099776468
test_run_1,122,2341.0,0.5785707855261304
test_run_1,123,2340.0,0.6954618819897015
test_run_1,124,2339.0,0.3858105708834273
test_run_1,125,2338.0,0.684742539348895
test_run_1,126,2337.0,0.3753344930499402
test_run_1,127,2336.0,0.5834100783579774
test_run_1,128,2335.0,0.40519836405105114
test_run_1,129,2334.0,0.2881182151073735
test_run_1,130,2333.0,0.6302059800916485
test_run_1,131,2332.0,0.5290723036390729
test_run_1,132,2331.0,0.5294218858394466
test_run_1,133,2330.0,0.6808211988077426
test_run_1,134,2329.0,0.7800175106764528
test_run_1,135,2328.0,0.6873113193021441
test_run_1,136,2327.0,0.5065093240763542
test_run_1,137,2326.0,0.9136512061352168
test_run_1,138,2325.0,0.813382344623322
test_run_1,139,2324.0,0.669195351086832
test_run_1,140,2323.0,0.8625312637573916
test_run_1,141,2322.0,0.767055659932001
test_run_1,142,2321.0,0.48754595405611934
test_run_1,143,2320.0,0.4707133040301258
test_run_1,144,2319.0,0.42311749511378016
test_run_1,145,2318.0,1.4503646641462582
test_run_1,146,2317.0,1.6835147354014393
test_run_1,147,2316.0,0.5638899090080752
test_run_1,148,2315.0,0.47705860388221055
test_run_1,149,2314.0,0.6148961804442494
test_run_1,150,2313.0,0.6953602695725929
test_run_1,151,2312.0,0.3372742245795377
test_run_1,152,2311.0,0.523160323367164
test_run_1,153,2310.0,0.29658748624806225
test_run_1,154,2309.0,0.7461239701196025
test_run_1,155,2308.0,0.47353448235928164
test_run_1,156,2307.0,0.29088575835994546
test_run_1,157,2306.0,0.30864061108270235
test_run_1,158,2305.0,0.2830375251342492
test_run_1,159,2304.0,3.3713042181176993
test_run_1,160,2303.0,0.21758473078564947
test_run_1,161,2302.0,0.4439350791030753
test_run_1,162,2301.0,1.3463149788098545
test_run_1,163,2300.0,0.4997715619630056
test_run_1,164,2299.0,0.8403538924494522
test_run_1,165,2298.0,0.4244864663125991
test_run_1,166,2297.0,0.3396510551545283
test_run_1,167,2296.0,0.707973595883489
test_run_1,168,2295.0,0.5031211105340403
test_run_1,169,2294.0,0.7426112899374316
test_run_1,170,2293.0,0.49321114299834157
test_run_1,171,2292.0,0.40200436171732845
test_run_1,172,2291.0,0.6675326750675483
test_run_1,173,2290.0,0.4864677867508124
test_run_1,174,2289.0,0.5009917940661761
test_run_1,175,2288.0,0.5162034337577273
test_run_1,176,2287.0,0.47250607401736994
test_run_1,177,2286.0,0.325489491043749
test_run_1,178,2285.0,0.6686071600094998
test_run_1,179,2284.0,0.9545910879115256
test_run_1,180,2283.0,0.427028676949002
test_run_1,181,2282.0,0.47039148503709355
test_run_1,182,2281.0,0.5473623122702336
test_run_1,183,2280.0,0.38103890048722255
test_run_1,184,2279.0,0.3795599578423575
test_run_1,185,2278.0,0.6054956202335211
test_run_1,186,2277.0,0.583153945492749
test_run_1,187,2276.0,0.5702880182215686
test_run_1,188,2275.0,0.4411631820422722
test_run_1,189,2274.0,0.25432686886208705
test_run_1,190,2273.0,0.6002714622573775
test_run_1,191,2272.0,4.9442765151685295
test_run_1,192,2271.0,0.38388364854602036
test_run_1,193,2270.0,0.8225923734395231
test_run_1,194,2269.0,0.5301074817329479
test_run_1,195,2268.0,0.47214716706956733
test_run_1,196,2267.0,0.4100442126207394
test_run_1,197,2266.0,0.4441603326415664
test_run_1,198,2265.0,0.6117244966979024
test_run_1,199,2264.0,0.3547228062265503
test_run_1,200,2263.0,0.6580373033965553
test_run_1,201,2262.0,0.39489241775023354
test_run_1,202,2261.0,0.2994241985930903
test_run_1,203,2260.0,0.5429786096638824
test_run_1,204,2259.0,0.6637742000590837
test_run_1,205,2258.0,0.39105500663999077
test_run_1,206,2257.0,0.677888906970505
test_run_1,207,2256.0,0.6216486077575316
test_run_1,208,2255.0,0.45910561520405063
test_run_1,209,2254.0,0.412941666178956
test_run_1,210,2253.0,0.5350241178381224
test_run_1,211,2252.0,0.38810469848177453
test_run_1,212,2251.0,0.37015150929936447
test_run_1,213,2250.0,0.668075892274933
test_run_1,214,2249.0,0.4058256330752936
test_run_1,215,2248.0,0.38032655121968595
test_run_1,216,2247.0,0.3919284892671389
test_run_1,217,2246.0,0.3912358388863379
test_run_1,218,2245.0,0.6448942963784273
test_run_1,219,2244.0,0.5408973772382817
test_run_1,220,2243.0,0.47203105614794605
test_run_1,221,2242.0,0.5823956067620233
test_run_1,222,2241.0,0.22619361403105542
test_run_1,223,2240.0,0.2381522595031122
test_run_1,224,2239.0,0.6442150298082271
test_run_1,225,2238.0,0.3687308593418713
test_run_1,226,2237.0,0.3164772786928457
test_run_1,227,2236.0,0.5722777808289959
test_run_1,228,2235.0,0.49888796616972897
test_run_1,229,2234.0,0.44802523108392966
test_run_1,230,2233.0,0.4296802245657772
test_run_1,231,2232.0,0.5166202272901951
test_run_1,232,2231.0,0.4760717348675641
test_run_1,233,2230.0,0.5134873783186542
test_run_1,234,2229.0,0.7138911464961615
test_run_1,235,2228.0,0.5148218555206119
test_run_1,236,2227.0,0.8183436449006709
test_run_1,237,2226.0,0.28985803962802037
test_run_1,238,2225.0,0.5402777063951391
test_run_1,239,2224.0,0.547247350578799
test_run_1,240,2223.0,0.3082112188623967
test_run_1,241,2222.0,0.7431577669564732
test_run_1,242,2221.0,0.7022070820061135
test_run_1,243,2220.0,0.7769155957766923
test_run_1,244,2219.0,2.57724752614522
test_run_1,245,2218.0,0.7461622849417802
test_run_1,246,2217.0,0.7490115538677182
test_run_1,247,2216.0,0.4596779645554282
test_run_1,248,2215.0,0.653510826443408
test_run_1,249,2214.0,0.6434609927294852
test_run_1,250,2213.0,0.6636370809446909
test_run_1,251,2212.0,1.9622345723743249
test_run_1,252,2211.0,0.519480858737555
test_run_1,253,2210.0,0.6748555095354531
test_run_1,254,2209.0,0.38621197262467655
test_run_1,255,2208.0,0.6186568121864398
test_run_1,256,2207.0,0.39939281606597005
test_run_1,257,2206.0,0.4144760682726297
test_run_1,258,2205.0,0.4807424400183552
test_run_1,259,2204.0,0.682395970681221
test_run_1,260,2203.0,0.9282435931189184
test_run_1,261,2202.0,0.5170677407387256
test_run_1,262,2201.0,0.8914746247312022
test_run_1,263,2200.0,0.38785890322378974
test_run_1,264,2199.0,0.7349094025167522
test_run_1,265,2198.0,0.34279914683378865
test_run_1,266,2197.0,0.8648476128090055
test_run_1,267,2196.0,0.7114089176064275
test_run_1,268,2195.0,0.8176499213856756
test_run_1,269,2194.0,0.9106644761032501
test_run_1,270,2193.0,0.5920524722314688
test_run_1,271,2192.0,0.5653082904315464
test_run_1,272,2191.0,0.6838109218401061
test_run_1,273,2190.0,0.6042965721393708
test_run_1,274,2189.0,0.5844328228134867
test_run_1,275,2188.0,0.45576251941053736
test_run_1,276,2187.0,0.540577823653843
test_run_1,277,2186.0,0.3184466524467848
test_run_1,278,2185.0,4.305110165089607
test_run_1,279,2184.0,0.5736662572266704
test_run_1,280,2183.0,0.4824920615986009
test_run_1,281,2182.0,0.7371924808593284
test_run_1,282,2181.0,0.44141329859382583
test_run_1,283,2180.0,0.4963956181420398
test_run_1,284,2179.0,0.601260132336567
test_run_1,285,2178.0,0.5296089071748741
test_run_1,286,2177.0,0.5738165164403901
test_run_1,287,2176.0,3.9615100812097923
test_run_1,288,2175.0,0.3738198121867937
test_run_1,289,2174.0,0.8307311760743408
test_run_1,290,2173.0,0.6296139284942
test_run_1,291,2172.0,0.6300654923464618
test_run_1,292,2171.0,0.5785390639578646
test_run_1,293,2170.0,0.5182706065800442
test_run_1,294,2169.0,0.5889735565417588
test_run_1,295,2168.0,0.4751285191172202
test_run_1,296,2167.0,0.39853738452974463
test_run_1,297,2166.0,0.7689562470835446
test_run_1,298,2165.0,0.5039154328488386
test_run_1,299,2164.0,0.8272721471794771
test_run_1,300,2163.0,0.6866424547554308
test_run_1,301,2162.0,0.9139455619633161
test_run_1,302,2161.0,0.5783158760194911
test_run_1,303,2160.0,0.9609680176543078
test_run_1,304,2159.0,0.38037762971324807
test_run_1,305,2158.0,0.7521845660435226
test_run_1,306,2157.0,0.6347194824538531
test_run_1,307,2156.0,0.5152323575865652
test_run_1,308,2155.0,0.9098440123463677
test_run_1,309,2154.0,0.48816573181849865
test_run_1,310,2153.0,0.8164073982794042
test_run_1,311,2152.0,0.4926997881353664
test_run_1,312,2151.0,0.6955462638921233
test_run_1,313,2150.0,0.7811728999960841
test_run_1,314,2149.0,0.8907397439652008
test_run_1,315,2148.0,0.5755889369761088
test_run_1,316,2147.0,0.7709246428975872
test_run_1,317,2146.0,0.32596884595866565
test_run_1,318,2145.0,0.8395985137407738
test_run_1,319,2144.0,0.451029059956823
test_run_1,320,2143.0,0.6616672205754786
test_run_1,321,2142.0,0.52196053099385
test_run_1,322,2141.0,0.3325904205283617
test_run_1,323,2140.0,0.8578296994330884
test_run_1,324,2139.0,0.3916220372628467
test_run_1,325,2138.0,3.067171578726705
test_run_1,326,2137.0,0.5614334047269461
test_run_1,327,2136.0,0.4697526195393381
test_run_1,328,2135.0,1.1247316579842352
test_run_1,329,2134.0,0.5692131489877442
test_run_1,330,2133.0,0.8248712344570578
test_run_1,331,2132.0,0.4187007418568208
test_run_1,332,2131.0,0.5300236973662427
test_run_1,333,2130.0,0.5892044844120997
test_run_1,334,2129.0,0.7271693738515307
test_run_1,335,2128.0,0.5719046359367759
test_run_1,336,2127.0,0.8334512923771404
test_run_1,337,2126.0,0.49217271641431876
test_run_1,338,2125.0,0.48293925468542065
test_run_1,339,2124.0,0.30779794988221887
test_run_1,340,2123.0,0.4904528465367477
test_run_1,341,2122.0,0.5997805678885506
test_run_1,342,2121.0,0.4733592302115615
test_run_1,343,2120.0,0.5699933118227261
test_run_1,344,2119.0,0.45828153752470635
test_run_1,345,2118.0,0.5359144177964185
test_run_1,346,2117.0,0.6343139965848621
test_run_1,347,2116.0,0.9290240320133251
test_run_1,348,2115.0,0.846477730842697
test_run_1,349,2114.0,0.6520123554084659
test_run_1,350,2113.0,0.9370372124177541
test_run_1,351,2112.0,0.40747572437028295
test_run_1,352,2111.0,0.7505860427108293
test_run_1,353,2110.0,0.5539218951460398
test_run_1,354,2109.0,0.6269615548903744
test_run_1,355,2108.0,0.5460364493887917
test_run_1,356,2107.0,0.627315031075664
test_run_1,357,2106.0,0.8842178792078592
test_run_1,358,2105.0,0.8317287966996595
test_run_1,359,2104.0,0.8206146446056838
test_run_1,360,2103.0,0.8625116924316956
test_run_1,361,2102.0,0.5943508909872829
test_run_1,362,2101.0,0.6656734745694001
test_run_1,363,2100.0,0.6386435335329231
test_run_1,364,2099.0,0.8900137140820636
test_run_1,365,2098.0,1.5478710999614673
test_run_1,366,2097.0,0.618087741027223
test_run_1,367,2096.0,0.8071818278666762
test_run_1,368,2095.0,0.6172723539596008
test_run_1,369,2094.0,0.5197817200724476
test_run_1,370,2093.0,0.3112533086120944
test_run_1,371,2092.0,0.9914763680075612
test_run_1,372,2091.0,0.7761571875820389
test_run_1,373,2090.0,0.8042416993294923
test_run_1,374,2089.0,0.7297636334750579
test_run_1,375,2088.0,0.4954873564288789
test_run_1,376,2087.0,0.5141473140499837
test_run_1,377,2086.0,1.004955700235619
test_run_1,378,2085.0,0.6990869219832619
test_run_1,379,2084.0,0.5254269159261362
test_run_1,380,2083.0,2.642526968563828
test_run_1,381,2082.0,0.5569689804931951
test_run_1,382,2081.0,0.4972348130940823
test_run_1,383,2080.0,0.9553588384072933
test_run_1,384,2079.0,0.4445663855101599
test_run_1,385,2078.0,0.7108803063844285
test_run_1,386,2077.0,0.6299054769488693
test_run_1,387,2076.0,0.6306214994544657
test_run_1,388,2075.0,0.7990765091684803
test_run_1,389,2074.0,0.6815460665636088
test_run_1,390,2073.0,0.6775343614281129
test_run_1,391,2072.0,0.6649555794255053
test_run_1,392,2071.0,0.6524703920584152
test_run_1,393,2070.0,0.5939574440998225
test_run_1,394,2069.0,0.871875320770015
test_run_1,395,2068.0,0.7389360031465017
test_run_1,396,2067.0,0.9401009162355981
test_run_1,397,2066.0,0.6529413475434459
test_run_1,398,2065.0,0.7530796255381013
test_run_1,399,2064.0,0.7953815389247053
test_run_1,400,2063.0,1.0632205797854126
test_run_1,401,2062.0,0.8128357493140989
test_run_1,402,2061.0,0.8952283804057568
test_run_1,403,2060.0,0.7491740551350043
test_run_1,404,2059.0,0.4135495643857392
test_run_1,405,2058.0,0.5858697111114088
test_run_1,406,2057.0,0.7917217112697548
test_run_1,407,2056.0,0.7127196730854808
test_run_1,408,2055.0,1.1277880244447442
test_run_1,409,2054.0,0.9888217013654204
test_run_1,410,2053.0,0.6652611658680664
test_run_1,411,2052.0,0.8201935979032855
test_run_1,412,2051.0,0.9314625489769099
test_run_1,413,2050.0,0.6576670041045178
test_run_1,414,2049.0,0.8501229507421835
test_run_1,415,2048.0,0.6776854793140953
test_run_1,416,2047.0,0.7106000468644936
test_run_1,417,2046.0,0.620342212837186
test_run_1,418,2045.0,0.5354812359604568
test_run_1,419,2044.0,0.40802910245334995
test_run_1,420,2043.0,0.5896584299910901
test_run_1,421,2042.0,0.9569727835256658
test_run_1,422,2041.0,0.8948438051366792
test_run_1,423,2040.0,1.0875845278810272
test_run_1,424,2039.0,0.9499915766933148
test_run_1,425,2038.0,0.6562800711340347
test_run_1,426,2037.0,0.772052007749511
test_run_1,427,2036.0,0.8324757218016783
test_run_1,428,2035.0,0.5986982163143655
test_run_1,429,2034.0,0.6984179777365498
test_run_1,430,2033.0,1.0474290981896903
test_run_1,431,2032.0,0.534929690522565
test_run_1,432,2031.0,0.5536612061823651
test_run_1,433,2030.0,0.9197623943824788
test_run_1,434,2029.0,0.556648271703718
test_run_1,435,2028.0,0.7282069000957279
test_run_1,436,2027.0,0.7570901537297228
test_run_1,437,2026.0,0.9607294479872801
test_run_1,438,2025.0,1.2407464022841368
test_run_1,439,2024.0,0.986530708649495
test_run_1,440,2023.0,0.6738264987423809
test_run_1,441,2022.0,0.9841964172803612
test_run_1,442,2021.0,1.0438886894441737
test_run_1,443,2020.0,0.6379706594899572
test_run_1,444,2019.0,0.6955610774900796
test_run_1,445,2018.0,0.6194192955628885
test_run_1,446,2017.0,0.9185090987238607
test_run_1,447,2016.0,0.8737334609740166
test_run_1,448,2015.0,1.115302608649317
test_run_1,449,2014.0,0.4899318680154335
test_run_1,450,2013.0,0.6923611673546402
test_run_1,451,2012.0,0.8584401058289266
test_run_1,452,2011.0,0.7798943847220697
test_run_1,453,2010.0,0.9026630413381527
test_run_1,454,2009.0,0.803981110962947
test_run_1,455,2008.0,0.7508205560326185
test_run_1,456,2007.0,0.7811284052952683
test_run_1,457,2006.0,0.6523334667695307
test_run_1,458,2005.0,0.6786977518911051
test_run_1,459,2004.0,0.9557742336866204
test_run_1,460,2003.0,0.9292645494421115
test_run_1,461,2002.0,0.8372242415615896
test_run_1,462,2001.0,0.8644588465566845
test_run_1,463,2000.0,0.7967677712007545
test_run_1,464,1999.0,0.8706028328402781
test_run_1,465,1998.0,0.7892772937672341
test_run_1,466,1997.0,0.7288453503060952
test_run_1,467,1996.0,0.7211172120394057
test_run_1,468,1995.0,0.8884502018304152
test_run_1,469,1994.0,0.8492717071490116
test_run_1,470,1993.0,0.7161827210903242
test_run_1,471,1992.0,0.9568808944189356
test_run_1,472,1991.0,1.3287259238763045
test_run_1,473,1990.0,0.8931914697557495
test_run_1,474,1989.0,1.2022911126769877
test_run_1,475,1988.0,0.42698583351361563
test_run_1,476,1987.0,1.0002963513728202
test_run_1,477,1986.0,0.8515003940593855
test_run_1,478,1985.0,0.8106329108615652
test_run_1,479,1984.0,0.9793810923877976
test_run_1,480,1983.0,0.7555224319217317
test_run_1,481,1982.0,0.816769428337601
test_run_1,482,1981.0,0.7258685660216464
test_run_1,483,1980.0,0.8509860755606141
test_run_1,484,1979.0,1.0177172683435238
test_run_1,485,1978.0,0.6745979075695543
test_run_1,486,1977.0,1.1664105458638585
test_run_1,487,1976.0,0.9862740501140388
test_run_1,488,1975.0,1.6211167854254072
test_run_1,489,1974.0,1.0731643586901893
test_run_1,490,1973.0,0.7975962681026563
test_run_1,491,1972.0,0.8044847232265415
test_run_1,492,1971.0,0.7792623908041233
test_run_1,493,1970.0,0.9988667551079301
test_run_1,494,1969.0,0.6988594488113781
test_run_1,495,1968.0,0.8948371730493191
test_run_1,496,1967.0,1.0670166149619476
test_run_1,497,1966.0,0.9389533299552679
test_run_1,498,1965.0,0.6939539781049053
test_run_1,499,1964.0,0.9809338351721572
test_run_1,500,1963.0,1.0719976975412628
test_run_1,501,1962.0,1.0756748474603781
test_run_1,502,1961.0,1.1235712369839654
test_run_1,503,1960.0,0.9619172002232143
test_run_1,504,1959.0,0.6968188232526862
test_run_1,505,1958.0,0.7941096678460647
test_run_1,506,1957.0,0.7986255561990181
test_run_1,507,1956.0,1.0111427806782065
test_run_1,508,1955.0,0.992370296372225
test_run_1,509,1954.0,1.1222652558257642
test_run_1,510,1953.0,0.8957226501137694
test_run_1,511,1952.0,1.0312993436164681
test_run_1,512,1951.0,0.7908320403486192
test_run_1,513,1950.0,1.0538137729662775
test_run_1,514,1949.0,0.8746485580867587
test_run_1,515,1948.0,0.8188580505904861
test_run_1,516,1947.0,0.8743019639720288
test_run_1,517,1946.0,0.7443929424422774
test_run_1,518,1945.0,0.7067495827498979
test_run_1,519,1944.0,1.2648353184492636
test_run_1,520,1943.0,0.902629189584118
test_run_1,521,1942.0,0.9739907493768281
test_run_1,522,1941.0,1.2888696464364782
test_run_1,523,1940.0,0.8287300749824332
test_run_1,524,1939.0,0.8136456324937751
test_run_1,525,1938.0,0.941627746022441
test_run_1,526,1937.0,0.9726470560035436
test_run_1,527,1936.0,0.7984555828130416
test_run_1,528,1935.0,0.80542311438615
test_run_1,529,1934.0,0.8263168849014988
test_run_1,530,1933.0,0.9784674612069537
test_run_1,531,1932.0,0.9851125435779904
test_run_1,532,1931.0,0.9814813514436743
test_run_1,533,1930.0,0.7312160422111277
test_run_1,534,1929.0,1.0183224157248776
test_run_1,535,1928.0,0.8314248820985639
test_run_1,536,1927.0,0.8710582377220021
test_run_1,537,1926.0,0.868839426437216
test_run_1,538,1925.0,0.9325790775126412
test_run_1,539,1924.0,0.8610455139027797
test_run_1,540,1923.0,0.9338539981599313
test_run_1,541,1922.0,0.862408362028857
test_run_1,542,1921.0,0.8520103388219443
test_run_1,543,1920.0,0.9711545007106217
test_run_1,544,1919.0,1.05995909644002
test_run_1,545,1918.0,0.8618084614859383
test_run_1,546,1917.0,0.8500237509605381
test_run_1,547,1916.0,0.9814950344459726
test_run_1,548,1915.0,1.0663137565128302
test_run_1,549,1914.0,1.1685652350243267
test_run_1,550,1913.0,1.0874175144558882
test_run_1,551,1912.0,0.959810495389927
test_run_1,552,1911.0,1.0469558700939685
test_run_1,553,1910.0,0.8304440220524946
test_run_1,554,1909.0,1.3062411572564936
test_run_1,555,1908.0,0.9545793181425971
test_run_1,556,1907.0,0.9982974398094866
test_run_1,557,1906.0,0.770937485353297
test_run_1,558,1905.0,0.7222723926302338
test_run_1,559,1904.0,0.9014591633305891
test_run_1,560,1903.0,1.1000918105478372
test_run_1,561,1902.0,0.9691094975452597
test_run_1,562,1901.0,1.1017490414421895
test_run_1,563,1900.0,0.7336668215661262
test_run_1,564,1899.0,1.0424312624648182
test_run_1,565,1898.0,0.8417570710004239
test_run_1,566,1897.0,0.7532117550635371
test_run_1,567,1896.0,1.1437197660372578
test_run_1,568,1895.0,1.1118363084863567
test_run_1,569,1894.0,1.1146900093685104
test_run_1,570,1893.0,1.0137630197339689
test_run_1,571,1892.0,1.1068395936180908
test_run_1,572,1891.0,1.2369006400578724
test_run_1,573,1890.0,0.8505464625630322
test_run_1,574,1889.0,0.8275805356909487
test_run_1,575,1888.0,0.9827209604929517
test_run_1,576,1887.0,0.9315560745869081
test_run_1,577,1886.0,0.9291803731514326
test_run_1,578,1885.0,0.8596363454711167
test_run_1,579,1884.0,1.1551240415586497
test_run_1,580,1883.0,0.90287137333214
test_run_1,581,1882.0,1.1434594052492373
test_run_1,582,1881.0,1.187415832003633
test_run_1,583,1880.0,0.8597696446151604
test_run_1,584,1879.0,1.2968003470675273
test_run_1,585,1878.0,1.2348670560888577
test_run_1,586,1877.0,0.7548380939219643
test_run_1,587,1876.0,1.0863501919106089
test_run_1,588,1875.0,0.9366654837302443
test_run_1,589,1874.0,0.9544300245696495
test_run_1,590,1873.0,0.8507206149928395
test_run_1,591,1872.0,1.392057957204393
test_run_1,592,1871.0,1.041964779347515
test_run_1,593,1870.0,1.001548526106977
test_run_1,594,1869.0,1.0810379612899736
test_run_1,595,1868.0,1.1396022508373176
test_run_1,596,1867.0,0.9613286892948747
test_run_1,597,1866.0,1.0928030027796913
test_run_1,598,1865.0,1.1492616912640372
test_run_1,599,1864.0,1.186711997345968
test_run_1,600,1863.0,0.9640851166776656
test_run_1,601,1862.0,1.244630402084583
test_run_1,602,1861.0,0.8806891923867382
test_run_1,603,1860.0,1.2985760125584545
test_run_1,604,1859.0,0.9588035236266601
test_run_1,605,1858.0,1.1835238220078346
test_run_1,606,1857.0,1.0891872243787533
test_run_1,607,1856.0,1.0143935850295038
test_run_1,608,1855.0,1.297714876144609
test_run_1,609,1854.0,1.1077511944580132
test_run_1,610,1853.0,1.0192072568507053
test_run_1,611,1852.0,1.1165636391018263
test_run_1,612,1851.0,0.9803552807631931
test_run_1,613,1850.0,1.1199127604094408
test_run_1,614,1849.0,1.1902826740045422
test_run_1,615,1848.0,1.1774259471567325
test_run_1,616,1847.0,1.019317730203334
test_run_1,617,1846.0,1.0381680385218357
test_run_1,618,1845.0,0.9923096441719533
test_run_1,619,1844.0,1.169690386367837
test_run_1,620,1843.0,1.1276937357821089
test_run_1,621,1842.0,1.0315990140961087
test_run_1,622,1841.0,1.0489443904511462
test_run_1,623,1840.0,0.96942800004608
test_run_1,624,1839.0,0.9234391091239456
test_run_1,625,1838.0,1.0111751501549098
test_run_1,626,1837.0,1.062294544986503
test_run_1,627,1836.0,1.3101304858000422
test_run_1,628,1835.0,1.3518679397853783
test_run_1,629,1834.0,0.8749381537426135
test_run_1,630,1833.0,1.134197470787226
test_run_1,631,1832.0,1.0731421831972372
test_run_1,632,1831.0,1.5073178766906945
test_run_1,633,1830.0,0.974000825945233
test_run_1,634,1829.0,1.2017224474979011
test_run_1,635,1828.0,0.8458626867908942
test_run_1,636,1827.0,1.1036500046744202
test_run_1,637,1826.0,1.0242396810926424
test_run_1,638,1825.0,0.7343808398186884
test_run_1,639,1824.0,1.0957494068884273
test_run_1,640,1823.0,1.0536838506417223
test_run_1,641,1822.0,1.3002374836142903
test_run_1,642,1821.0,1.1034729593519501
test_run_1,643,1820.0,1.1769581898699517
test_run_1,644,1819.0,0.9810234016398945
test_run_1,645,1818.0,0.998256809188898
test_run_1,646,1817.0,1.0389437720560653
test_run_1,647,1816.0,0.9834348084540843
test_run_1,648,1815.0,1.3253054615784863
test_run_1,649,1814.0,1.1554785123187004
test_run_1,650,1813.0,0.8531668514298507
test_run_1,651,1812.0,1.0260066356132236
test_run_1,652,1811.0,0.9829438101879442
test_run_1,653,1810.0,0.9947696132201983
test_run_1,654,1809.0,1.0594095742276504
test_run_1,655,1808.0,1.1208718235158384
test_run_1,656,1807.0,1.0890530280162563
test_run_1,657,1806.0,0.8968336639043544
test_run_1,658,1805.0,1.046375508311908
test_run_1,659,1804.0,1.0914166541974273
test_run_1,660,1803.0,1.173638804043415
test_run_1,661,1802.0,1.0860558800012161
test_run_1,662,1801.0,1.7226096019879784
test_run_1,663,1800.0,0.7283745104977944
test_run_1,664,1799.0,1.1048121401781543
test_run_1,665,1798.0,1.0841015124168023
test_run_1,666,1797.0,1.0952900807033958
test_run_1,667,1796.0,1.2151601846088924
test_run_1,668,1795.0,1.1456455852232892
test_run_1,669,1794.0,1.3024462355762227
test_run_1,670,1793.0,1.0123267107846365
test_run_1,671,1792.0,1.3130446233170596
test_run_1,672,1791.0,1.2683411519153274
test_run_1,673,1790.0,1.258025864763501
test_run_1,674,1789.0,0.899392108568513
test_run_1,675,1788.0,1.4492820134239024
test_run_1,676,1787.0,1.070954095656289
test_run_1,677,1786.0,1.1080116687006811
test_run_1,678,1785.0,1.022017477466419
test_run_1,679,1784.0,1.099825565808234
test_run_1,680,1783.0,0.9018907212504184
test_run_1,681,1782.0,1.1733265273018987
test_run_1,682,1781.0,1.1322737907808709
test_run_1,683,1780.0,1.0410176472819146
test_run_1,684,1779.0,1.1863253098733741
test_run_1,685,1778.0,1.283871137464161
test_run_1,686,1777.0,1.0540138869995357
test_run_1,687,1776.0,0.9256215598865423
test_run_1,688,1775.0,1.3088577085325337
test_run_1,689,1774.0,0.8569544875492138
test_run_1,690,1773.0,1.1882560516535317
test_run_1,691,1772.0,1.2975069900026726
test_run_1,692,1771.0,1.3799257198607662
test_run_1,693,1770.0,1.1501075824375748
test_run_1,694,1769.0,1.2597729056717193
test_run_1,695,1768.0,1.154694802365606
test_run_1,696,1767.0,1.2176464379066547
test_run_1,697,1766.0,1.3011224542254294
test_run_1,698,1765.0,0.9395876383547618
test_run_1,699,1764.0,1.1735829884554134
test_run_1,700,1763.0,0.8339747710284764
test_run_1,701,1762.0,1.0237806409088566
test_run_1,702,1761.0,1.2425398901918983
test_run_1,703,1760.0,1.2586145017333734
test_run_1,704,1759.0,1.1355671867425567
test_run_1,705,1758.0,1.367384581845188
test_run_1,706,1757.0,1.3513062076623599
test_run_1,707,1756.0,1.1006860873211752
test_run_1,708,1755.0,1.0843095919226007
test_run_1,709,1754.0,1.172175509496639
test_run_1,710,1753.0,1.0666342033059573
test_run_1,711,1752.0,1.1944049336830846
test_run_1,712,1751.0,1.2759509426197435
test_run_1,713,1750.0,1.0213709703044282
test_run_1,714,1749.0,1.0879993025462653
test_run_1,715,1748.0,1.0019888684842042
test_run_1,716,1747.0,1.2526660954544189
test_run_1,717,1746.0,1.2338063360431974
test_run_1,718,1745.0,1.1343248012612868
test_run_1,719,1744.0,1.1297755272298553
test_run_1,720,1743.0,1.2065095357570985
test_run_1,721,1742.0,1.0850290238848292
test_run_1,722,1741.0,1.4239071947087174
test_run_1,723,1740.0,1.1583113189080405
test_run_1,724,1739.0,1.1859943534921773
test_run_1,725,1738.0,1.2407156556205838
test_run_1,726,1737.0,0.924265146921255
test_run_1,727,1736.0,1.1332952951883581
test_run_1,728,1735.0,1.1561477593730594
test_run_1,729,1734.0,1.196582264318575
test_run_1,730,1733.0,1.2150677337241231
test_run_1,731,1732.0,1.1789601502010476
test_run_1,732,1731.0,1.2995307401777567
test_run_1,733,1730.0,1.0953967379231713
test_run_1,734,1729.0,0.9238080055930041
test_run_1,735,1728.0,1.3031536653311788
test_run_1,736,1727.0,1.4638908302571025
test_run_1,737,1726.0,1.1143733615507005
test_run_1,738,1725.0,1.122381658175211
test_run_1,739,1724.0,1.5797249423711315
test_run_1,740,1723.0,1.1810505324309353
test_run_1,741,1722.0,1.2225365603658997
test_run_1,742,1721.0,1.077361618713135
test_run_1,743,1720.0,1.1752872089136381
test_run_1,744,1719.0,1.1335395521756984
test_run_1,745,1718.0,1.3064822487209928
test_run_1,746,1717.0,1.1795089559403895
test_run_1,747,1716.0,1.4670697958896892
test_run_1,748,1715.0,1.0222348171096118
test_run_1,749,1714.0,1.155645335751338
test_run_1,750,1713.0,1.0180637263404784
test_run_1,751,1712.0,1.072361523880042
test_run_1,752,1711.0,1.2144212008594792
test_run_1,753,1710.0,1.1450555184205655
test_run_1,754,1709.0,1.2177986180265146
test_run_1,755,1708.0,1.320515598803369
test_run_1,756,1707.0,1.0350943879567702
test_run_1,757,1706.0,0.9374469955109225
test_run_1,758,1705.0,1.1033827294688776
test_run_1,759,1704.0,1.2060378121101913
test_run_1,760,1703.0,1.3726229994808898
test_run_1,761,1702.0,1.1759598364968993
test_run_1,762,1701.0,1.1083488546474694
test_run_1,763,1700.0,1.0935353585370788
test_run_1,764,1699.0,1.7699777695735217
test_run_1,765,1698.0,0.9907101191934053
test_run_1,766,1697.0,1.3541554589656288
test_run_1,767,1696.0,1.074532331123115
test_run_1,768,1695.0,1.0068387927617688
test_run_1,769,1694.0,1.3275118296815998
test_run_1,770,1693.0,1.2810256039882453
test_run_1,771,1692.0,1.0222428073933796
test_run_1,772,1691.0,1.164493370706388
test_run_1,773,1690.0,1.3754101656468116
test_run_1,774,1689.0,1.3419727440577798
test_run_1,775,1688.0,1.3098612153534535
test_run_1,776,1687.0,1.379261447194591
test_run_1,777,1686.0,1.3032748579628544
test_run_1,778,1685.0,1.2006352169730217
test_run_1,779,1684.0,1.224172361871778
test_run_1,780,1683.0,1.3026536206506136
test_run_1,781,1682.0,1.2733494975524138
test_run_1,782,1681.0,1.0422113512236169
test_run_1,783,1680.0,1.4225113250518446
test_run_1,784,1679.0,1.1765028372633244
test_run_1,785,1678.0,1.2249347317903938
test_run_1,786,1677.0,1.050417483917048
test_run_1,787,1676.0,1.2358777111437314
test_run_1,788,1675.0,1.049383083905948
test_run_1,789,1674.0,1.0738497491160832
test_run_1,790,1673.0,1.1640022276230173
test_run_1,791,1672.0,1.0926689368328808
test_run_1,792,1671.0,1.123757143926157
test_run_1,793,1670.0,0.9248740637961342
test_run_1,794,1669.0,1.1669442075777985
test_run_1,795,1668.0,1.2047943530946168
test_run_1,796,1667.0,1.1153526972402397
test_run_1,797,1666.0,1.323366669270055
test_run_1,798,1665.0,1.205090508057184
test_run_1,799,1664.0,1.2859293137377177
test_run_1,800,1663.0,1.207637417397654
test_run_1,801,1662.0,1.2778902693252505
test_run_1,802,1661.0,1.2588334234482246
test_run_1,803,1660.0,1.156179010477327
test_run_1,804,1659.0,1.2539420561366046
test_run_1,805,1658.0,1.252452998551938
test_run_1,806,1657.0,2.3996832861965514
test_run_1,807,1656.0,1.310975893986976
test_run_1,808,1655.0,1.1058623766025568
test_run_1,809,1654.0,1.0907872559691818
test_run_1,810,1653.0,1.3077267212191592
test_run_1,811,1652.0,0.9911332097939951
test_run_1,812,1651.0,1.1725440379914065
test_run_1,813,1650.0,1.6157653903139615
test_run_1,814,1649.0,1.165670590895577
test_run_1,815,1648.0,1.2498260147834244
test_run_1,816,1647.0,1.5177605529440679
test_run_1,817,1646.0,1.2123712338711823
test_run_1,818,1645.0,1.2780070535830712
test_run_1,819,1644.0,1.5350132081895076
test_run_1,820,1643.0,1.0675025756208316
test_run_1,821,1642.0,1.2080616473746233
test_run_1,822,1641.0,1.0641035634519773
test_run_1,823,1640.0,1.3678634930923341
test_run_1,824,1639.0,1.7548572681703714
test_run_1,825,1638.0,1.3118777575081835
test_run_1,826,1637.0,1.3096479806265078
test_run_1,827,1636.0,1.2470288762783561
test_run_1,828,1635.0,1.5038233253633524
test_run_1,829,1634.0,1.0301611201786938
test_run_1,830,1633.0,1.116470440467221
test_run_1,831,1632.0,1.109513756179952
test_run_1,832,1631.0,1.2438866002539777
test_run_1,833,1630.0,1.322068331059611
test_run_1,834,1629.0,1.202894122477825
test_run_1,835,1628.0,1.1663722505183602
test_run_1,836,1627.0,1.3922182689246014
test_run_1,837,1626.0,1.1521829510731607
test_run_1,838,1625.0,1.045701597983454
test_run_1,839,1624.0,1.3949579874327338
test_run_1,840,1623.0,1.330835438411836
test_run_1,841,1622.0,1.2138698475291654
test_run_1,842,1621.0,1.0303895178093412
test_run_1,843,1620.0,1.8832695285685586
test_run_1,844,1619.0,1.2768515839240866
test_run_1,845,1618.0,1.2063290329672032
test_run_1,846,1617.0,1.2526273506214705
test_run_1,847,1616.0,1.2023714631358082
test_run_1,848,1615.0,1.2621807834342536
test_run_1,849,1614.0,1.3260531397304522
test_run_1,850,1613.0,1.1910408680140956
test_run_1,851,1612.0,1.1249370053339143
test_run_1,852,1611.0,1.2943468483406215
test_run_1,853,1610.0,1.221314063509543
test_run_1,854,1609.0,1.3648322977411216
test_run_1,855,1608.0,1.3587300532700661
test_run_1,856,1607.0,1.3370407848642305
test_run_1,857,1606.0,1.117238978851891
test_run_1,858,1605.0,1.1283938291614513
test_run_1,859,1604.0,1.2378377290528224
test_run_1,860,1603.0,1.133553471418773
test_run_1,861,1602.0,1.2570710519765256
test_run_1,862,1601.0,1.3369447594260375
test_run_1,863,1600.0,1.2774384277033957
test_run_1,864,1599.0,1.2920935347268787
test_run_1,865,1598.0,1.247329057207486
test_run_1,866,1597.0,1.2511987806172828
test_run_1,867,1596.0,1.1281937689066766
test_run_1,868,1595.0,1.2515754346410304
test_run_1,869,1594.0,1.307349491048023
test_run_1,870,1593.0,1.4063557196098944
test_run_1,871,1592.0,1.1653654081969624
test_run_1,872,1591.0,1.4110105230494896
test_run_1,873,1590.0,1.2131846808405853
test_run_1,874,1589.0,1.3327524863783202
test_run_1,875,1588.0,1.3118769215108117
test_run_1,876,1587.0,1.1914916680892886
test_run_1,877,1586.0,1.3396507978640133
test_run_1,878,1585.0,1.5097116348679154
test_run_1,879,1584.0,1.2390357420737383
test_run_1,880,1583.0,1.1193230604692566
test_run_1,881,1582.0,1.257447596084996
test_run_1,882,1581.0,1.2737465733523936
test_run_1,883,1580.0,1.191202898350395
test_run_1,884,1579.0,1.2931373231146395
test_run_1,885,1578.0,1.1730709086299487
test_run_1,886,1577.0,1.3162958633415072
test_run_1,887,1576.0,1.1608086358648657
test_run_1,888,1575.0,1.3099673427075769
test_run_1,889,1574.0,1.4541406344680876
test_run_1,890,1573.0,1.2732062461580143
test_run_1,891,1572.0,1.2646716593086071
test_run_1,892,1571.0,1.1365876042108658
test_run_1,893,1570.0,1.2667731694910924
test_run_1,894,1569.0,1.3023008910676561
test_run_1,895,1568.0,1.3421177119987244
test_run_1,896,1567.0,1.4382357247986337
test_run_1,897,1566.0,1.2533544366038663
test_run_1,898,1565.0,1.159578107271495
test_run_1,899,1564.0,1.287906666024441
test_run_1,900,1563.0,1.3161047022062848
test_run_1,901,1562.0,1.2827458379519412
test_run_1,902,1561.0,1.3973842511235501
test_run_1,903,1560.0,1.204323315522047
test_run_1,904,1559.0,1.202652777361495
test_run_1,905,1558.0,1.022305335920735
test_run_1,906,1557.0,1.4350021775424127
test_run_1,907,1556.0,1.2960260875392393
test_run_1,908,1555.0,1.1815126679502566
test_run_1,909,1554.0,1.1558622745332503
test_run_1,910,1553.0,1.6462442053801343
test_run_1,911,1552.0,1.2748207075159232
test_run_1,912,1551.0,1.2658926947090305
test_run_1,913,1550.0,3.5662770484604147
test_run_1,914,1549.0,1.1912440491472112
test_run_1,915,1548.0,1.2136453727421974
test_run_1,916,1547.0,5.155202405565587
test_run_1,917,1546.0,1.4420514847396948
test_run_1,918,1545.0,1.382056784604993
test_run_1,919,1544.0,1.4131580457057331
test_run_1,920,1543.0,1.2685634199430225
test_run_1,921,1542.0,1.082071684508248
test_run_1,922,1541.0,1.1988505681921784
test_run_1,923,1540.0,1.1762982000563325
test_run_1,924,1539.0,1.1257520323042953
test_run_1,925,1538.0,1.1935608472483665
test_run_1,926,1537.0,1.2439375781146502
test_run_1,927,1536.0,1.2790651053559259
test_run_1,928,1535.0,1.2542204398953447
test_run_1,929,1534.0,1.2438623239285567
test_run_1,930,1533.0,1.2052299765310754
test_run_1,931,1532.0,1.350287569142612
test_run_1,932,1531.0,1.3633296576911011
test_run_1,933,1530.0,1.3476436615912055
test_run_1,934,1529.0,1.2783877368320233
test_run_1,935,1528.0,2.4905694701733943
test_run_1,936,1527.0,1.2258699249521812
test_run_1,937,1526.0,1.1175603095188584
test_run_1,938,1525.0,1.5571255686531178
test_run_1,939,1524.0,1.3436768621147654
test_run_1,940,1523.0,1.3560675302311653
test_run_1,941,1522.0,1.3405881478282626
test_run_1,942,1521.0,1.3635042124010401
test_run_1,943,1520.0,1.1505151996270595
test_run_1,944,1519.0,1.416012172832711
test_run_1,945,1518.0,1.3940057319240196
test_run_1,946,1517.0,1.3484370730942952
test_run_1,947,1516.0,1.1174343106814586
test_run_1,948,1515.0,1.2124574597739712
test_run_1,949,1514.0,1.173802233272326
test_run_1,950,1513.0,1.6963125431261736
test_run_1,951,1512.0,2.3073003882585796
test_run_1,952,1511.0,1.3919000616244817
test_run_1,953,1510.0,1.4904450247130516
test_run_1,954,1509.0,1.2781497664249994
test_run_1,955,1508.0,1.3343773296990644
test_run_1,956,1507.0,1.2869016753528602
test_run_1,957,1506.0,1.3110291128598806
test_run_1,958,1505.0,1.3540271927308372
test_run_1,959,1504.0,1.4603728040472057
test_run_1,960,1503.0,1.2159678999179755
test_run_1,961,1502.0,1.4071480303247905
test_run_1,962,1501.0,1.3064441440612446
test_run_1,963,1500.0,1.3757481489237144
test_run_1,964,1499.0,1.3671562336306873
test_run_1,965,1498.0,1.061756919237619
test_run_1,966,1497.0,1.1010164787453887
test_run_1,967,1496.0,1.2899763973267873
test_run_1,968,1495.0,1.5467395392302712
test_run_1,969,1494.0,3.177680672448788
test_run_1,970,1493.0,1.372412233452577
test_run_1,971,1492.0,1.4641843218189172
test_run_1,972,1491.0,1.1971457195530673
test_run_1,973,1490.0,1.3664294366774024
test_run_1,974,1489.0,1.397399542441619
test_run_1,975,1488.0,1.2098657116972218
test_run_1,976,1487.0,1.1689634003483935
test_run_1,977,1486.0,1.314665157559285
test_run_1,978,1485.0,1.2837454395805585
test_run_1,979,1484.0,1.3166288882449626
test_run_1,980,1483.0,1.4025213314879492
test_run_1,981,1482.0,1.4528011120031459
test_run_1,982,1481.0,1.3401444880428834
test_run_1,983,1480.0,1.327734557175095
test_run_1,984,1479.0,1.4750925724853046
test_run_1,985,1478.0,1.158401620495826
test_run_1,986,1477.0,1.3269188486643566
test_run_1,987,1476.0,1.7074212740886139
test_run_1,988,1475.0,1.4446565841513601
test_run_1,989,1474.0,1.4452963257626117
test_run_1,990,1473.0,1.230562861335501
test_run_1,991,1472.0,1.195836961524758
test_run_1,992,1471.0,1.3223175061628287
test_run_1,993,1470.0,1.4311464210037106
test_run_1,994,1469.0,1.709353044229681
test_run_1,995,1468.0,1.5381409440915514
test_run_1,996,1467.0,1.4902787375142157
test_run_1,997,1466.0,1.1021851815957295
test_run_1,998,1465.0,1.658418375690535
test_run_1,999,1464.0,1.3804451094729484
test_run_1,1000,1463.0,1.376229533533107
test_run_1,1001,1462.0,1.312298034960134
test_run_1,1002,1461.0,1.1510907827525951
test_run_1,1003,1460.0,1.428674124705341
test_run_1,1004,1459.0,1.4493574438343804
test_run_1,1005,1458.0,1.3645742321726073
test_run_1,1006,1457.0,1.2890100738260404
test_run_1,1007,1456.0,1.408383736546205
test_run_1,1008,1455.0,1.3759107659180168
test_run_1,1009,1454.0,1.5104065645853846
test_run_1,1010,1453.0,1.4620407784638396
test_run_1,1011,1452.0,1.392709234273074
test_run_1,1012,1451.0,1.377660263799897
test_run_1,1013,1450.0,1.412204573717192
test_run_1,1014,1449.0,1.3578671244606046
test_run_1,1015,1448.0,1.3974310813357274
test_run_1,1016,1447.0,1.333541520013926
test_run_1,1017,1446.0,1.5692943734558988
test_run_1,1018,1445.0,1.3400779185176854
test_run_1,1019,1444.0,1.74027060152547
test_run_1,1020,1443.0,1.2631793902167616
test_run_1,1021,1442.0,1.3260902685327107
test_run_1,1022,1441.0,1.7054889556458523
test_run_1,1023,1440.0,1.3459986481429418
test_run_1,1024,1439.0,1.3313300154441192
test_run_1,1025,1438.0,1.3252226336652007
test_run_1,1026,1437.0,1.3109309315886268
test_run_1,1027,1436.0,1.4216959077265714
test_run_1,1028,1435.0,1.2667823254399848
test_run_1,1029,1434.0,1.415165713258475
test_run_1,1030,1433.0,1.3170063864174582
test_run_1,1031,1432.0,1.683348719065748
test_run_1,1032,1431.0,1.2730890281701868
test_run_1,1033,1430.0,1.5165362374136577
test_run_1,1034,1429.0,1.4511710269422813
test_run_1,1035,1428.0,1.2429016338361472
test_run_1,1036,1427.0,1.3569996428512883
test_run_1,1037,1426.0,1.43473995779727
test_run_1,1038,1425.0,1.3097121852175317
test_run_1,1039,1424.0,1.5879406901497668
test_run_1,1040,1423.0,1.2667265274555006
test_run_1,1041,1422.0,1.3190122283385228
test_run_1,1042,1421.0,1.4121427778066251
test_run_1,1043,1420.0,1.1670184495997415
test_run_1,1044,1419.0,1.3147167168635323
test_run_1,1045,1418.0,1.211235953639278
test_run_1,1046,1417.0,1.4229732239368977
test_run_1,1047,1416.0,1.360264949623085
test_run_1,1048,1415.0,1.3936756959578687
test_run_1,1049,1414.0,1.372683060885609
test_run_1,1050,1413.0,1.360801232573991
test_run_1,1051,1412.0,1.2200178975803428
test_run_1,1052,1411.0,1.4366483274128972
test_run_1,1053,1410.0,1.378904041205491
test_run_1,1054,1409.0,1.3605576168074212
test_run_1,1055,1408.0,1.6107042948910937
test_run_1,1056,1407.0,1.597004876817051
test_run_1,1057,1406.0,1.1759509902175806
test_run_1,1058,1405.0,2.9774294981097427
test_run_1,1059,1404.0,1.4071202092824024
test_run_1,1060,1403.0,1.343204802062895
test_run_1,1061,1402.0,1.2711722477317218
test_run_1,1062,1401.0,1.1854860972688388
test_run_1,1063,1400.0,1.4091882522611123
test_run_1,1064,1399.0,1.4212459012762697
test_run_1,1065,1398.0,1.1894561068653466
test_run_1,1066,1397.0,1.151687443113966
test_run_1,1067,1396.0,1.3050796038010108
test_run_1,1068,1395.0,1.3974787354380607
test_run_1,1069,1394.0,1.3406731372093919
test_run_1,1070,1393.0,1.2483495290990587
test_run_1,1071,1392.0,1.4577631459743592
test_run_1,1072,1391.0,1.5845259665353182
test_run_1,1073,1390.0,1.2033932241898342
test_run_1,1074,1389.0,1.10432363126312
test_run_1,1075,1388.0,1.4059051557662898
test_run_1,1076,1387.0,1.2757393331460887
test_run_1,1077,1386.0,1.4466702662962274
test_run_1,1078,1385.0,1.1736328624403276
test_run_1,1079,1384.0,1.260556277751851
test_run_1,1080,1383.0,1.5193514078178139
test_run_1,1081,1382.0,1.2631388584251055
test_run_1,1082,1381.0,1.2987455094915594
test_run_1,1083,1380.0,1.3761240628043028
test_run_1,1084,1379.0,1.4215703145530465
test_run_1,1085,1378.0,1.1504810805745032
test_run_1,1086,1377.0,1.43296267516786
test_run_1,1087,1376.0,2.9005966966292585
test_run_1,1088,1375.0,1.2619708935957639
test_run_1,1089,1374.0,1.5320526190471604
test_run_1,1090,1373.0,1.4771135310215888
test_run_1,1091,1372.0,1.2542251665439164
test_run_1,1092,1371.0,1.6424464750992822
test_run_1,1093,1370.0,1.387034926907579
test_run_1,1094,1369.0,1.6392658303330663
test_run_1,1095,1368.0,1.3427833208141147
test_run_1,1096,1367.0,1.3300774053172757
test_run_1,1097,1366.0,1.4342381878553454
test_run_1,1098,1365.0,1.353285479579562
test_run_1,1099,1364.0,1.3405145605992654
test_run_1,1100,1363.0,1.409110140214299
test_run_1,1101,1362.0,1.425917967189782
test_run_1,1102,1361.0,1.491838337870717
test_run_1,1103,1360.0,1.4274248112909087
test_run_1,1104,1359.0,1.4216840291611956
test_run_1,1105,1358.0,1.4413766371297831
test_run_1,1106,1357.0,1.3481480833470536
test_run_1,1107,1356.0,1.4424858282084447
test_run_1,1108,1355.0,1.5407480595463887
test_run_1,1109,1354.0,1.5012969034145722
test_run_1,1110,1353.0,1.3891345660811556
test_run_1,1111,1352.0,1.5465169887755277
test_run_1,1112,1351.0,1.574139571635636
test_run_1,1113,1350.0,1.4757922616455494
test_run_1,1114,1349.0,1.3709568861348826
test_run_1,1115,1348.0,1.6142975556193158
test_run_1,1116,1347.0,1.4472293374140472
test_run_1,1117,1346.0,1.5542707106023448
test_run_1,1118,1345.0,1.6310535488010107
test_run_1,1119,1344.0,3.12377729880626
test_run_1,1120,1343.0,1.5631193572323805
test_run_1,1121,1342.0,1.4887712476681596
test_run_1,1122,1341.0,1.7951490948017241
test_run_1,1123,1340.0,1.5640847388720145
test_run_1,1124,1339.0,1.49513226641262
test_run_1,1125,1338.0,1.5776956433410603
test_run_1,1126,1337.0,1.3376799043030252
test_run_1,1127,1336.0,1.5095624014870017
test_run_1,1128,1335.0,1.4237970146419126
test_run_1,1129,1334.0,1.531374186142173
test_run_1,1130,1333.0,1.6674628215055776
test_run_1,1131,1332.0,1.387714041882512
test_run_1,1132,1331.0,1.4166635857861536
test_run_1,1133,1330.0,1.529131058305437
test_run_1,1134,1329.0,1.586835085424024
test_run_1,1135,1328.0,1.5440135380002764
test_run_1,1136,1327.0,1.5932436428663919
test_run_1,1137,1326.0,1.4361283178719115
test_run_1,1138,1325.0,1.372053953423817
test_run_1,1139,1324.0,2.127249039290988
test_run_1,1140,1323.0,1.6394822115083472
test_run_1,1141,1322.0,1.325109111918486
test_run_1,1142,1321.0,1.3904516497706085
test_run_1,1143,1320.0,1.6713142527337603
test_run_1,1144,1319.0,1.3948014584820974
test_run_1,1145,1318.0,1.384905212158423
test_run_1,1146,1317.0,1.652995161158494
test_run_1,1147,1316.0,1.5659845878804795
test_run_1,1148,1315.0,1.4258267422134705
test_run_1,1149,1314.0,1.3904611396227224
test_run_1,1150,1313.0,1.3676901052081434
test_run_1,1151,1312.0,1.376059400773687
test_run_1,1152,1311.0,1.4637576830141699
test_run_1,1153,1310.0,1.5653767694549985
test_run_1,1154,1309.0,1.4806571786144846
test_run_1,1155,1308.0,1.4047014955968238
test_run_1,1156,1307.0,1.1637259879182462
test_run_1,1157,1306.0,1.448912296180364
test_run_1,1158,1305.0,1.4311419136398555
test_run_1,1159,1304.0,1.541614999857026
test_run_1,1160,1303.0,1.3839772642731634
test_run_1,1161,1302.0,1.4567626296555898
test_run_1,1162,1301.0,1.289312968144351
test_run_1,1163,1300.0,2.4397616972899607
test_run_1,1164,1299.0,1.3850370142408994
test_run_1,1165,1298.0,1.716568260548101
test_run_1,1166,1297.0,1.3608616643947486
test_run_1,1167,1296.0,1.4199155068463791
test_run_1,1168,1295.0,1.4649308892962511
test_run_1,1169,1294.0,1.4500417781725594
test_run_1,1170,1293.0,1.4546207881001063
test_run_1,1171,1292.0,1.4220246474043576
test_run_1,1172,1291.0,1.3430876596707273
test_run_1,1173,1290.0,1.6666376528111582
test_run_1,1174,1289.0,1.2601681567856593
test_run_1,1175,1288.0,1.429425857044873
test_run_1,1176,1287.0,1.3102910419031724
test_run_1,1177,1286.0,1.4303956272688385
test_run_1,1178,1285.0,1.4144446599916436
test_run_1,1179,1284.0,1.277640476633814
test_run_1,1180,1283.0,1.5140917287666524
test_run_1,1181,1282.0,1.4622085454349427
test_run_1,1182,1281.0,1.3280653702096248
test_run_1,1183,1280.0,1.6670049823437463
test_run_1,1184,1279.0,1.3796401989448042
test_run_1,1185,1278.0,1.3913158973364168
test_run_1,1186,1277.0,1.4206424849667698
test_run_1,1187,1276.0,1.2900289403204692
test_run_1,1188,1275.0,1.509242292230125
test_run_1,1189,1274.0,1.4292171639294362
test_run_1,1190,1273.0,1.5112996947693622
test_run_1,1191,1272.0,1.4112546258239669
test_run_1,1192,1271.0,1.34540147795853
test_run_1,1193,1270.0,1.3074539271860819
test_run_1,1194,1269.0,1.3788716830166146
test_run_1,1195,1268.0,1.5866451891434972
test_run_1,1196,1267.0,1.2995845319084647
test_run_1,1197,1266.0,1.3034129035900952
test_run_1,1198,1265.0,1.3283464813313839
test_run_1,1199,1264.0,1.367254414513211
test_run_1,1200,1263.0,1.3202612256289752
test_run_1,1201,1262.0,1.628592630718213
test_run_1,1202,1261.0,1.484159234137012
test_run_1,1203,1260.0,1.4449596109348968
test_run_1,1204,1259.0,1.4995480430073769
test_run_1,1205,1258.0,1.459431341671755
test_run_1,1206,1257.0,1.409774442765618
test_run_1,1207,1256.0,1.1715124795683223
test_run_1,1208,1255.0,1.6461027252088563
test_run_1,1209,1254.0,1.441952353287699
test_run_1,1210,1253.0,1.2273289314382394
test_run_1,1211,1252.0,1.4176623057007194
test_run_1,1212,1251.0,1.414417872119254
test_run_1,1213,1250.0,1.4138282522295946
test_run_1,1214,1249.0,1.4218699777802137
test_run_1,1215,1248.0,1.496623068181708
test_run_1,1216,1247.0,1.327136875356368
test_run_1,1217,1246.0,1.5222003959662582
test_run_1,1218,1245.0,1.2739960901152472
test_run_1,1219,1244.0,1.500070060810756
test_run_1,1220,1243.0,2.8919624149931047
test_run_1,1221,1242.0,1.5817533286261645
test_run_1,1222,1241.0,1.5401090474601875
test_run_1,1223,1240.0,1.422777875292286
test_run_1,1224,1239.0,1.735287228024823
test_run_1,1225,1238.0,1.4390151102264948
test_run_1,1226,1237.0,1.3980774002798857
test_run_1,1227,1236.0,1.6113637542236066
test_run_1,1228,1235.0,1.4669834434515154
test_run_1,1229,1234.0,1.418778548707229
test_run_1,1230,1233.0,1.5758559844362001
test_run_1,1231,1232.0,1.3506573168563323
test_run_1,1232,1231.0,1.4261469047853637
test_run_1,1233,1230.0,2.1537478825634992
test_run_1,1234,1229.0,1.472509287446331
test_run_1,1235,1228.0,1.427700659048583
test_run_1,1236,1227.0,1.5876086652515395
test_run_1,1237,1226.0,1.4491780529579699
test_run_1,1238,1225.0,1.3268222818622668
test_run_1,1239,1224.0,1.486337563052961
test_run_1,1240,1223.0,1.4254683030515
test_run_1,1241,1222.0,1.4319133825319832
test_run_1,1242,1221.0,1.444870145547824
test_run_1,1243,1220.0,1.4614347206980396
test_run_1,1244,1219.0,1.3844104287345922
test_run_1,1245,1218.0,1.3860007045820697
test_run_1,1246,1217.0,1.416826400198418
test_run_1,1247,1216.0,1.9003122001546486
test_run_1,1248,1215.0,1.4411480589602235
test_run_1,1249,1214.0,1.3379314234234525
test_run_1,1250,1213.0,1.3829422767009762
test_run_1,1251,1212.0,1.3895711942392326
test_run_1,1252,1211.0,1.3559437413844653
test_run_1,1253,1210.0,1.6154854773471077
test_run_1,1254,1209.0,1.4760452841519873
test_run_1,1255,1208.0,1.6439227145774047
test_run_1,1256,1207.0,1.3880280289445683
test_run_1,1257,1206.0,1.3627374191662796
test_run_1,1258,1205.0,1.417291002126181
test_run_1,1259,1204.0,1.3763877868852235
test_run_1,1260,1203.0,1.5107043217155867
test_run_1,1261,1202.0,1.235169138898555
test_run_1,1262,1201.0,1.5255439388063927
test_run_1,1263,1200.0,1.4065437852148235
test_run_1,1264,1199.0,1.355380185641828
test_run_1,1265,1198.0,1.3842032017617503
test_run_1,1266,1197.0,1.5166567025740083
test_run_1,1267,1196.0,1.2888318657733173
test_run_1,1268,1195.0,1.595708414698054
test_run_1,1269,1194.0,1.2023753348348303
test_run_1,1270,1193.0,1.355147703682802
test_run_1,1271,1192.0,1.4416251197979133
test_run_1,1272,1191.0,1.3383122602117852
test_run_1,1273,1190.0,1.4832687043195945
test_run_1,1274,1189.0,1.4832880984242487
test_run_1,1275,1188.0,1.416649993188869
test_run_1,1276,1187.0,1.4723308498353325
test_run_1,1277,1186.0,1.398381510398086
test_run_1,1278,1185.0,1.304753066065865
test_run_1,1279,1184.0,1.54825768976181
test_run_1,1280,1183.0,1.7366069986210697
test_run_1,1281,1182.0,1.6334757810295233
test_run_1,1282,1181.0,1.6100184384569396
test_run_1,1283,1180.0,1.3390303322836288
test_run_1,1284,1179.0,1.564908297546892
test_run_1,1285,1178.0,1.4459150788860267
test_run_1,1286,1177.0,1.3795065966249922
test_run_1,1287,1176.0,1.381397781862962
test_run_1,1288,1175.0,1.6310299286167642
test_run_1,1289,1174.0,1.5124850567915813
test_run_1,1290,1173.0,1.4917188059619586
test_run_1,1291,1172.0,1.417150319007835
test_run_1,1292,1171.0,1.4894618821944188
test_run_1,1293,1170.0,1.5653921016105314
test_run_1,1294,1169.0,1.4202088909711625
test_run_1,1295,1168.0,1.448510213731574
test_run_1,1296,1167.0,1.254838137127511
test_run_1,1297,1166.0,1.529682505700064
test_run_1,1298,1165.0,1.7778948384095004
test_run_1,1299,1164.0,1.5356001794900755
test_run_1,1300,1163.0,1.4005494360981614
test_run_1,1301,1162.0,1.3492031343242308
test_run_1,1302,1161.0,1.4162438764633785
test_run_1,1303,1160.0,1.327986700026257
test_run_1,1304,1159.0,1.30773192701074
test_run_1,1305,1158.0,1.559024047412473
test_run_1,1306,1157.0,1.7221352569256783
test_run_1,1307,1156.0,1.427301514877831
test_run_1,1308,1155.0,1.760030232907625
test_run_1,1309,1154.0,1.472084637280727
test_run_1,1310,1153.0,1.6053182971604838
test_run_1,1311,1152.0,1.482622837500937
test_run_1,1312,1151.0,1.318005722113245
test_run_1,1313,1150.0,1.4723303679644535
test_run_1,1314,1149.0,1.3129071691005627
test_run_1,1315,1148.0,1.520920191221443
test_run_1,1316,1147.0,1.5592915351965426
test_run_1,1317,1146.0,1.5615465391013226
test_run_1,1318,1145.0,1.640275160075745
test_run_1,1319,1144.0,1.5382536525026145
test_run_1,1320,1143.0,1.3839862037649893
test_run_1,1321,1142.0,1.5354048887214833
test_run_1,1322,1141.0,1.6262442968200985
test_run_1,1323,1140.0,1.6086887045699558
test_run_1,1324,1139.0,1.624690926356147
test_run_1,1325,1138.0,1.4966702277165713
test_run_1,1326,1137.0,1.4324265092799628
test_run_1,1327,1136.0,1.5976516271308376
test_run_1,1328,1135.0,1.5950848387587904
test_run_1,1329,1134.0,1.462643606612435
test_run_1,1330,1133.0,1.6961882011417508
test_run_1,1331,1132.0,1.5798992930251252
test_run_1,1332,1131.0,1.6989505395423379
test_run_1,1333,1130.0,1.5614557226656711
test_run_1,1334,1129.0,1.5556471791115398
test_run_1,1335,1128.0,1.588343274664242
test_run_1,1336,1127.0,1.662345508829245
test_run_1,1337,1126.0,1.3912364419681915
test_run_1,1338,1125.0,1.4323254127763325
test_run_1,1339,1124.0,1.670010647358086
test_run_1,1340,1123.0,1.41998946195829
test_run_1,1341,1122.0,1.433476034690647
test_run_1,1342,1121.0,1.483461514869235
test_run_1,1343,1120.0,1.4721100251523942
test_run_1,1344,1119.0,1.348472878498912
test_run_1,1345,1118.0,1.4219614561633023
test_run_1,1346,1117.0,1.4184968865342296
test_run_1,1347,1116.0,1.4785946516594959
test_run_1,1348,1115.0,1.509313334631754
test_run_1,1349,1114.0,1.6275082934616816
test_run_1,1350,1113.0,1.3265179065237844
test_run_1,1351,1112.0,1.4974778872861727
test_run_1,1352,1111.0,1.4105281054031642
test_run_1,1353,1110.0,1.5104493928851055
test_run_1,1354,1109.0,1.551223585312449
test_run_1,1355,1108.0,1.467073916892224
test_run_1,1356,1107.0,1.480948075715577
test_run_1,1357,1106.0,1.539377896651676
test_run_1,1358,1105.0,1.3035762476865176
test_run_1,1359,1104.0,1.7951975285698492
test_run_1,1360,1103.0,1.21849114733579
test_run_1,1361,1102.0,1.533430130137759
test_run_1,1362,1101.0,1.4757377630307515
test_run_1,1363,1100.0,1.338276155264064
test_run_1,1364,1099.0,1.4970532729993997
test_run_1,1365,1098.0,2.028926378250239
test_run_1,1366,1097.0,1.6061218911930233
test_run_1,1367,1096.0,1.3386633615314139
test_run_1,1368,1095.0,1.4836717031224855
test_run_1,1369,1094.0,1.4934240141503317
test_run_1,1370,1093.0,1.428300717895827
test_run_1,1371,1092.0,1.452328895740664
test_run_1,1372,1091.0,1.3911781230484335
test_run_1,1373,1090.0,1.5709348556911522
test_run_1,1374,1089.0,1.4397111711723432
test_run_1,1375,1088.0,1.4129564927423242
test_run_1,1376,1087.0,1.62644486312835
test_run_1,1377,1086.0,1.3856692028750845
test_run_1,1378,1085.0,1.6338868991764905
test_run_1,1379,1084.0,1.5763208810021951
test_run_1,1380,1083.0,1.366739620096673
test_run_1,1381,1082.0,1.4386825356260755
test_run_1,1382,1081.0,1.582685729824608
test_run_1,1383,1080.0,1.6734071085250803
test_run_1,1384,1079.0,1.478510353162201
test_run_1,1385,1078.0,1.4430404272313375
test_run_1,1386,1077.0,1.554693753394656
test_run_1,1387,1076.0,1.4987558390748315
test_run_1,1388,1075.0,1.5246555452286885
test_run_1,1389,1074.0,1.5202773074275833
test_run_1,1390,1073.0,1.5438381720494267
test_run_1,1391,1072.0,1.6853970289425362
test_run_1,1392,1071.0,1.8572044549593307
test_run_1,1393,1070.0,1.442090171250404
test_run_1,1394,1069.0,1.5468247422968084
test_run_1,1395,1068.0,1.472518987531015
test_run_1,1396,1067.0,1.4895406844753167
test_run_1,1397,1066.0,1.402222760042795
test_run_1,1398,1065.0,2.0195918902136185
test_run_1,1399,1064.0,1.3764148825286289
test_run_1,1400,1063.0,1.6473550289088883
test_run_1,1401,1062.0,1.402237815776793
test_run_1,1402,1061.0,1.4542695907032903
test_run_1,1403,1060.0,1.4473727394902243
test_run_1,1404,1059.0,1.4810206459948132
test_run_1,1405,1058.0,1.341840864958527
test_run_1,1406,1057.0,1.6864751428672498
test_run_1,1407,1056.0,1.4776321546751807
test_run_1,1408,1055.0,1.4485540663531953
test_run_1,1409,1054.0,1.5038746847617062
test_run_1,1410,1053.0,1.6765267297864885
test_run_1,1411,1052.0,1.4544906252591392
test_run_1,1412,1051.0,1.7807682643177951
test_run_1,1413,1050.0,1.424705259735843
test_run_1,1414,1049.0,1.526179009538141
test_run_1,1415,1048.0,1.5138768846646662
test_run_1,1416,1047.0,1.3890628555927758
test_run_1,1417,1046.0,1.3848505859477611
test_run_1,1418,1045.0,1.1939711712435537
test_run_1,1419,1044.0,1.502794195387338
test_run_1,1420,1043.0,1.4774181009336733
test_run_1,1421,1042.0,1.3697091968578428
test_run_1,1422,1041.0,1.5782438445887539
test_run_1,1423,1040.0,1.4833307696398719
test_run_1,1424,1039.0,1.4633659659515408
test_run_1,1425,1038.0,1.549771702431007
test_run_1,1426,1037.0,1.5305636272196463
test_run_1,1427,1036.0,1.476271525507702
test_run_1,1428,1035.0,1.441877770302539
test_run_1,1429,1034.0,1.5540034422076319
test_run_1,1430,1033.0,1.698592103978464
test_run_1,1431,1032.0,1.3140303112739846
test_run_1,1432,1031.0,1.6461845519729372
test_run_1,1433,1030.0,1.4601886256649972
test_run_1,1434,1029.0,1.6668946221490821
test_run_1,1435,1028.0,1.6931655380958197
test_run_1,1436,1027.0,1.3663551576627917
test_run_1,1437,1026.0,1.560404715945386
test_run_1,1438,1025.0,1.4757203760254227
test_run_1,1439,1024.0,1.6078714973837624
test_run_1,1440,1023.0,1.4685443505699138
test_run_1,1441,1022.0,1.4832483600146726
test_run_1,1442,1021.0,1.5635812115273466
test_run_1,1443,1020.0,1.3774567904306259
test_run_1,1444,1019.0,1.62195132387712
test_run_1,1445,1018.0,1.616638656543109
test_run_1,1446,1017.0,1.4466676255366777
test_run_1,1447,1016.0,1.6212490687216015
test_run_1,1448,1015.0,1.39789145536967
test_run_1,1449,1014.0,1.3793557263737466
test_run_1,1450,1013.0,1.5850478709728208
test_run_1,1451,1012.0,1.5244178499262402
test_run_1,1452,1011.0,1.5044222383636503
test_run_1,1453,1010.0,1.4729481089234995
test_run_1,1454,1009.0,1.6934798827008304
test_run_1,1455,1008.0,1.6271685625965362
test_run_1,1456,1007.0,1.3457934153781577
test_run_1,1457,1006.0,4.574235256103305
test_run_1,1458,1005.0,1.5036331414691129
test_run_1,1459,1004.0,1.401174535277484
test_run_1,1460,1003.0,1.5328221911516193
test_run_1,1461,1002.0,1.4300507492640318
test_run_1,1462,1001.0,1.6528203098684162
test_run_1,1463,1000.0,1.426873338253776
test_run_1,1464,999.0,1.406799001275772
test_run_1,1465,998.0,1.7989313027416773
test_run_1,1466,997.0,1.51934880624303
test_run_1,1467,996.0,1.599862756058323
test_run_1,1468,995.0,1.6237839773875138
test_run_1,1469,994.0,1.5121538107119343
test_run_1,1470,993.0,1.4955707341637614
test_run_1,1471,992.0,1.3749639393911612
test_run_1,1472,991.0,1.4162558419542846
test_run_1,1473,990.0,1.699960852709739
test_run_1,1474,989.0,1.5747804743676546
test_run_1,1475,988.0,1.5142041629731988
test_run_1,1476,987.0,1.960648497088301
test_run_1,1477,986.0,1.3568342735802985
test_run_1,1478,985.0,1.6318600377081016
test_run_1,1479,984.0,1.6033941522199566
test_run_1,1480,983.0,1.449215802549516
test_run_1,1481,982.0,1.5244577429373118
test_run_1,1482,981.0,1.7971576882694218
test_run_1,1483,980.0,1.5403651746444766
test_run_1,1484,979.0,1.4653107923908275
test_run_1,1485,978.0,1.4501925631506578
test_run_1,1486,977.0,1.574734011867721
test_run_1,1487,976.0,1.475030834554174
test_run_1,1488,975.0,2.526442083524292
test_run_1,1489,974.0,1.508790481314286
test_run_1,1490,973.0,1.6987881364192066
test_run_1,1491,972.0,1.6099192231530677
test_run_1,1492,971.0,1.5107797925899766
test_run_1,1493,970.0,1.4839184003160102
test_run_1,1494,969.0,1.702553752401619
test_run_1,1495,968.0,1.609312561101883
test_run_1,1496,967.0,1.6348199989911578
test_run_1,1497,966.0,1.554195284652202
test_run_1,1498,965.0,1.650279512632882
test_run_1,1499,964.0,3.20135929169881
test_run_1,1500,963.0,1.569337655324341
test_run_1,1501,962.0,1.5038100301436879
test_run_1,1502,961.0,1.5151835969645489
test_run_1,1503,960.0,1.5403923756271776
test_run_1,1504,959.0,1.4648962289977185
test_run_1,1505,958.0,1.472285935084166
test_run_1,1506,957.0,1.5892714136368826
test_run_1,1507,956.0,1.5725663823640417
test_run_1,1508,955.0,2.244144966606561
test_run_1,1509,954.0,1.5305315231725836
test_run_1,1510,953.0,1.3712984308170957
test_run_1,1511,952.0,1.3995537194131729
test_run_1,1512,951.0,1.3850022845746925
test_run_1,1513,950.0,1.560947464781258
test_run_1,1514,949.0,1.384051712104397
test_run_1,1515,948.0,1.3564890068994315
test_run_1,1516,947.0,1.4744742094584435
test_run_1,1517,946.0,1.3642440184157378
test_run_1,1518,945.0,1.6627835207366453
test_run_1,1519,944.0,1.4382344187406808
test_run_1,1520,943.0,1.820883468604558
test_run_1,1521,942.0,1.49359557931713
test_run_1,1522,941.0,1.5144182340701378
test_run_1,1523,940.0,1.503894491910205
test_run_1,1524,939.0,1.5778904544730135
test_run_1,1525,938.0,1.5012497104141402
test_run_1,1526,937.0,1.4548089018314483
test_run_1,1527,936.0,1.6073484173463135
test_run_1,1528,935.0,1.559281777874518
test_run_1,1529,934.0,1.555880523270489
test_run_1,1530,933.0,1.4265888992610192
test_run_1,1531,932.0,1.525983980769658
test_run_1,1532,931.0,1.3924264515419134
test_run_1,1533,930.0,1.7607710943237724
test_run_1,1534,929.0,1.5327027453670596
test_run_1,1535,928.0,1.469825028992393
test_run_1,1536,927.0,1.5810454449492497
test_run_1,1537,926.0,1.487031172116946
test_run_1,1538,925.0,1.538298263882581
test_run_1,1539,924.0,1.4517783490023097
test_run_1,1540,923.0,1.611303991170248
test_run_1,1541,922.0,4.177607614121422
test_run_1,1542,921.0,1.5188459063133624
test_run_1,1543,920.0,1.732786432388624
test_run_1,1544,919.0,1.5126512578924494
test_run_1,1545,918.0,1.8368498102660156
test_run_1,1546,917.0,1.4285213847831875
test_run_1,1547,916.0,1.7412999045584745
test_run_1,1548,915.0,1.5246210027214175
test_run_1,1549,914.0,1.492021412176792
test_run_1,1550,913.0,1.5219408531148106
test_run_1,1551,912.0,3.3138737370578495
test_run_1,1552,911.0,1.964563508896702
test_run_1,1553,910.0,1.665478454211821
test_run_1,1554,909.0,1.627671846789653
test_run_1,1555,908.0,1.5495116241857403
test_run_1,1556,907.0,1.7310882326365988
test_run_1,1557,906.0,1.5300238291526596
test_run_1,1558,905.0,1.3027068675280389
test_run_1,1559,904.0,1.6601897551845628
test_run_1,1560,903.0,1.6151413257080045
test_run_1,1561,902.0,1.589936820651614
test_run_1,1562,901.0,1.5375793170146275
test_run_1,1563,900.0,1.4345532653150155
test_run_1,1564,899.0,1.48966346888908
test_run_1,1565,898.0,5.169566908532265
test_run_1,1566,897.0,1.6154273487315596
test_run_1,1567,896.0,2.490260998708007
test_run_1,1568,895.0,1.5882918376104374
test_run_1,1569,894.0,2.439746363066201
test_run_1,1570,893.0,1.5791114608606482
test_run_1,1571,892.0,1.4249729471362518
test_run_1,1572,891.0,1.4550400350282597
test_run_1,1573,890.0,1.7092964757883031
test_run_1,1574,889.0,1.403397764100656
test_run_1,1575,888.0,1.5402033337058292
test_run_1,1576,887.0,1.9091457602801634
test_run_1,1577,886.0,1.3406462152986725
test_run_1,1578,885.0,1.629177373634623
test_run_1,1579,884.0,1.5428057065121838
test_run_1,1580,883.0,1.657673598128109
test_run_1,1581,882.0,1.6347447072186916
test_run_1,1582,881.0,1.707448270862829
test_run_1,1583,880.0,1.7089629164716278
test_run_1,1584,879.0,1.6639931489372166
test_run_1,1585,878.0,1.432553104195428
test_run_1,1586,877.0,1.653927934355948
test_run_1,1587,876.0,1.6349181136232207
test_run_1,1588,875.0,1.5518009488866755
test_run_1,1589,874.0,1.535458370668691
test_run_1,1590,873.0,1.7212070385885636
test_run_1,1591,872.0,1.4144574361108164
test_run_1,1592,871.0,1.5310119222551246
test_run_1,1593,870.0,1.3746451031551792
test_run_1,1594,869.0,1.3997126280266559
test_run_1,1595,868.0,4.729407941560367
test_run_1,1596,867.0,1.2782500120006952
test_run_1,1597,866.0,1.495426112268687
test_run_1,1598,865.0,1.5179417464287792
test_run_1,1599,864.0,1.6305101203220655
test_run_1,1600,863.0,1.6785901898814823
test_run_1,1601,862.0,1.6332081013560487
test_run_1,1602,861.0,1.4457204995578636
test_run_1,1603,860.0,1.3892644642949854
test_run_1,1604,859.0,1.4635079442059902
test_run_1,1605,858.0,1.501587246032869
test_run_1,1606,857.0,1.468304663829954
test_run_1,1607,856.0,1.7834790961892957
test_run_1,1608,855.0,1.539578261090251
test_run_1,1609,854.0,1.516901356347203
test_run_1,1610,853.0,1.4754039732865183
test_run_1,1611,852.0,1.6065327338986921
test_run_1,1612,851.0,1.464693765965579
test_run_1,1613,850.0,1.3098091210483318
test_run_1,1614,849.0,1.4359839761408966
test_run_1,1615,848.0,1.4404115981654826
test_run_1,1616,847.0,1.5752539787750297
test_run_1,1617,846.0,1.4002890306647593
test_run_1,1618,845.0,1.5199251744784779
test_run_1,1619,844.0,1.5529877509111865
test_run_1,1620,843.0,1.7169723975446438
test_run_1,1621,842.0,1.62898826074846
test_run_1,1622,841.0,1.4117041077626744
test_run_1,1623,840.0,1.7367962498263392
test_run_1,1624,839.0,1.6889137687362552
test_run_1,1625,838.0,1.5646469231529236
test_run_1,1626,837.0,1.5971778879625738
test_run_1,1627,836.0,1.5858911072576285
test_run_1,1628,835.0,1.5898547409977937
test_run_1,1629,834.0,1.491315368645281
test_run_1,1630,833.0,1.6885466743991244
test_run_1,1631,832.0,1.797389960886323
test_run_1,1632,831.0,1.6428864649597361
test_run_1,1633,830.0,1.5584935879861486
test_run_1,1634,829.0,1.6049966421005788
test_run_1,1635,828.0,1.5696098842432316
test_run_1,1636,827.0,1.6306306048916261
test_run_1,1637,826.0,1.556057184481459
test_run_1,1638,825.0,1.539164535523315
test_run_1,1639,824.0,1.544644161711549
test_run_1,1640,823.0,1.6001157366505434
test_run_1,1641,822.0,1.8080719974151644
test_run_1,1642,821.0,1.689344954349798
test_run_1,1643,820.0,1.548648188774446
test_run_1,1644,819.0,1.50810684884346
test_run_1,1645,818.0,1.6723482510459533
test_run_1,1646,817.0,1.467341657921898
test_run_1,1647,816.0,1.5160531836054114
test_run_1,1648,815.0,1.5007454497305701
test_run_1,1649,814.0,1.548753565970753
test_run_1,1650,813.0,1.5810955676021794
test_run_1,1651,812.0,1.5514571664292842
test_run_1,1652,811.0,1.6730325815644833
test_run_1,1653,810.0,1.5738432836686536
test_run_1,1654,809.0,1.6759169001402605
test_run_1,1655,808.0,1.8305121204088994
test_run_1,1656,807.0,1.6854563978050225
test_run_1,1657,806.0,1.4865415813488565
test_run_1,1658,805.0,1.535068438163501
test_run_1,1659,804.0,1.586192795811745
test_run_1,1660,803.0,1.7724639207431654
test_run_1,1661,802.0,1.7918476188660382
test_run_1,1662,801.0,1.518280111354221
test_run_1,1663,800.0,1.6942905183070898
test_run_1,1664,799.0,1.5070005931803576
test_run_1,1665,798.0,1.4629512673905425
test_run_1,1666,797.0,1.8891339490012302
test_run_1,1667,796.0,1.6919248348995608
test_run_1,1668,795.0,1.2878405817286414
test_run_1,1669,794.0,1.6058548479722323
test_run_1,1670,793.0,1.6213022511671376
test_run_1,1671,792.0,1.5705135235110312
test_run_1,1672,791.0,1.4986657878803453
test_run_1,1673,790.0,1.5099499484153365
test_run_1,1674,789.0,1.676223938850334
test_run_1,1675,788.0,1.5144406643185608
test_run_1,1676,787.0,1.6295479339990504
test_run_1,1677,786.0,1.473684153038357
test_run_1,1678,785.0,2.1079137686949414
test_run_1,1679,784.0,1.4689457311829097
test_run_1,1680,783.0,1.473830816793551
test_run_1,1681,782.0,1.409119893318123
test_run_1,1682,781.0,1.5172241866900111
test_run_1,1683,780.0,1.5371767004184782
test_run_1,1684,779.0,1.694974637767046
test_run_1,1685,778.0,4.870650830642747
test_run_1,1686,777.0,1.5338962395585838
test_run_1,1687,776.0,1.4516212817401786
test_run_1,1688,775.0,1.5754550216001872
test_run_1,1689,774.0,1.5598449305862316
test_run_1,1690,773.0,1.4301014008557484
test_run_1,1691,772.0,1.5022742479131284
test_run_1,1692,771.0,1.6483469016574381
test_run_1,1693,770.0,1.844216946835531
test_run_1,1694,769.0,1.562694039042295
test_run_1,1695,768.0,1.6577949302890083
test_run_1,1696,767.0,1.5529362021985222
test_run_1,1697,766.0,1.7660107466933699
test_run_1,1698,765.0,1.756453693163774
test_run_1,1699,764.0,1.5930719380649632
test_run_1,1700,763.0,1.7782655679033268
test_run_1,1701,762.0,1.4759890183581352
test_run_1,1702,761.0,1.553983957724045
test_run_1,1703,760.0,1.6463691749822478
test_run_1,1704,759.0,1.5497679304788428
test_run_1,1705,758.0,1.5316409657588057
test_run_1,1706,757.0,1.7014277263143396
test_run_1,1707,756.0,1.461284951734637
test_run_1,1708,755.0,2.034568034071385
test_run_1,1709,754.0,1.6161407780948536
test_run_1,1710,753.0,1.5326379485564934
test_run_1,1711,752.0,1.6955924659064028
test_run_1,1712,751.0,2.2931298470846593
test_run_1,1713,750.0,1.3456176752020854
test_run_1,1714,749.0,1.4897405683271512
test_run_1,1715,748.0,1.500331614654489
test_run_1,1716,747.0,1.5687908218722424
test_run_1,1717,746.0,1.4312971986484517
test_run_1,1718,745.0,1.7202998772296951
test_run_1,1719,744.0,1.4787858113458872
test_run_1,1720,743.0,1.5770800587339997
test_run_1,1721,742.0,1.7816742786744335
test_run_1,1722,741.0,1.7640209819487687
test_run_1,1723,740.0,1.567146320212666
test_run_1,1724,739.0,1.7034245340642715
test_run_1,1725,738.0,1.5089027238233395
test_run_1,1726,737.0,1.4480513325757953
test_run_1,1727,736.0,1.443156949443922
test_run_1,1728,735.0,1.6557436991992946
test_run_1,1729,734.0,1.374692497274768
test_run_1,1730,733.0,1.585537020027139
test_run_1,1731,732.0,1.4280560570233347
test_run_1,1732,731.0,1.658692079466952
test_run_1,1733,730.0,1.6625168807779809
test_run_1,1734,729.0,1.5254766218683784
test_run_1,1735,728.0,1.3836515893769956
test_run_1,1736,727.0,1.3009964690715292
test_run_1,1737,726.0,1.4547075235612508
test_run_1,1738,725.0,1.7747386946363393
test_run_1,1739,724.0,1.631306804504979
test_run_1,1740,723.0,1.7030543064076504
test_run_1,1741,722.0,1.4889077759028937
test_run_1,1742,721.0,1.5812451319369827
test_run_1,1743,720.0,1.6169960429820978
test_run_1,1744,719.0,1.5205828931469396
test_run_1,1745,718.0,1.5094680871608606
test_run_1,1746,717.0,1.564875492225306
test_run_1,1747,716.0,1.5872565266107972
test_run_1,1748,715.0,1.8379860827618857
test_run_1,1749,714.0,1.803318871359202
test_run_1,1750,713.0,1.4767667760125893
test_run_1,1751,712.0,1.53875489691077
test_run_1,1752,711.0,1.5103399766544887
test_run_1,1753,710.0,1.6984096398046808
test_run_1,1754,709.0,1.6142526694391583
test_run_1,1755,708.0,1.6916488260796332
test_run_1,1756,707.0,1.5021067299441802
test_run_1,1757,706.0,1.543375471025904
test_run_1,1758,705.0,1.3509583385466368
test_run_1,1759,704.0,2.1166973293996656
test_run_1,1760,703.0,1.6185885629406183
test_run_1,1761,702.0,1.7615008548680593
test_run_1,1762,701.0,1.5859176912893387
test_run_1,1763,700.0,1.664821724495597
test_run_1,1764,699.0,1.7302918722254474
test_run_1,1765,698.0,1.6980393688287587
test_run_1,1766,697.0,1.5057728170309457
test_run_1,1767,696.0,1.6395131907203258
test_run_1,1768,695.0,1.6046983191458395
test_run_1,1769,694.0,3.4173398907123307
test_run_1,1770,693.0,1.4993416101761095
test_run_1,1771,692.0,1.5932474644676533
test_run_1,1772,691.0,1.5842912805559357
test_run_1,1773,690.0,1.569016520812648
test_run_1,1774,689.0,1.6105682917679034
test_run_1,1775,688.0,1.6625388400229297
test_run_1,1776,687.0,1.7794280017870634
test_run_1,1777,686.0,1.400062127055329
test_run_1,1778,685.0,1.564592109084078
test_run_1,1779,684.0,1.5686072696923685
test_run_1,1780,683.0,1.6772954148174772
test_run_1,1781,682.0,1.6164702307467316
test_run_1,1782,681.0,1.6447864479292307
test_run_1,1783,680.0,2.2941931309378427
test_run_1,1784,679.0,1.5802315082333027
test_run_1,1785,678.0,1.608612128441116
test_run_1,1786,677.0,1.5397369254745894
test_run_1,1787,676.0,1.6550285456434515
test_run_1,1788,675.0,1.4987628280879153
test_run_1,1789,674.0,1.68080216895715
test_run_1,1790,673.0,1.5680991649294715
test_run_1,1791,672.0,1.4399667476075995
test_run_1,1792,671.0,1.5093865545744072
test_run_1,1793,670.0,1.4718541189467138
test_run_1,1794,669.0,1.8711232334859154
test_run_1,1795,668.0,1.7544985445456756
test_run_1,1796,667.0,1.4551748755036698
test_run_1,1797,666.0,1.5438739922185918
test_run_1,1798,665.0,2.4746358464834373
test_run_1,1799,664.0,1.6562435417218908
test_run_1,1800,663.0,1.582747420929056
test_run_1,1801,662.0,1.5810747102287177
test_run_1,1802,661.0,1.5948859006384022
test_run_1,1803,660.0,1.8878023393996017
test_run_1,1804,659.0,1.9927072615429342
test_run_1,1805,658.0,1.7130472269363672
test_run_1,1806,657.0,1.5057079548077181
test_run_1,1807,656.0,1.6503658070231082
test_run_1,1808,655.0,1.6193898159875115
test_run_1,1809,654.0,1.6583430569750301
test_run_1,1810,653.0,1.732846708539207
test_run_1,1811,652.0,1.477475097650991
test_run_1,1812,651.0,1.5956334507392107
test_run_1,1813,650.0,1.7505080050049149
test_run_1,1814,649.0,1.786566881833545
test_run_1,1815,648.0,1.4335032495944737
test_run_1,1816,647.0,1.7507631736781075
test_run_1,1817,646.0,1.5252543964617493
test_run_1,1818,645.0,1.5986424138397446
test_run_1,1819,644.0,1.553763323653118
test_run_1,1820,643.0,1.5681158047766233
test_run_1,1821,642.0,1.766892465606492
test_run_1,1822,641.0,1.4740031139668113
test_run_1,1823,640.0,1.7041008784839071
test_run_1,1824,639.0,1.7028761837336455
test_run_1,1825,638.0,1.7978580214974602
test_run_1,1826,637.0,1.5641737479980047
test_run_1,1827,636.0,1.6248175512212586
test_run_1,1828,635.0,1.6092267444564672
test_run_1,1829,634.0,1.6012253170912067
test_run_1,1830,633.0,1.5780241486774158
test_run_1,1831,632.0,1.7063757736396759
test_run_1,1832,631.0,1.67922607275719
test_run_1,1833,630.0,1.6401987383988363
test_run_1,1834,629.0,2.1570690693978354
test_run_1,1835,628.0,1.5860860461398985
test_run_1,1836,627.0,1.4769321679591116
test_run_1,1837,626.0,2.5875361749915897
test_run_1,1838,625.0,2.0892298384277566
test_run_1,1839,624.0,1.7221755990434082
test_run_1,1840,623.0,1.589813671747407
test_run_1,1841,622.0,1.791173484138928
test_run_1,1842,621.0,1.881199671337507
test_run_1,1843,620.0,1.5295328533074906
test_run_1,1844,619.0,1.5133551213065792
test_run_1,1845,618.0,1.661460032124778
test_run_1,1846,617.0,1.5961189722337987
test_run_1,1847,616.0,1.6633123291716003
test_run_1,1848,615.0,1.5068192297472027
test_run_1,1849,614.0,1.6067360723813973
test_run_1,1850,613.0,1.5176161785288507
test_run_1,1851,612.0,1.489953278082925
test_run_1,1852,611.0,1.6417895892875989
test_run_1,1853,610.0,1.6693098339826637
test_run_1,1854,609.0,1.484857269677158
test_run_1,1855,608.0,1.574936198213857
test_run_1,1856,607.0,1.5756151504756084
test_run_1,1857,606.0,1.5748256430364704
test_run_1,1858,605.0,1.493527462131555
test_run_1,1859,604.0,1.597950332752329
test_run_1,1860,603.0,1.5094760966125262
test_run_1,1861,602.0,1.7970056174346134
test_run_1,1862,601.0,1.6663448160257635
test_run_1,1863,600.0,1.7590226983720143
test_run_1,1864,599.0,1.681824823618593
test_run_1,1865,598.0,1.5633572735015382
test_run_1,1866,597.0,1.722872040115939
test_run_1,1867,596.0,1.81855741947541
test_run_1,1868,595.0,1.7276763877123844
test_run_1,1869,594.0,1.5451854597157941
test_run_1,1870,593.0,1.5251935449540084
test_run_1,1871,592.0,1.5906870763121526
test_run_1,1872,591.0,1.5616374260857144
test_run_1,1873,590.0,1.6146156112811632
test_run_1,1874,589.0,1.6492829146691874
test_run_1,1875,588.0,1.5676515420062231
test_run_1,1876,587.0,1.5381417955950336
test_run_1,1877,586.0,1.6491665671834763
test_run_1,1878,585.0,1.7909882369739314
test_run_1,1879,584.0,1.6249263195355383
test_run_1,1880,583.0,1.6467932171142519
test_run_1,1881,582.0,1.843367434315261
test_run_1,1882,581.0,1.8881334934560445
test_run_1,1883,580.0,1.9464142057910574
test_run_1,1884,579.0,1.8434557198700028
test_run_1,1885,578.0,1.7041529622956102
test_run_1,1886,577.0,1.6025800801380228
test_run_1,1887,576.0,1.5984827974271218
test_run_1,1888,575.0,1.6189588432885151
test_run_1,1889,574.0,1.500540675647994
test_run_1,1890,573.0,1.6779799620658444
test_run_1,1891,572.0,1.5908963583848028
test_run_1,1892,571.0,1.556935573053599
test_run_1,1893,570.0,1.783759250682877
test_run_1,1894,569.0,1.5220469548698012
test_run_1,1895,568.0,1.73779300482934
test_run_1,1896,567.0,1.4569495430068087
test_run_1,1897,566.0,1.740143152420605
test_run_1,1898,565.0,2.1625178756828327
test_run_1,1899,564.0,1.6373406079416657
test_run_1,1900,563.0,1.6075778223280175
test_run_1,1901,562.0,1.6924644600293792
test_run_1,1902,561.0,1.7521262920039067
test_run_1,1903,560.0,1.7685014909665835
test_run_1,1904,559.0,1.5800006663427575
test_run_1,1905,558.0,1.5914162712387567
test_run_1,1906,557.0,1.680088555435164
test_run_1,1907,556.0,1.7520230566116617
test_run_1,1908,555.0,1.5507264730627535
test_run_1,1909,554.0,1.555285720569203
test_run_1,1910,553.0,1.8008271850044366
test_run_1,1911,552.0,1.5152092324251225
test_run_1,1912,551.0,1.7190303989095947
test_run_1,1913,550.0,1.4271760957710167
test_run_1,1914,549.0,1.753459601251435
test_run_1,1915,548.0,2.017321058968197
test_run_1,1916,547.0,1.6265900862314493
test_run_1,1917,546.0,1.8239312988902205
test_run_1,1918,545.0,1.583909646451634
test_run_1,1919,544.0,1.8213450723753173
test_run_1,1920,543.0,1.5932639259184866
test_run_1,1921,542.0,1.7025572394774884
test_run_1,1922,541.0,1.7135128306484755
test_run_1,1923,540.0,1.605848875217785
test_run_1,1924,539.0,1.8958594747352404
test_run_1,1925,538.0,1.5668234317374912
test_run_1,1926,537.0,1.448983338308296
test_run_1,1927,536.0,1.3638556217026958
test_run_1,1928,535.0,1.447238618716403
test_run_1,1929,534.0,1.537153911095592
test_run_1,1930,533.0,1.4243779722791279
test_run_1,1931,532.0,1.5163378873075009
test_run_1,1932,531.0,1.904776241775296
test_run_1,1933,530.0,1.6433375297373058
test_run_1,1934,529.0,1.5657114779589398
test_run_1,1935,528.0,1.4559760649512865
test_run_1,1936,527.0,1.681724395291159
test_run_1,1937,526.0,1.5810185847718863
test_run_1,1938,525.0,1.5896990943715488
test_run_1,1939,524.0,1.6355074122023106
test_run_1,1940,523.0,1.764206621713684
test_run_1,1941,522.0,1.569747871413142
test_run_1,1942,521.0,1.5720460461749883
test_run_1,1943,520.0,1.6630540663973896
test_run_1,1944,519.0,1.58735045872767
test_run_1,1945,518.0,1.6210534266507843
test_run_1,1946,517.0,1.5033928574294002
test_run_1,1947,516.0,1.5681633295879787
test_run_1,1948,515.0,1.6206604031926282
test_run_1,1949,514.0,1.7425587973519534
test_run_1,1950,513.0,1.6250924928460186
test_run_1,1951,512.0,1.8329177774568504
test_run_1,1952,511.0,1.601254472852499
test_run_1,1953,510.0,1.5702629372897619
test_run_1,1954,509.0,1.7788274769421712
test_run_1,1955,508.0,1.6583531034089418
test_run_1,1956,507.0,1.6625948409913807
test_run_1,1957,506.0,1.6015252148949692
test_run_1,1958,505.0,1.8397701844256447
test_run_1,1959,504.0,1.6033709771046147
test_run_1,1960,503.0,2.2525929206447484
test_run_1,1961,502.0,1.5641550397490387
test_run_1,1962,501.0,1.5072187411211906
test_run_1,1963,500.0,1.8684993039248645
test_run_1,1964,499.0,1.618209387922842
test_run_1,1965,498.0,1.667458439776686
test_run_1,1966,497.0,1.5098313845391442
test_run_1,1967,496.0,1.5165803043108128
test_run_1,1968,495.0,1.6911244516805564
test_run_1,1969,494.0,1.6438156968504523
test_run_1,1970,493.0,1.6539836613610983
test_run_1,1971,492.0,1.7402309141543177
test_run_1,1972,491.0,1.6105501792528714
test_run_1,1973,490.0,1.6830262450070912
test_run_1,1974,489.0,1.6106069484867127
test_run_1,1975,488.0,1.5725159130227904
test_run_1,1976,487.0,1.5251026693642926
test_run_1,1977,486.0,1.8089015508985127
test_run_1,1978,485.0,1.3853231153577141
test_run_1,1979,484.0,1.6073412199737729
test_run_1,1980,483.0,1.6099908266228202
test_run_1,1981,482.0,1.6265663339228602
test_run_1,1982,481.0,1.4155207523853457
test_run_1,1983,480.0,1.4808976652517518
test_run_1,1984,479.0,1.439439242895664
test_run_1,1985,478.0,1.637691022725828
test_run_1,1986,477.0,2.7610251858494395
test_run_1,1987,476.0,1.6676549014459106
test_run_1,1988,475.0,1.625181948104736
test_run_1,1989,474.0,2.3208864083066962
test_run_1,1990,473.0,1.590839330252415
test_run_1,1991,472.0,1.5122620320370488
test_run_1,1992,471.0,2.7282444574542515
test_run_1,1993,470.0,1.672010862524536
test_run_1,1994,469.0,1.5220205852984061
test_run_1,1995,468.0,1.5658341364556663
test_run_1,1996,467.0,1.6849134174398621
test_run_1,1997,466.0,1.4794411465375537
test_run_1,1998,465.0,1.5400688047080053
test_run_1,1999,464.0,1.7813105080446132
test_run_1,2000,463.0,1.694718361920613
test_run_1,2001,462.0,1.5965836572992247
test_run_1,2002,461.0,1.86662109575038
test_run_1,2003,460.0,1.7769644122141848
test_run_1,2004,459.0,1.6500744513947196
test_run_1,2005,458.0,1.667051211591114
test_run_1,2006,457.0,1.7121200825422023
test_run_1,2007,456.0,1.5780396901363136
test_run_1,2008,455.0,1.619857522920863
test_run_1,2009,454.0,1.5022036359398976
test_run_1,2010,453.0,1.7317532378661813
test_run_1,2011,452.0,1.6982851192001456
test_run_1,2012,451.0,1.4654031729137913
test_run_1,2013,450.0,1.717554894549695
test_run_1,2014,449.0,1.5747006183091306
test_run_1,2015,448.0,1.5834688473807614
test_run_1,2016,447.0,1.817793789854348
test_run_1,2017,446.0,1.5916609495942047
test_run_1,2018,445.0,1.6888298155599344
test_run_1,2019,444.0,1.5962296604344786
test_run_1,2020,443.0,1.6900256579649588
test_run_1,2021,442.0,2.0627469668334104
test_run_1,2022,441.0,4.644647874984776
test_run_1,2023,440.0,1.5300101777786057
test_run_1,2024,439.0,1.5763297746176654
test_run_1,2025,438.0,1.6491476838645558
test_run_1,2026,437.0,1.551873209393055
test_run_1,2027,436.0,1.7827369227785268
test_run_1,2028,435.0,1.4552737241611304
test_run_1,2029,434.0,1.6873457989140834
test_run_1,2030,433.0,1.6041052826300457
test_run_1,2031,432.0,1.668450691626311
test_run_1,2032,431.0,1.6524888245215312
test_run_1,2033,430.0,1.4596209600995893
test_run_1,2034,429.0,1.631358749107438
test_run_1,2035,428.0,1.5822114153849256
test_run_1,2036,427.0,1.9055810859674527
test_run_1,2037,426.0,1.886404306591605
test_run_1,2038,425.0,1.8652155815903637
test_run_1,2039,424.0,1.7231209700879577
test_run_1,2040,423.0,1.6060137072862037
test_run_1,2041,422.0,1.5435562551448523
test_run_1,2042,421.0,1.5894383446690878
test_run_1,2043,420.0,1.5792428620227776
test_run_1,2044,419.0,1.5538548709517224
test_run_1,2045,418.0,1.781035145920444
test_run_1,2046,417.0,1.538538320018671
test_run_1,2047,416.0,1.6503054887052293
test_run_1,2048,415.0,1.7188847061353019
test_run_1,2049,414.0,1.6759685437036502
test_run_1,2050,413.0,1.5817397892550045
test_run_1,2051,412.0,1.7436256195787414
test_run_1,2052,411.0,1.411313729548707
test_run_1,2053,410.0,1.4966854688386166
test_run_1,2054,409.0,1.5227006542534351
test_run_1,2055,408.0,1.7155814846819328
test_run_1,2056,407.0,1.5676115586224484
test_run_1,2057,406.0,1.6068773500831324
test_run_1,2058,405.0,1.651225515915998
test_run_1,2059,404.0,1.7234707362122812
test_run_1,2060,403.0,1.5451476584213215
test_run_1,2061,402.0,1.7036644123995337
test_run_1,2062,401.0,1.5376155951691324
test_run_1,2063,400.0,1.583496671274236
test_run_1,2064,399.0,1.6444037996417855
test_run_1,2065,398.0,1.689702008188822
test_run_1,2066,397.0,2.0645784519768737
test_run_1,2067,396.0,1.7295984584879514
test_run_1,2068,395.0,1.6055427192611262
test_run_1,2069,394.0,1.4525074472312804
test_run_1,2070,393.0,1.7246490311654654
test_run_1,2071,392.0,1.4512665020197442
test_run_1,2072,391.0,1.560430138242681
test_run_1,2073,390.0,1.859965212879294
test_run_1,2074,389.0,1.6796200717368623
test_run_1,2075,388.0,1.590052424002709
test_run_1,2076,387.0,1.666388320053875
test_run_1,2077,386.0,1.5552842506404827
test_run_1,2078,385.0,1.6419835825851714
test_run_1,2079,384.0,1.5512044653086163
test_run_1,2080,383.0,1.5587163681266385
test_run_1,2081,382.0,1.6334629170673565
test_run_1,2082,381.0,1.4077185115873958
test_run_1,2083,380.0,1.6942222600616799
test_run_1,2084,379.0,1.5195796125256107
test_run_1,2085,378.0,1.6480718810445931
test_run_1,2086,377.0,1.4628280530409392
test_run_1,2087,376.0,1.451276660489619
test_run_1,2088,375.0,1.4795696121261885
test_run_1,2089,374.0,1.7805708511290592
test_run_1,2090,373.0,1.5232424134240063
test_run_1,2091,372.0,1.6438951523490217
test_run_1,2092,371.0,1.5380305305898114
test_run_1,2093,370.0,1.592343435764418
test_run_1,2094,369.0,1.8598630701519805
test_run_1,2095,368.0,1.637277266297291
test_run_1,2096,367.0,1.6784789174137729
test_run_1,2097,366.0,1.588540913390325
test_run_1,2098,365.0,1.6493154561428434
test_run_1,2099,364.0,1.7571137948809106
test_run_1,2100,363.0,2.1266744851111845
test_run_1,2101,362.0,1.5658758155552917
test_run_1,2102,361.0,1.5280984429047184
test_run_1,2103,360.0,1.4768136700637142
test_run_1,2104,359.0,1.5617971317465456
test_run_1,2105,358.0,3.308163493109516
test_run_1,2106,357.0,1.697235743232192
test_run_1,2107,356.0,1.4751322063684567
test_run_1,2108,355.0,1.4458094942778767
test_run_1,2109,354.0,1.7072346345564333
test_run_1,2110,353.0,1.5289127109090377
test_run_1,2111,352.0,1.7437353782677643
test_run_1,2112,351.0,3.0305457200470025
test_run_1,2113,350.0,1.6037281514325232
test_run_1,2114,349.0,1.3362459272499492
test_run_1,2115,348.0,1.6432941266119887
test_run_1,2116,347.0,1.59629485023809
test_run_1,2117,346.0,1.5403537735404584
test_run_1,2118,345.0,1.5374254052379923
test_run_1,2119,344.0,1.534023457196069
test_run_1,2120,343.0,1.4811352798560964
test_run_1,2121,342.0,1.5674857581874218
test_run_1,2122,341.0,1.504667131711335
test_run_1,2123,340.0,1.5240322978676804
test_run_1,2124,339.0,1.4614795137808394
test_run_1,2125,338.0,1.6335760815815707
test_run_1,2126,337.0,1.4754119307264033
test_run_1,2127,336.0,1.5343905318252808
test_run_1,2128,335.0,1.7292295493663292
test_run_1,2129,334.0,1.5491600781033845
test_run_1,2130,333.0,1.9056671032047618
test_run_1,2131,332.0,1.5670546827001561
test_run_1,2132,331.0,1.636792752964908
test_run_1,2133,330.0,1.5536181651441483
test_run_1,2134,329.0,1.5089269680163997
test_run_1,2135,328.0,2.271669315623194
test_run_1,2136,327.0,1.4586976064148158
test_run_1,2137,326.0,1.4306981151600748
test_run_1,2138,325.0,2.077283877695642
test_run_1,2139,324.0,1.7517838741051086
test_run_1,2140,323.0,1.7589302674434595
test_run_1,2141,322.0,1.5070374541776863
test_run_1,2142,321.0,1.7337554022479025
test_run_1,2143,320.0,1.4554869113164313
test_run_1,2144,319.0,1.605053338431624
test_run_1,2145,318.0,1.5869795441651517
test_run_1,2146,317.0,1.5861683864170453
test_run_1,2147,316.0,1.8995290429338905
test_run_1,2148,315.0,1.8168645895790374
test_run_1,2149,314.0,1.6305547309138564
test_run_1,2150,313.0,1.6014785773043627
test_run_1,2151,312.0,1.6785558399423397
test_run_1,2152,311.0,1.4342969966279853
test_run_1,2153,310.0,1.5434984920425285
test_run_1,2154,309.0,1.6086362170229822
test_run_1,2155,308.0,1.6223516397994717
test_run_1,2156,307.0,1.5721382975027374
test_run_1,2157,306.0,1.6931279233821492
test_run_1,2158,305.0,1.8134351891535
test_run_1,2159,304.0,1.6466101688874961
test_run_1,2160,303.0,1.7302850233122193
test_run_1,2161,302.0,1.7624257163894577
test_run_1,2162,301.0,1.415161536316638
test_run_1,2163,300.0,1.519540171308813
test_run_1,2164,299.0,1.5994228091115184
test_run_1,2165,298.0,1.4931993356436217
test_run_1,2166,297.0,1.5801298351068693
test_run_1,2167,296.0,1.8771155365621521
test_run_1,2168,295.0,1.650207392097045
test_run_1,2169,294.0,1.5594682396189976
test_run_1,2170,293.0,1.6587572279159488
test_run_1,2171,292.0,1.701112348830383
test_run_1,2172,291.0,1.50379186416122
test_run_1,2173,290.0,1.7857652370231893
test_run_1,2174,289.0,1.7252871951405546
test_run_1,2175,288.0,1.598928947521709
test_run_1,2176,287.0,1.7614121003818177
test_run_1,2177,286.0,1.7018588982506444
test_run_1,2178,285.0,1.7492232087899666
test_run_1,2179,284.0,1.6682391045008143
test_run_1,2180,283.0,1.6318993084141051
test_run_1,2181,282.0,1.462737335713372
test_run_1,2182,281.0,1.69323877879464
test_run_1,2183,280.0,1.7620325506458443
test_run_1,2184,279.0,1.9052271728331587
test_run_1,2185,278.0,1.690591074585661
test_run_1,2186,277.0,1.3604438975219915
test_run_1,2187,276.0,1.7380969634812484
test_run_1,2188,275.0,4.693612423585121
test_run_1,2189,274.0,1.5529738012602425
test_run_1,2190,273.0,1.6218380879039356
test_run_1,2191,272.0,1.503093493883179
test_run_1,2192,271.0,1.6989361406583345
test_run_1,2193,270.0,2.3070188398038187
test_run_1,2194,269.0,1.880576605641074
test_run_1,2195,268.0,1.636338445376649
test_run_1,2196,267.0,1.737018874826358
test_run_1,2197,266.0,2.200964036848693
test_run_1,2198,265.0,1.5011428399833524
test_run_1,2199,264.0,1.6934745765908528
test_run_1,2200,263.0,1.8037368020341673
test_run_1,2201,262.0,1.850559799226139
test_run_1,2202,261.0,1.8896173189316976
test_run_1,2203,260.0,1.6342761071966962
test_run_1,2204,259.0,1.6329131161509796
test_run_1,2205,258.0,1.4410534209991321
test_run_1,2206,257.0,1.616945548980325
test_run_1,2207,256.0,1.5314186881961003
test_run_1,2208,255.0,1.463428549141553
test_run_1,2209,254.0,1.8588580191355817
test_run_1,2210,253.0,1.63014954743475
test_run_1,2211,252.0,1.5702653293601283
test_run_1,2212,251.0,1.6292381388457167
test_run_1,2213,250.0,1.544405035670215
test_run_1,2214,249.0,1.3212673235407952
test_run_1,2215,248.0,2.051569608240265
test_run_1,2216,247.0,1.7021440555786633
test_run_1,2217,246.0,1.6807255126343417
test_run_1,2218,245.0,2.0277691529561275
test_run_1,2219,244.0,1.5316523401616924
test_run_1,2220,243.0,1.619827105334295
test_run_1,2221,242.0,1.6212151910632642
test_run_1,2222,241.0,1.7167765409159526
test_run_1,2223,240.0,1.7804219818069196
test_run_1,2224,239.0,1.8330628800787376
test_run_1,2225,238.0,1.6388486031578187
test_run_1,2226,237.0,1.7979756612310094
test_run_1,2227,236.0,1.8106786060068731
test_run_1,2228,235.0,1.7312939065236825
test_run_1,2229,234.0,1.6634056966862407
test_run_1,2230,233.0,1.6513133502427322
test_run_1,2231,232.0,1.639322238822371
test_run_1,2232,231.0,1.4717632393337081
test_run_1,2233,230.0,1.5772656184658662
test_run_1,2234,229.0,1.4621384195000462
test_run_1,2235,228.0,1.7896661208941598
test_run_1,2236,227.0,1.57687186902038
test_run_1,2237,226.0,1.589280179168085
test_run_1,2238,225.0,1.5577850767793624
test_run_1,2239,224.0,1.8852333264779209
test_run_1,2240,223.0,1.5703238976909686
test_run_1,2241,222.0,1.7404838666408424
test_run_1,2242,221.0,1.5573590207670196
test_run_1,2243,220.0,1.681296566142418
test_run_1,2244,219.0,1.8665510299418961
test_run_1,2245,218.0,1.6539784740611263
test_run_1,2246,217.0,1.7435751234421193
test_run_1,2247,216.0,1.4112413275970306
test_run_1,2248,215.0,1.6179103200694527
test_run_1,2249,214.0,1.6379526550213206
test_run_1,2250,213.0,1.5483516331895828
test_run_1,2251,212.0,2.3768119818164717
test_run_1,2252,211.0,1.8341330855589746
test_run_1,2253,210.0,1.3913807212465343
test_run_1,2254,209.0,1.4426213126416012
test_run_1,2255,208.0,1.4904377415536285
test_run_1,2256,207.0,1.6197831533315632
test_run_1,2257,206.0,1.7459544618832215
test_run_1,2258,205.0,1.521843205451803
test_run_1,2259,204.0,1.7546211560858989
test_run_1,2260,203.0,1.522615833970225
test_run_1,2261,202.0,1.6043572559245056
test_run_1,2262,201.0,1.4979833943691763
test_run_1,2263,200.0,1.4739048045197516
test_run_1,2264,199.0,1.51026553280828
test_run_1,2265,198.0,1.5535315026273797
test_run_1,2266,197.0,1.4107080852515197
test_run_1,2267,196.0,1.6582622444821093
test_run_1,2268,195.0,1.7442585025002626
test_run_1,2269,194.0,1.5013532787026977
test_run_1,2270,193.0,1.5687094328616562
test_run_1,2271,192.0,1.5676474428852751
test_run_1,2272,191.0,1.5237120683410517
test_run_1,2273,190.0,1.576062391108104
test_run_1,2274,189.0,1.4997461044309883
test_run_1,2275,188.0,1.37810833607192
test_run_1,2276,187.0,1.386413430435797
test_run_1,2277,186.0,1.4434083721003033
test_run_1,2278,185.0,1.6949432128351745
test_run_1,2279,184.0,1.4261792073025918
test_run_1,2280,183.0,1.751164127444779
test_run_1,2281,182.0,1.426172807527658
test_run_1,2282,181.0,1.494194546178523
test_run_1,2283,180.0,1.499232031368378
test_run_1,2284,179.0,1.686354363798936
test_run_1,2285,178.0,1.4172901654519081
test_run_1,2286,177.0,1.669018100041841
test_run_1,2287,176.0,1.7878629699215636
test_run_1,2288,175.0,1.6643684639594594
test_run_1,2289,174.0,1.7631841127085501
test_run_1,2290,173.0,1.8052604717632703
test_run_1,2291,172.0,1.594185948186822
test_run_1,2292,171.0,2.972600200255835
test_run_1,2293,170.0,1.920055691014074
test_run_1,2294,169.0,1.320456944505217
test_run_1,2295,168.0,1.4200245744625217
test_run_1,2296,167.0,1.3689368717641512
test_run_1,2297,166.0,1.4768914227246006
test_run_1,2298,165.0,1.496162749061971
test_run_1,2299,164.0,1.8816726505901198
test_run_1,2300,163.0,1.5824515315738124
test_run_1,2301,162.0,1.6237009843693868
test_run_1,2302,161.0,1.7496111356459063
test_run_1,2303,160.0,1.5764336873109197
test_run_1,2304,159.0,1.4047665487201226
test_run_1,2305,158.0,5.880887131732933
test_run_1,2306,157.0,5.1828723407390935
test_run_1,2307,156.0,1.485819808018934
test_run_1,2308,155.0,1.4387562826226001
test_run_1,2309,154.0,1.4137593198248994
test_run_1,2310,153.0,3.1936846958707177
test_run_1,2311,152.0,1.4943309547743238
test_run_1,2312,151.0,1.5149482683630036
test_run_1,2313,150.0,1.8745640527947653
test_run_1,2314,149.0,1.5949935883487196
test_run_1,2315,148.0,1.4046098684337138
test_run_1,2316,147.0,1.507879991006133
test_run_1,2317,146.0,1.5812371648833108
test_run_1,2318,145.0,1.5923164438672426
test_run_1,2319,144.0,1.7973009067139507
test_run_1,2320,143.0,1.5930519742838878
test_run_1,2321,142.0,1.4614367103523915
test_run_1,2322,141.0,1.75487639339973
test_run_1,2323,140.0,1.4629027495895286
test_run_1,2324,139.0,1.739103731801367
test_run_1,2325,138.0,1.4803460705979965
test_run_1,2326,137.0,1.72281381625923
test_run_1,2327,136.0,1.5920005652378157
test_run_1,2328,135.0,1.4789654013179196
test_run_1,2329,134.0,1.6116939493848519
test_run_1,2330,133.0,1.5424438799703521
test_run_1,2331,132.0,1.6328893592751814
test_run_1,2332,131.0,1.490659122856915
test_run_1,2333,130.0,1.4046751983808292
test_run_1,2334,129.0,3.8988035404805492
test_run_1,2335,128.0,1.4065978474932017
test_run_1,2336,127.0,1.3260025710281071
test_run_1,2337,126.0,1.6196190162412882
test_run_1,2338,125.0,1.5323758970032064
test_run_1,2339,124.0,1.5228383426951602
test_run_1,2340,123.0,1.9526695751021328
test_run_1,2341,122.0,1.4494834311615545
test_run_1,2342,121.0,9.822640047044892
test_run_1,2343,120.0,1.6112773608893693
test_run_1,2344,119.0,1.4001794916801455
test_run_1,2345,118.0,1.7476611843403778
test_run_1,2346,117.0,1.5040241404238075
test_run_1,2347,116.0,1.6368315011128316
test_run_1,2348,115.0,1.4924892563494028
test_run_1,2349,114.0,1.7962589611643671
test_run_1,2350,113.0,5.796648243756168
test_run_1,2351,112.0,1.5306871152235915
test_run_1,2352,111.0,1.5187090244287238
test_run_1,2353,110.0,1.5809774392474643
test_run_1,2354,109.0,1.473246591360477
test_run_1,2355,108.0,1.3958410481154089
test_run_1,2356,107.0,1.4799680513376177
test_run_1,2357,106.0,10.569890036159709
test_run_1,2358,105.0,1.7909638194901123
test_run_1,2359,104.0,3.5931445450980775
test_run_1,2360,103.0,7.305173096025439
test_run_1,2361,102.0,1.5347797718437914
test_run_1,2362,101.0,1.4872862775571343
test_run_1,2363,100.0,1.2917053731182484
test_run_1,2364,99.0,1.47466221745453
test_run_1,2365,98.0,1.2639487437754167
test_run_1,2366,97.0,4.39491626884769
test_run_1,2367,96.0,1.4966691446589113
test_run_1,2368,95.0,1.3551779838716425
test_run_1,2369,94.0,1.441590143937566
test_run_1,2370,93.0,1.290856245016648
test_run_1,2371,92.0,1.341376983884094
test_run_1,2372,91.0,1.4513620365279825
test_run_1,2373,90.0,1.553104865161328
test_run_1,2374,89.0,1.2756024886658117
test_run_1,2375,88.0,1.3579195035545184
test_run_1,2376,87.0,1.3497641595298036
test_run_1,2377,86.0,1.2897034290595002
test_run_1,2378,85.0,1.3650944589118459
test_run_1,2379,84.0,1.7522245423641074
test_run_1,2380,83.0,1.5820913390145084
test_run_1,2381,82.0,1.3491730291147193
test_run_1,2382,81.0,1.5090148571925088
test_run_1,2383,80.0,1.6255429989770527
test_run_1,2384,79.0,9.057491086851364
test_run_1,2385,78.0,1.4595148685421055
test_run_1,2386,77.0,1.8962521392527638
test_run_1,2387,76.0,1.306825073892575
test_run_1,2388,75.0,1.3991664204658993
test_run_1,2389,74.0,1.3913049433408582
test_run_1,2390,73.0,1.335378383533524
test_run_1,2391,72.0,2.208531638226997
test_run_1,2392,71.0,1.4672231819186232
test_run_1,2393,70.0,2.0835267112645117
test_run_1,2394,69.0,1.323552808695645
test_run_1,2395,68.0,1.307656561030105
test_run_1,2396,67.0,1.4495911673515107
test_run_1,2397,66.0,1.3341066613189583
test_run_1,2398,65.0,1.6755911022911565
test_run_1,2399,64.0,1.6643024752688285
test_run_1,2400,63.0,1.2993703346371028
test_run_1,2401,62.0,6.163921816183281
test_run_1,2402,61.0,1.5654118187544817
test_run_1,2403,60.0,1.158247277607072
test_run_1,2404,59.0,5.692100157290077
test_run_1,2405,58.0,1.4954499555493643
test_run_1,2406,57.0,2.0252013864468386
test_run_1,2407,56.0,9.780009109596662
test_run_1,2408,55.0,1.3907615824223343
test_run_1,2409,54.0,1.2471016557646388
test_run_1,2410,53.0,1.6694679863009618
test_run_1,2411,52.0,8.504733117306625
test_run_1,2412,51.0,8.209103019293664
test_run_1,2413,50.0,8.27390203628907
test_run_1,2414,49.0,8.429385843251978
test_run_1,2415,48.0,9.153237466268406
test_run_1,2416,47.0,7.319589130165314
test_run_1,2417,46.0,8.342171149864736
test_run_1,2418,45.0,9.113956982700072
test_run_1,2419,44.0,8.43291142716691
test_run_1,2420,43.0,9.327671648041255
test_run_1,2421,42.0,9.020592236947099
test_run_1,2422,41.0,8.544418642048523
test_run_1,2423,40.0,6.441174185793045
test_run_1,2424,39.0,6.782891191242284
test_run_1,2425,38.0,7.04452269514597
test_run_1,2426,37.0,6.466894049595629
test_run_1,2427,36.0,8.628586480008131
test_run_1,2428,35.0,7.604361566898582
test_run_1,2429,34.0,6.747857800275881
test_run_1,2430,33.0,6.546728437705163
test_run_1,2431,32.0,6.02541228603345
test_run_1,2432,31.0,6.616209172463611
test_run_1,2433,30.0,8.126619416258752
test_run_1,2434,29.0,9.890655720116605
test_run_1,2435,28.0,8.062417688386313
test_run_1,2436,27.0,8.6079518760005
test_run_1,2437,26.0,10.083924545299855
test_run_1,2438,25.0,9.84127769366006
test_run_1,2439,24.0,9.685101565497138
test_run_1,2440,23.0,10.220697647534044
test_run_1,2441,22.0,9.02581083333891
test_run_1,2442,21.0,7.435384438830437
test_run_1,2443,20.0,21.246169582424084
test_run_1,2444,19.0,7.315920284629644
test_run_1,2445,18.0,8.314548369956958
test_run_1,2446,17.0,8.225161721065799
test_run_1,2447,16.0,9.38533242243819
test_run_1,2448,15.0,8.568187335798548
test_run_1,2449,14.0,26.505650938355632
test_run_1,2450,13.0,25.72380189495211
test_run_1,2451,12.0,23.017980123249977
test_run_1,2452,11.0,27.716718702038076
test_run_1,2453,10.0,23.43962492297141
test_run_1,2454,9.0,25.665199903501332
test_run_1,2455,8.0,24.510016272143503
test_run_1,2456,7.0,24.02368031114242
test_run_1,2457,6.0,25.056683814338605
test_run_1,2458,5.0,26.28959738040993
test_run_1,2459,4.0,27.9398864276072
test_run_1,2460,3.0,26.087972845381962
test_run_1,2461,2.0,23.567109932725902
test_run_1,2462,1.0,24.528593521200893
test_run_2,0,2448.0,1.2322561870415665
test_run_2,1,2447.0,1.1529785050234371
test_run_2,2,2446.0,1.0187447065699704
test_run_2,3,2445.0,0.42934798629407894
test_run_2,4,2444.0,0.7552934217926177
test_run_2,5,2443.0,0.8515676377670861
test_run_2,6,2442.0,0.6827335110033956
test_run_2,7,2441.0,0.6074367661375428
test_run_2,8,2440.0,1.065508550341352
test_run_2,9,2439.0,0.5699360857011194
test_run_2,10,2438.0,0.7181671764726218
test_run_2,11,2437.0,1.0862383555636073
test_run_2,12,2436.0,0.7107282910463331
test_run_2,13,2435.0,0.9992562298884675
test_run_2,14,2434.0,0.8754648683998184
test_run_2,15,2433.0,0.6061072146332502
test_run_2,16,2432.0,0.7244025294439786
test_run_2,17,2431.0,0.9136655006788658
test_run_2,18,2430.0,0.4538563269957505
test_run_2,19,2429.0,1.7943299482827975
test_run_2,20,2428.0,0.7727745237718993
test_run_2,21,2427.0,1.3625806272050942
test_run_2,22,2426.0,0.7527234653752586
test_run_2,23,2425.0,1.1778200161949344
test_run_2,24,2424.0,0.5899548241000157
test_run_2,25,2423.0,0.5037100885556952
test_run_2,26,2422.0,0.5853273849800295
test_run_2,27,2421.0,0.9164708664206298
test_run_2,28,2420.0,1.2070488767912153
test_run_2,29,2419.0,0.5818842122904899
test_run_2,30,2418.0,0.45644521146195716
test_run_2,31,2417.0,0.5582915405204327
test_run_2,32,2416.0,0.625015572471368
test_run_2,33,2415.0,0.5957725924420458
test_run_2,34,2414.0,0.6373436829898511
test_run_2,35,2413.0,0.6169821352530416
test_run_2,36,2412.0,0.6501237000928355
test_run_2,37,2411.0,0.5883381526538528
test_run_2,38,2410.0,0.46184411012154153
test_run_2,39,2409.0,0.6974331390611891
test_run_2,40,2408.0,1.0515651744751817
test_run_2,41,2407.0,0.6877281339407413
test_run_2,42,2406.0,0.44630041731088577
test_run_2,43,2405.0,0.48508495900698945
test_run_2,44,2404.0,0.7164062760555734
test_run_2,45,2403.0,0.7977781493944356
test_run_2,46,2402.0,0.3720731518531165
test_run_2,47,2401.0,2.0070223261496456
test_run_2,48,2400.0,0.3461605519746262
test_run_2,49,2399.0,0.6498708034158819
test_run_2,50,2398.0,0.647176764843183
test_run_2,51,2397.0,0.5534926785006744
test_run_2,52,2396.0,0.6017411380648939
test_run_2,53,2395.0,0.7563659553370128
test_run_2,54,2394.0,0.658636718286925
test_run_2,55,2393.0,0.5443591487997737
test_run_2,56,2392.0,0.5198912552190953
test_run_2,57,2391.0,0.6587168498673377
test_run_2,58,2390.0,0.716547557598473
test_run_2,59,2389.0,0.46287909113677167
test_run_2,60,2388.0,1.0150919743728986
test_run_2,61,2387.0,0.9704511685000243
test_run_2,62,2386.0,0.5581375440431707
test_run_2,63,2385.0,1.5043288479930097
test_run_2,64,2384.0,0.7040279060403811
test_run_2,65,2383.0,0.7442089410846545
test_run_2,66,2382.0,0.7625567862031979
test_run_2,67,2381.0,0.9211965996377222
test_run_2,68,2380.0,0.9415458745947412
test_run_2,69,2379.0,0.9127105108052594
test_run_2,70,2378.0,0.5634876424224745
test_run_2,71,2377.0,0.41793599149417415
test_run_2,72,2376.0,0.7190698082391224
test_run_2,73,2375.0,0.37575082169017027
test_run_2,74,2374.0,0.8213363636885527
test_run_2,75,2373.0,0.9751365505294061
test_run_2,76,2372.0,0.9197832144735129
test_run_2,77,2371.0,0.5981485697828883
test_run_2,78,2370.0,0.593360228485384
test_run_2,79,2369.0,0.6808923777383478
test_run_2,80,2368.0,0.45188243197435235
test_run_2,81,2367.0,0.8642280470378306
test_run_2,82,2366.0,1.3261175130364058
test_run_2,83,2365.0,0.8885034062868087
test_run_2,84,2364.0,0.6619020353008562
test_run_2,85,2363.0,1.512485171378704
test_run_2,86,2362.0,0.8636489613664612
test_run_2,87,2361.0,0.4388450014507317
test_run_2,88,2360.0,0.7553563653319882
test_run_2,89,2359.0,0.812322886252779
test_run_2,90,2358.0,0.7357112743497332
test_run_2,91,2357.0,0.3449802288558638
test_run_2,92,2356.0,0.6066428945991668
test_run_2,93,2355.0,0.791205137814653
test_run_2,94,2354.0,0.6936029776202028
test_run_2,95,2353.0,1.42192214650713
test_run_2,96,2352.0,0.3998079777010933
test_run_2,97,2351.0,0.751880851159104
test_run_2,98,2350.0,0.8924343643629162
test_run_2,99,2349.0,0.6382184549868313
test_run_2,100,2348.0,0.9077738908710199
test_run_2,101,2347.0,0.8561527292668503
test_run_2,102,2346.0,0.4353596230819569
test_run_2,103,2345.0,0.680623485651141
test_run_2,104,2344.0,0.5906009892967778
test_run_2,105,2343.0,0.8328705593025372
test_run_2,106,2342.0,0.5921497050606062
test_run_2,107,2341.0,1.147188589491658
test_run_2,108,2340.0,0.7130363444262048
test_run_2,109,2339.0,0.29476220888645444
test_run_2,110,2338.0,0.4930803150281308
test_run_2,111,2337.0,0.8569021692951887
test_run_2,112,2336.0,0.5891794259677064
test_run_2,113,2335.0,0.7795640434529678
test_run_2,114,2334.0,0.9131913781677554
test_run_2,115,2333.0,0.5786935963142719
test_run_2,116,2332.0,1.6213092731293526
test_run_2,117,2331.0,0.2679933614418887
test_run_2,118,2330.0,0.629269457778094
test_run_2,119,2329.0,0.6053889352282505
test_run_2,120,2328.0,0.5128471459159046
test_run_2,121,2327.0,0.6852286907255019
test_run_2,122,2326.0,0.6775855096113165
test_run_2,123,2325.0,0.35535567826848347
test_run_2,124,2324.0,0.6921198454831067
test_run_2,125,2323.0,0.5922136991267113
test_run_2,126,2322.0,0.4196754487532844
test_run_2,127,2321.0,0.6889927347192211
test_run_2,128,2320.0,0.7357957594579003
test_run_2,129,2319.0,0.44867595739217825
test_run_2,130,2318.0,0.9122729114867617
test_run_2,131,2317.0,0.4971790928416686
test_run_2,132,2316.0,1.3417827129323916
test_run_2,133,2315.0,0.8329771301614326
test_run_2,134,2314.0,0.5758363766611558
test_run_2,135,2313.0,0.7581911746758891
test_run_2,136,2312.0,0.6492599225484891
test_run_2,137,2311.0,0.5920004122243141
test_run_2,138,2310.0,0.8586218822914409
test_run_2,139,2309.0,0.39205418060406816
test_run_2,140,2308.0,0.507700616953065
test_run_2,141,2307.0,1.064375857749721
test_run_2,142,2306.0,0.4524047324112847
test_run_2,143,2305.0,0.6550146362753125
test_run_2,144,2304.0,0.7870282878364924
test_run_2,145,2303.0,0.4043805391485882
test_run_2,146,2302.0,0.6578713630845288
test_run_2,147,2301.0,0.3885006480059542
test_run_2,148,2300.0,0.8632681384884993
test_run_2,149,2299.0,0.6985752761026921
test_run_2,150,2298.0,0.7516218419681275
test_run_2,151,2297.0,0.894989523918172
test_run_2,152,2296.0,0.4978551147643846
test_run_2,153,2295.0,0.7644124219042239
test_run_2,154,2294.0,0.7637720562348164
test_run_2,155,2293.0,0.8615407443858363
test_run_2,156,2292.0,0.5163806065800374
test_run_2,157,2291.0,0.4697036269639585
test_run_2,158,2290.0,0.7181723445210062
test_run_2,159,2289.0,0.39806409214690264
test_run_2,160,2288.0,0.3745323460563498
test_run_2,161,2287.0,0.6280265906030229
test_run_2,162,2286.0,0.441536644788571
test_run_2,163,2285.0,0.6643324553741282
test_run_2,164,2284.0,0.5303551202240383
test_run_2,165,2283.0,0.7252405487896706
test_run_2,166,2282.0,0.4813770781553603
test_run_2,167,2281.0,0.9833103328607257
test_run_2,168,2280.0,0.49773772417677387
test_run_2,169,2279.0,0.6125398942013203
test_run_2,170,2278.0,0.4287130461701582
test_run_2,171,2277.0,0.42489212780948654
test_run_2,172,2276.0,0.5347984177452046
test_run_2,173,2275.0,0.7412195199581506
test_run_2,174,2274.0,0.24588813561946302
test_run_2,175,2273.0,0.8698237911091509
test_run_2,176,2272.0,0.626829850098167
test_run_2,177,2271.0,0.2549047059516737
test_run_2,178,2270.0,0.5852359976958036
test_run_2,179,2269.0,0.6839302600686918
test_run_2,180,2268.0,0.7131392347430022
test_run_2,181,2267.0,0.7690358532806163
test_run_2,182,2266.0,0.4613149498996717
test_run_2,183,2265.0,0.7925514115543804
test_run_2,184,2264.0,0.2853855944569346
test_run_2,185,2263.0,0.764312995789049
test_run_2,186,2262.0,0.934612776494259
test_run_2,187,2261.0,0.725466776860404
test_run_2,188,2260.0,1.878866107996678
test_run_2,189,2259.0,0.6887005350985385
test_run_2,190,2258.0,0.2653036490870201
test_run_2,191,2257.0,1.0987022681109084
test_run_2,192,2256.0,0.5523610785218671
test_run_2,193,2255.0,0.33932713819914495
test_run_2,194,2254.0,1.071438770506289
test_run_2,195,2253.0,0.538869110610978
test_run_2,196,2252.0,1.244450270359986
test_run_2,197,2251.0,0.4024821370363905
test_run_2,198,2250.0,0.42385656989512965
test_run_2,199,2249.0,0.9158507329141606
test_run_2,200,2248.0,0.7529069786773257
test_run_2,201,2247.0,0.6355631345232693
test_run_2,202,2246.0,0.8783637837930911
test_run_2,203,2245.0,0.36157949881003526
test_run_2,204,2244.0,0.4050919546656099
test_run_2,205,2243.0,0.72145444881765
test_run_2,206,2242.0,0.48370502795029235
test_run_2,207,2241.0,0.7702338931516539
test_run_2,208,2240.0,1.3401812836743525
test_run_2,209,2239.0,0.6182493420372186
test_run_2,210,2238.0,0.7675214108663713
test_run_2,211,2237.0,1.1139572851556376
test_run_2,212,2236.0,0.6294449082608934
test_run_2,213,2235.0,0.9481286062212433
test_run_2,214,2234.0,0.7673628147995563
test_run_2,215,2233.0,1.134276927961579
test_run_2,216,2232.0,0.7128705388932065
test_run_2,217,2231.0,0.4763402714256684
test_run_2,218,2230.0,0.6787969125490483
test_run_2,219,2229.0,1.0765123079623877
test_run_2,220,2228.0,0.8851340153258684
test_run_2,221,2227.0,0.8356358438728335
test_run_2,222,2226.0,0.7500594970720181
test_run_2,223,2225.0,0.21761274402736971
test_run_2,224,2224.0,0.5656388961220451
test_run_2,225,2223.0,0.42768121409483334
test_run_2,226,2222.0,0.7068334944007282
test_run_2,227,2221.0,0.4962816377367988
test_run_2,228,2220.0,0.6763744930158864
test_run_2,229,2219.0,0.6803217845584306
test_run_2,230,2218.0,0.9435235158836524
test_run_2,231,2217.0,0.38349149274118466
test_run_2,232,2216.0,0.7076094103641452
test_run_2,233,2215.0,0.6117163984456007
test_run_2,234,2214.0,1.0748200929166827
test_run_2,235,2213.0,0.4740976701351684
test_run_2,236,2212.0,3.6053688246896867
test_run_2,237,2211.0,0.7213606457756259
test_run_2,238,2210.0,0.6589698386941946
test_run_2,239,2209.0,0.9945465952209831
test_run_2,240,2208.0,1.2576243681488697
test_run_2,241,2207.0,1.4419999539037267
test_run_2,242,2206.0,0.8509554712453913
test_run_2,243,2205.0,0.8168294293088119
test_run_2,244,2204.0,0.8686501964993125
test_run_2,245,2203.0,0.8101440923452721
test_run_2,246,2202.0,0.5859786508346692
test_run_2,247,2201.0,0.7340744496377686
test_run_2,248,2200.0,0.9998631874606719
test_run_2,249,2199.0,1.6159428533312117
test_run_2,250,2198.0,1.5422282156217157
test_run_2,251,2197.0,0.757542814031287
test_run_2,252,2196.0,1.4087473065643192
test_run_2,253,2195.0,1.081926043841068
test_run_2,254,2194.0,0.8177900167710593
test_run_2,255,2193.0,0.947857080427229
test_run_2,256,2192.0,0.5865894061245651
test_run_2,257,2191.0,1.0733541629684478
test_run_2,258,2190.0,0.6192428372559267
test_run_2,259,2189.0,0.7455976869292351
test_run_2,260,2188.0,1.2545578897412266
test_run_2,261,2187.0,0.9401018778672965
test_run_2,262,2186.0,1.7080814346838025
test_run_2,263,2185.0,1.1098151605856879
test_run_2,264,2184.0,0.7516006353720425
test_run_2,265,2183.0,0.6232172288864593
test_run_2,266,2182.0,0.9744685549626058
test_run_2,267,2181.0,1.0236279806221922
test_run_2,268,2180.0,1.282358912400582
test_run_2,269,2179.0,0.7643110015961863
test_run_2,270,2178.0,1.1785074059534488
test_run_2,271,2177.0,0.882691004221631
test_run_2,272,2176.0,1.4829833603615132
test_run_2,273,2175.0,0.7573345484659544
test_run_2,274,2174.0,0.5150089052322733
test_run_2,275,2173.0,0.8351796423030338
test_run_2,276,2172.0,0.8518998506067751
test_run_2,277,2171.0,1.178361043739076
test_run_2,278,2170.0,0.6216096745769362
test_run_2,279,2169.0,0.8684233264192128
test_run_2,280,2168.0,0.7982260709129013
test_run_2,281,2167.0,0.7561796424517925
test_run_2,282,2166.0,0.6804623392631874
test_run_2,283,2165.0,0.7231103357536488
test_run_2,284,2164.0,0.6239269843916642
test_run_2,285,2163.0,1.017072065324799
test_run_2,286,2162.0,1.248849817730966
test_run_2,287,2161.0,0.4013434767998805
test_run_2,288,2160.0,1.4372131849597907
test_run_2,289,2159.0,1.0474768433667836
test_run_2,290,2158.0,0.636775353699322
test_run_2,291,2157.0,0.983532695621174
test_run_2,292,2156.0,0.7116233246956022
test_run_2,293,2155.0,0.6023336350066454
test_run_2,294,2154.0,0.6303663852749315
test_run_2,295,2153.0,1.1064834119026912
test_run_2,296,2152.0,1.6348969089747456
test_run_2,297,2151.0,0.8793165424576113
test_run_2,298,2150.0,1.1960964651110344
test_run_2,299,2149.0,0.687796917437504
test_run_2,300,2148.0,1.0879854208678166
test_run_2,301,2147.0,0.8609573148235434
test_run_2,302,2146.0,0.9641910888384675
test_run_2,303,2145.0,0.9637823126882689
test_run_2,304,2144.0,0.5684251503110909
test_run_2,305,2143.0,0.8385622917203837
test_run_2,306,2142.0,0.748649339027077
test_run_2,307,2141.0,0.6800863848768002
test_run_2,308,2140.0,0.8556886745950898
test_run_2,309,2139.0,0.9484509948977442
test_run_2,310,2138.0,0.8158183294840926
test_run_2,311,2137.0,1.1449534075965708
test_run_2,312,2136.0,1.325549144439213
test_run_2,313,2135.0,1.222911424995354
test_run_2,314,2134.0,0.5873534352548164
test_run_2,315,2133.0,0.6370733068130179
test_run_2,316,2132.0,1.1363896155140805
test_run_2,317,2131.0,0.7305709423702257
test_run_2,318,2130.0,1.0452419702201865
test_run_2,319,2129.0,0.7707801972956934
test_run_2,320,2128.0,1.3650534372855323
test_run_2,321,2127.0,2.297892956601716
test_run_2,322,2126.0,1.218812100567918
test_run_2,323,2125.0,1.017483719472493
test_run_2,324,2124.0,1.032077460895168
test_run_2,325,2123.0,0.9122327057844476
test_run_2,326,2122.0,1.1829412869136917
test_run_2,327,2121.0,1.3173244457007889
test_run_2,328,2120.0,2.0105166425646868
test_run_2,329,2119.0,1.0649480169487249
test_run_2,330,2118.0,0.7027410629754619
test_run_2,331,2117.0,0.9116801681721467
test_run_2,332,2116.0,1.4808973832847325
test_run_2,333,2115.0,0.7172166878879437
test_run_2,334,2114.0,1.266187265305276
test_run_2,335,2113.0,0.5731762811527237
test_run_2,336,2112.0,1.3929013630889029
test_run_2,337,2111.0,1.1870742266022998
test_run_2,338,2110.0,0.8839953704642953
test_run_2,339,2109.0,0.9713885719247763
test_run_2,340,2108.0,0.9740430510069178
test_run_2,341,2107.0,1.2369132164896608
test_run_2,342,2106.0,0.7357172998336391
test_run_2,343,2105.0,1.2502583608971973
test_run_2,344,2104.0,1.0331152037291527
test_run_2,345,2103.0,0.7408289127486213
test_run_2,346,2102.0,0.9681505191081138
test_run_2,347,2101.0,0.7461416117387624
test_run_2,348,2100.0,0.7302261701301273
test_run_2,349,2099.0,1.1097131608728588
test_run_2,350,2098.0,0.892970460731408
test_run_2,351,2097.0,1.0183327561273838
test_run_2,352,2096.0,1.0454771564075294
test_run_2,353,2095.0,1.1788069713545943
test_run_2,354,2094.0,1.229164345367456
test_run_2,355,2093.0,1.2994313574247391
test_run_2,356,2092.0,0.8309553455166396
test_run_2,357,2091.0,1.4598691765493927
test_run_2,358,2090.0,1.2186790296344943
test_run_2,359,2089.0,0.5689580066084335
test_run_2,360,2088.0,1.1120827634226254
test_run_2,361,2087.0,1.2448321137764768
test_run_2,362,2086.0,0.855021826344456
test_run_2,363,2085.0,1.1777555740793457
test_run_2,364,2084.0,0.6547329547634503
test_run_2,365,2083.0,1.569287355308823
test_run_2,366,2082.0,1.1113500846618043
test_run_2,367,2081.0,1.2121869793707472
test_run_2,368,2080.0,1.0361255036197186
test_run_2,369,2079.0,1.3003700417926318
test_run_2,370,2078.0,1.0961681946730375
test_run_2,371,2077.0,1.1412217097187862
test_run_2,372,2076.0,1.02044749776969
test_run_2,373,2075.0,0.9327737072076591
test_run_2,374,2074.0,1.1503094080138052
test_run_2,375,2073.0,0.9808966720257928
test_run_2,376,2072.0,0.63924399995862
test_run_2,377,2071.0,1.0795818292613686
test_run_2,378,2070.0,1.4472065652504322
test_run_2,379,2069.0,0.7719885138978931
test_run_2,380,2068.0,0.6764271555081025
test_run_2,381,2067.0,0.8516987179916914
test_run_2,382,2066.0,1.0780525409128028
test_run_2,383,2065.0,1.1738612429312654
test_run_2,384,2064.0,1.1613653904625154
test_run_2,385,2063.0,1.6471633128445302
test_run_2,386,2062.0,1.018341058762954
test_run_2,387,2061.0,1.2778087487037186
test_run_2,388,2060.0,0.8408010108568293
test_run_2,389,2059.0,0.750633077719183
test_run_2,390,2058.0,1.8946122081574033
test_run_2,391,2057.0,0.8864211624143488
test_run_2,392,2056.0,1.1361851304938662
test_run_2,393,2055.0,0.9057687445785678
test_run_2,394,2054.0,0.9490497611645308
test_run_2,395,2053.0,1.0785848475767343
test_run_2,396,2052.0,1.1232164736157007
test_run_2,397,2051.0,0.8780706508611725
test_run_2,398,2050.0,1.0077506479960525
test_run_2,399,2049.0,1.5109754691192931
test_run_2,400,2048.0,1.147846875515691
test_run_2,401,2047.0,1.020580977591757
test_run_2,402,2046.0,1.1492825934833168
test_run_2,403,2045.0,0.9846647088076006
test_run_2,404,2044.0,1.2405273853463972
test_run_2,405,2043.0,1.1321701771421386
test_run_2,406,2042.0,0.9405813802604918
test_run_2,407,2041.0,1.2887548154057797
test_run_2,408,2040.0,1.0670757027571016
test_run_2,409,2039.0,0.6365597921811503
test_run_2,410,2038.0,1.2823478978423508
test_run_2,411,2037.0,0.9551405664986852
test_run_2,412,2036.0,0.8787235117355119
test_run_2,413,2035.0,0.6820471829645072
test_run_2,414,2034.0,0.7547762399022112
test_run_2,415,2033.0,1.2189294415568086
test_run_2,416,2032.0,0.9537447098012807
test_run_2,417,2031.0,0.958070441498472
test_run_2,418,2030.0,0.8072185812419749
test_run_2,419,2029.0,0.9119065826518289
test_run_2,420,2028.0,1.1676263555375441
test_run_2,421,2027.0,1.3189274692450688
test_run_2,422,2026.0,0.9505187624669513
test_run_2,423,2025.0,1.687959030817142
test_run_2,424,2024.0,1.4797568075430731
test_run_2,425,2023.0,1.6716589258430585
test_run_2,426,2022.0,1.5191264781219715
test_run_2,427,2021.0,1.528589014487115
test_run_2,428,2020.0,1.454361678941701
test_run_2,429,2019.0,1.1587584921780236
test_run_2,430,2018.0,0.8741037774865827
test_run_2,431,2017.0,1.228937985593445
test_run_2,432,2016.0,0.907369415092693
test_run_2,433,2015.0,1.0196430127183524
test_run_2,434,2014.0,1.815146001367887
test_run_2,435,2013.0,1.3608032175182074
test_run_2,436,2012.0,0.9526811185809223
test_run_2,437,2011.0,1.1309368572400011
test_run_2,438,2010.0,1.2972207547272734
test_run_2,439,2009.0,1.2280422343891866
test_run_2,440,2008.0,0.9992816357024129
test_run_2,441,2007.0,1.277761980346697
test_run_2,442,2006.0,1.0076546312800403
test_run_2,443,2005.0,1.533907067966266
test_run_2,444,2004.0,1.568135750063522
test_run_2,445,2003.0,1.0454421305026194
test_run_2,446,2002.0,0.8568919845413887
test_run_2,447,2001.0,0.9595106575534235
test_run_2,448,2000.0,1.3524331112996757
test_run_2,449,1999.0,1.0253347490297358
test_run_2,450,1998.0,0.8779810752746784
test_run_2,451,1997.0,0.6592397163118765
test_run_2,452,1996.0,0.9655784699677827
test_run_2,453,1995.0,1.58390060567231
test_run_2,454,1994.0,1.2004662631206835
test_run_2,455,1993.0,1.067823373298716
test_run_2,456,1992.0,1.6931421206108308
test_run_2,457,1991.0,1.0959159892466324
test_run_2,458,1990.0,1.4251439396736374
test_run_2,459,1989.0,1.2356375444241698
test_run_2,460,1988.0,1.4975854784108926
test_run_2,461,1987.0,1.5708335166337768
test_run_2,462,1986.0,1.0806095344646658
test_run_2,463,1985.0,1.388814314577949
test_run_2,464,1984.0,1.4988122628031735
test_run_2,465,1983.0,1.2218854882745165
test_run_2,466,1982.0,0.6826675668320602
test_run_2,467,1981.0,1.0581525463695138
test_run_2,468,1980.0,1.2965633110672727
test_run_2,469,1979.0,1.7279405985484975
test_run_2,470,1978.0,1.4379350156799589
test_run_2,471,1977.0,1.2178960714795086
test_run_2,472,1976.0,1.019439441700748
test_run_2,473,1975.0,1.1531747749433847
test_run_2,474,1974.0,1.1754143332094198
test_run_2,475,1973.0,1.6306423085481658
test_run_2,476,1972.0,1.405476614527469
test_run_2,477,1971.0,1.429674875194964
test_run_2,478,1970.0,2.775357825412307
test_run_2,479,1969.0,2.3299878520517945
test_run_2,480,1968.0,1.2243812835589092
test_run_2,481,1967.0,1.2741918885668357
test_run_2,482,1966.0,1.659699741914275
test_run_2,483,1965.0,1.066460789403131
test_run_2,484,1964.0,1.170147971767
test_run_2,485,1963.0,1.546978170777063
test_run_2,486,1962.0,1.3735043409909782
test_run_2,487,1961.0,1.508236898606019
test_run_2,488,1960.0,1.211505060077505
test_run_2,489,1959.0,1.4083918467348238
test_run_2,490,1958.0,1.287221433427281
test_run_2,491,1957.0,1.3894079263829062
test_run_2,492,1956.0,1.1180606222851648
test_run_2,493,1955.0,1.4236415086970164
test_run_2,494,1954.0,1.1605504630121273
test_run_2,495,1953.0,1.697511160097185
test_run_2,496,1952.0,1.5633135737023296
test_run_2,497,1951.0,1.7798426068300688
test_run_2,498,1950.0,1.9317666377573173
test_run_2,499,1949.0,1.384470731901025
test_run_2,500,1948.0,1.4651906413009814
test_run_2,501,1947.0,1.0793237914208906
test_run_2,502,1946.0,2.2890972148632613
test_run_2,503,1945.0,0.9938795829024194
test_run_2,504,1944.0,1.714941727983139
test_run_2,505,1943.0,1.3248150556963845
test_run_2,506,1942.0,1.0553663356495762
test_run_2,507,1941.0,1.912550493811842
test_run_2,508,1940.0,1.579180172723574
test_run_2,509,1939.0,1.9558736914316472
test_run_2,510,1938.0,1.989830385030991
test_run_2,511,1937.0,1.132988004567437
test_run_2,512,1936.0,1.8061760578154573
test_run_2,513,1935.0,1.4187115478169432
test_run_2,514,1934.0,1.922241705932438
test_run_2,515,1933.0,2.2071255148823434
test_run_2,516,1932.0,1.8885285103699327
test_run_2,517,1931.0,1.2168824852593734
test_run_2,518,1930.0,2.7723411960441084
test_run_2,519,1929.0,3.528677582522081
test_run_2,520,1928.0,1.0155021639702455
test_run_2,521,1927.0,1.7477899221234368
test_run_2,522,1926.0,0.9943253638161555
test_run_2,523,1925.0,1.305706784041567
test_run_2,524,1924.0,1.7957960804861535
test_run_2,525,1923.0,1.6864809519437576
test_run_2,526,1922.0,1.4498250957921612
test_run_2,527,1921.0,0.887294745443483
test_run_2,528,1920.0,1.235755411554012
test_run_2,529,1919.0,1.9840721025110717
test_run_2,530,1918.0,1.8665821365256505
test_run_2,531,1917.0,1.36256707738514
test_run_2,532,1916.0,1.1574290106618288
test_run_2,533,1915.0,1.190311327332407
test_run_2,534,1914.0,1.251469381319072
test_run_2,535,1913.0,0.9969024237949021
test_run_2,536,1912.0,1.062616297667788
test_run_2,537,1911.0,0.9612591743256143
test_run_2,538,1910.0,1.0847439448514287
test_run_2,539,1909.0,1.8126773234382418
test_run_2,540,1908.0,2.004876017253744
test_run_2,541,1907.0,0.8853029221041384
test_run_2,542,1906.0,0.8269561899120624
test_run_2,543,1905.0,1.8367975503396088
test_run_2,544,1904.0,1.8184874831970046
test_run_2,545,1903.0,2.1673610468847504
test_run_2,546,1902.0,2.1741463656984537
test_run_2,547,1901.0,1.8302447027552282
test_run_2,548,1900.0,1.1599460673735649
test_run_2,549,1899.0,1.685295184587377
test_run_2,550,1898.0,1.7797936376033057
test_run_2,551,1897.0,1.3764492866558715
test_run_2,552,1896.0,1.0873722034322237
test_run_2,553,1895.0,2.001558656144222
test_run_2,554,1894.0,1.529071862590256
test_run_2,555,1893.0,1.6320697631352814
test_run_2,556,1892.0,1.232317003187527
test_run_2,557,1891.0,1.677228404364731
test_run_2,558,1890.0,1.0474749924626359
test_run_2,559,1889.0,1.5087559193995166
test_run_2,560,1888.0,1.6961112617203207
test_run_2,561,1887.0,1.5935766869772003
test_run_2,562,1886.0,1.0636146321934492
test_run_2,563,1885.0,2.0496378247640603
test_run_2,564,1884.0,0.8274564957092444
test_run_2,565,1883.0,1.6553668222045732
test_run_2,566,1882.0,1.7973797510462695
test_run_2,567,1881.0,1.245376133941262
test_run_2,568,1880.0,1.7630331727632114
test_run_2,569,1879.0,1.8344027856981615
test_run_2,570,1878.0,1.0480799686373616
test_run_2,571,1877.0,1.2117285436452951
test_run_2,572,1876.0,1.7513546696723459
test_run_2,573,1875.0,1.278879036777308
test_run_2,574,1874.0,1.3094016943793358
test_run_2,575,1873.0,1.7190819811950937
test_run_2,576,1872.0,1.757826064555811
test_run_2,577,1871.0,1.252816332471967
test_run_2,578,1870.0,1.9980742486537704
test_run_2,579,1869.0,1.3436665376551091
test_run_2,580,1868.0,0.9820600035183776
test_run_2,581,1867.0,1.5644095885926113
test_run_2,582,1866.0,1.8518749357675222
test_run_2,583,1865.0,1.22374292504492
test_run_2,584,1864.0,2.624650038760464
test_run_2,585,1863.0,1.8132802756124438
test_run_2,586,1862.0,1.0882224824496434
test_run_2,587,1861.0,1.7191318203809387
test_run_2,588,1860.0,1.83869901863611
test_run_2,589,1859.0,2.110101627034954
test_run_2,590,1858.0,1.36150106030572
test_run_2,591,1857.0,2.0501785896858697
test_run_2,592,1856.0,2.628655704676506
test_run_2,593,1855.0,1.7536096454074581
test_run_2,594,1854.0,2.2788329041659248
test_run_2,595,1853.0,1.113546298347858
test_run_2,596,1852.0,3.217895271200102
test_run_2,597,1851.0,0.9811822724456583
test_run_2,598,1850.0,1.398922144637815
test_run_2,599,1849.0,1.3366026602553025
test_run_2,600,1848.0,1.2046506603647695
test_run_2,601,1847.0,1.591611515945039
test_run_2,602,1846.0,2.369643567485464
test_run_2,603,1845.0,1.497962183548844
test_run_2,604,1844.0,1.8016648096085164
test_run_2,605,1843.0,1.5529627351696647
test_run_2,606,1842.0,2.1407566237597715
test_run_2,607,1841.0,1.5530322774075263
test_run_2,608,1840.0,1.1233220513708466
test_run_2,609,1839.0,1.9238579978748125
test_run_2,610,1838.0,1.0152754039298206
test_run_2,611,1837.0,2.208725754447982
test_run_2,612,1836.0,1.9844156578140968
test_run_2,613,1835.0,1.610568611496871
test_run_2,614,1834.0,1.244654325058016
test_run_2,615,1833.0,1.2255243004204652
test_run_2,616,1832.0,1.5356521707661202
test_run_2,617,1831.0,1.7456187377095849
test_run_2,618,1830.0,1.8695728244889647
test_run_2,619,1829.0,1.6307549977081284
test_run_2,620,1828.0,1.6336286415001333
test_run_2,621,1827.0,1.3503623659604889
test_run_2,622,1826.0,1.8973634867416493
test_run_2,623,1825.0,1.9287274387411046
test_run_2,624,1824.0,1.452975898845073
test_run_2,625,1823.0,1.7007363599517675
test_run_2,626,1822.0,1.0508520819489455
test_run_2,627,1821.0,1.4202842315120028
test_run_2,628,1820.0,1.5830706083941914
test_run_2,629,1819.0,1.8957675141319068
test_run_2,630,1818.0,1.6289440855457773
test_run_2,631,1817.0,1.8321246830083748
test_run_2,632,1816.0,1.7061217118274858
test_run_2,633,1815.0,1.6187596443227399
test_run_2,634,1814.0,1.8026778050703534
test_run_2,635,1813.0,1.5080448047098487
test_run_2,636,1812.0,1.1571581811337588
test_run_2,637,1811.0,1.8110759590661647
test_run_2,638,1810.0,2.0672402324646804
test_run_2,639,1809.0,1.9508143452107507
test_run_2,640,1808.0,1.3793337862777246
test_run_2,641,1807.0,1.4373452284369341
test_run_2,642,1806.0,2.0940631639121237
test_run_2,643,1805.0,1.5630367694209304
test_run_2,644,1804.0,1.8269727977745476
test_run_2,645,1803.0,2.1494556394422695
test_run_2,646,1802.0,2.006911545835476
test_run_2,647,1801.0,1.8367540475233244
test_run_2,648,1800.0,1.8618371010982102
test_run_2,649,1799.0,1.5718418277987734
test_run_2,650,1798.0,1.7075979193100839
test_run_2,651,1797.0,1.9665855396176908
test_run_2,652,1796.0,1.6504394195426513
test_run_2,653,1795.0,1.906694456742842
test_run_2,654,1794.0,1.775616962132012
test_run_2,655,1793.0,1.7805772646993616
test_run_2,656,1792.0,1.8694064148497962
test_run_2,657,1791.0,1.6744771908589224
test_run_2,658,1790.0,1.9375788722775833
test_run_2,659,1789.0,1.7578860138077501
test_run_2,660,1788.0,2.2168080709870543
test_run_2,661,1787.0,1.9936993415438522
test_run_2,662,1786.0,1.9100153250921081
test_run_2,663,1785.0,1.6803931271311268
test_run_2,664,1784.0,1.8837281179992964
test_run_2,665,1783.0,2.2210196861244658
test_run_2,666,1782.0,1.9148077131168613
test_run_2,667,1781.0,1.6386485858200524
test_run_2,668,1780.0,1.9139345447482092
test_run_2,669,1779.0,1.4418586969698484
test_run_2,670,1778.0,2.1260569666724036
test_run_2,671,1777.0,2.1567864841500355
test_run_2,672,1776.0,1.8827784883798013
test_run_2,673,1775.0,2.0167976544105586
test_run_2,674,1774.0,1.8040020239072958
test_run_2,675,1773.0,1.321125069716922
test_run_2,676,1772.0,1.630340589280579
test_run_2,677,1771.0,1.6023059518381904
test_run_2,678,1770.0,2.0423200012934344
test_run_2,679,1769.0,1.9336824332231177
test_run_2,680,1768.0,1.5416475653805413
test_run_2,681,1767.0,2.027367808816215
test_run_2,682,1766.0,1.3741660803972542
test_run_2,683,1765.0,1.836101449066796
test_run_2,684,1764.0,1.8975884235721936
test_run_2,685,1763.0,2.263544479172072
test_run_2,686,1762.0,2.1955032384081217
test_run_2,687,1761.0,1.7516376033979877
test_run_2,688,1760.0,1.7082543314410858
test_run_2,689,1759.0,1.5504682325530472
test_run_2,690,1758.0,1.9966612405916178
test_run_2,691,1757.0,1.435465850080616
test_run_2,692,1756.0,2.4269285987801688
test_run_2,693,1755.0,2.174236812692984
test_run_2,694,1754.0,2.310311550125972
test_run_2,695,1753.0,1.906447448207984
test_run_2,696,1752.0,2.155585950201079
test_run_2,697,1751.0,2.2937485862907194
test_run_2,698,1750.0,2.172451112856507
test_run_2,699,1749.0,2.216955844255354
test_run_2,700,1748.0,1.8608160891093573
test_run_2,701,1747.0,2.136988901720031
test_run_2,702,1746.0,2.249725325932549
test_run_2,703,1745.0,1.6534643515129592
test_run_2,704,1744.0,2.2520502487682834
test_run_2,705,1743.0,1.6898667181264908
test_run_2,706,1742.0,2.4296726814359766
test_run_2,707,1741.0,1.840344059919807
test_run_2,708,1740.0,1.6415198635488892
test_run_2,709,1739.0,2.254885575082173
test_run_2,710,1738.0,2.2396129691376716
test_run_2,711,1737.0,1.1108936754258134
test_run_2,712,1736.0,2.102170018934639
test_run_2,713,1735.0,1.8430887445085555
test_run_2,714,1734.0,1.9121335955534118
test_run_2,715,1733.0,3.055663219954586
test_run_2,716,1732.0,1.9291112437719735
test_run_2,717,1731.0,1.9476773754798924
test_run_2,718,1730.0,2.1259230330199803
test_run_2,719,1729.0,2.378677147906252
test_run_2,720,1728.0,1.8738284587045289
test_run_2,721,1727.0,1.8965910721358488
test_run_2,722,1726.0,2.053168733958565
test_run_2,723,1725.0,1.7663649356936417
test_run_2,724,1724.0,1.915157545709901
test_run_2,725,1723.0,1.9757476261501226
test_run_2,726,1722.0,1.9493249499304952
test_run_2,727,1721.0,1.7052309331538218
test_run_2,728,1720.0,1.8109918921774857
test_run_2,729,1719.0,2.062817392294458
test_run_2,730,1718.0,1.941923735954211
test_run_2,731,1717.0,1.8908855180324184
test_run_2,732,1716.0,2.0894557689393447
test_run_2,733,1715.0,1.3232796723546025
test_run_2,734,1714.0,2.147497642067524
test_run_2,735,1713.0,1.9668108912143605
test_run_2,736,1712.0,1.9668054135320279
test_run_2,737,1711.0,1.7574498452247211
test_run_2,738,1710.0,2.1334030400568285
test_run_2,739,1709.0,2.0453529954750125
test_run_2,740,1708.0,1.9956938299283493
test_run_2,741,1707.0,2.1994960427101593
test_run_2,742,1706.0,2.3415224295032426
test_run_2,743,1705.0,1.7597802503596078
test_run_2,744,1704.0,1.9960552386569645
test_run_2,745,1703.0,1.8087778343956906
test_run_2,746,1702.0,2.1151260627475605
test_run_2,747,1701.0,2.1368293499871993
test_run_2,748,1700.0,1.6990885383391483
test_run_2,749,1699.0,2.041198532712183
test_run_2,750,1698.0,2.0061292250071956
test_run_2,751,1697.0,1.8859671388817634
test_run_2,752,1696.0,1.886674035357938
test_run_2,753,1695.0,2.074554426412161
test_run_2,754,1694.0,2.1983010338789115
test_run_2,755,1693.0,2.2780220899623407
test_run_2,756,1692.0,1.9436520088600027
test_run_2,757,1691.0,1.9002501414789161
test_run_2,758,1690.0,2.172235879640989
test_run_2,759,1689.0,2.0469545946069685
test_run_2,760,1688.0,1.9758665596621956
test_run_2,761,1687.0,2.1369628513022554
test_run_2,762,1686.0,2.0594033027873775
test_run_2,763,1685.0,2.4655919911092985
test_run_2,764,1684.0,1.728972452541869
test_run_2,765,1683.0,1.941593116189391
test_run_2,766,1682.0,1.50669341665179
test_run_2,767,1681.0,1.8261035723221404
test_run_2,768,1680.0,1.2951947951414833
test_run_2,769,1679.0,1.6559056497584286
test_run_2,770,1678.0,2.123191922898036
test_run_2,771,1677.0,1.7911951374875865
test_run_2,772,1676.0,2.275063562250143
test_run_2,773,1675.0,1.9547572597328968
test_run_2,774,1674.0,1.72765724531977
test_run_2,775,1673.0,2.0506842394797844
test_run_2,776,1672.0,1.9357562393437455
test_run_2,777,1671.0,1.9987676580911882
test_run_2,778,1670.0,2.070681473326826
test_run_2,779,1669.0,2.0530369112243867
test_run_2,780,1668.0,1.9156860574372447
test_run_2,781,1667.0,2.0264462204304
test_run_2,782,1666.0,1.9565771571050496
test_run_2,783,1665.0,2.504473053810604
test_run_2,784,1664.0,2.006002197916474
test_run_2,785,1663.0,1.7436679230045062
test_run_2,786,1662.0,2.145940854869733
test_run_2,787,1661.0,1.7736723098770704
test_run_2,788,1660.0,1.8507115412800204
test_run_2,789,1659.0,2.060322445888987
test_run_2,790,1658.0,2.1075591596227916
test_run_2,791,1657.0,2.0794182151261342
test_run_2,792,1656.0,2.142531566102874
test_run_2,793,1655.0,2.938649158872664
test_run_2,794,1654.0,2.0104235497268412
test_run_2,795,1653.0,2.2095629827616348
test_run_2,796,1652.0,1.9242420627179957
test_run_2,797,1651.0,2.271156977828811
test_run_2,798,1650.0,1.7251337136979508
test_run_2,799,1649.0,2.096738426574248
test_run_2,800,1648.0,2.084586041790029
test_run_2,801,1647.0,2.354801259713349
test_run_2,802,1646.0,1.5537144586592775
test_run_2,803,1645.0,2.1036204017054607
test_run_2,804,1644.0,1.9555758564706185
test_run_2,805,1643.0,2.0394001510205038
test_run_2,806,1642.0,2.0604362347887326
test_run_2,807,1641.0,2.221458495215484
test_run_2,808,1640.0,1.6629126899027695
test_run_2,809,1639.0,2.073707230742366
test_run_2,810,1638.0,1.9949374038283243
test_run_2,811,1637.0,2.286057897347292
test_run_2,812,1636.0,2.388295791676549
test_run_2,813,1635.0,2.232722603808824
test_run_2,814,1634.0,1.8615284021978618
test_run_2,815,1633.0,1.986323945242356
test_run_2,816,1632.0,2.0032664435544763
test_run_2,817,1631.0,2.3597752815528805
test_run_2,818,1630.0,2.473200519159684
test_run_2,819,1629.0,2.682327713380032
test_run_2,820,1628.0,1.9244752763790909
test_run_2,821,1627.0,2.146958030783727
test_run_2,822,1626.0,2.1289035976138617
test_run_2,823,1625.0,2.4734859226855526
test_run_2,824,1624.0,2.0495437729140553
test_run_2,825,1623.0,2.378930482872856
test_run_2,826,1622.0,1.7896035531322265
test_run_2,827,1621.0,2.1248371661113112
test_run_2,828,1620.0,2.306746141563275
test_run_2,829,1619.0,1.9779245876237148
test_run_2,830,1618.0,1.7758014001033704
test_run_2,831,1617.0,2.204223992259057
test_run_2,832,1616.0,2.226648908725213
test_run_2,833,1615.0,2.5661807004649484
test_run_2,834,1614.0,2.2449817956643283
test_run_2,835,1613.0,2.1480957227807504
test_run_2,836,1612.0,2.0438247521013664
test_run_2,837,1611.0,2.0419131669164803
test_run_2,838,1610.0,2.105147895168997
test_run_2,839,1609.0,1.9147964109811688
test_run_2,840,1608.0,2.025830702093855
test_run_2,841,1607.0,2.063735018433838
test_run_2,842,1606.0,2.2176209370736784
test_run_2,843,1605.0,1.9515549879533522
test_run_2,844,1604.0,2.19453755901748
test_run_2,845,1603.0,2.451112019395996
test_run_2,846,1602.0,2.4103652938178386
test_run_2,847,1601.0,1.8168538241825813
test_run_2,848,1600.0,1.9984617897012273
test_run_2,849,1599.0,1.6574491544463643
test_run_2,850,1598.0,2.284461569557292
test_run_2,851,1597.0,2.229053594944096
test_run_2,852,1596.0,1.9928642985364937
test_run_2,853,1595.0,1.9967486742669773
test_run_2,854,1594.0,1.9142310333813959
test_run_2,855,1593.0,1.6458941058770193
test_run_2,856,1592.0,1.994283010174564
test_run_2,857,1591.0,2.2689591010041905
test_run_2,858,1590.0,2.8008120838895807
test_run_2,859,1589.0,2.0966516718266726
test_run_2,860,1588.0,2.88191149251933
test_run_2,861,1587.0,2.4798111229903053
test_run_2,862,1586.0,1.8781810385333126
test_run_2,863,1585.0,2.2915531449587734
test_run_2,864,1584.0,1.8760316824113148
test_run_2,865,1583.0,2.178955949793496
test_run_2,866,1582.0,2.012051368029357
test_run_2,867,1581.0,1.8922276823691484
test_run_2,868,1580.0,1.4445225389540925
test_run_2,869,1579.0,2.174244871045272
test_run_2,870,1578.0,2.281688881852145
test_run_2,871,1577.0,2.589923807594834
test_run_2,872,1576.0,1.9701691162102342
test_run_2,873,1575.0,1.8545200735061136
test_run_2,874,1574.0,2.1348393582721186
test_run_2,875,1573.0,2.2948368976867144
test_run_2,876,1572.0,2.2627444977619304
test_run_2,877,1571.0,2.051465304057858
test_run_2,878,1570.0,2.3000761898444484
test_run_2,879,1569.0,2.1927722527379037
test_run_2,880,1568.0,2.0722730821438136
test_run_2,881,1567.0,2.332970864024819
test_run_2,882,1566.0,2.6975806153577055
test_run_2,883,1565.0,2.085420876277485
test_run_2,884,1564.0,2.1138548849746925
test_run_2,885,1563.0,2.1193916019796473
test_run_2,886,1562.0,2.3007816234493736
test_run_2,887,1561.0,2.2140082327766066
test_run_2,888,1560.0,2.2889487542147515
test_run_2,889,1559.0,2.6545088543829047
test_run_2,890,1558.0,2.0756183325134865
test_run_2,891,1557.0,1.4253693253633923
test_run_2,892,1556.0,1.9345427651253064
test_run_2,893,1555.0,2.15938507571772
test_run_2,894,1554.0,2.00049213680179
test_run_2,895,1553.0,1.734024374964532
test_run_2,896,1552.0,1.9941273183374733
test_run_2,897,1551.0,2.4468196849703823
test_run_2,898,1550.0,2.106938218793185
test_run_2,899,1549.0,1.7583092182622706
test_run_2,900,1548.0,2.1458968668755594
test_run_2,901,1547.0,2.145187456993779
test_run_2,902,1546.0,2.1317202078522337
test_run_2,903,1545.0,2.104185868362392
test_run_2,904,1544.0,2.156727956376746
test_run_2,905,1543.0,2.0099814121398554
test_run_2,906,1542.0,2.167234195984284
test_run_2,907,1541.0,2.034097666674518
test_run_2,908,1540.0,2.2505612872655254
test_run_2,909,1539.0,1.9182890151965228
test_run_2,910,1538.0,2.0390907001708074
test_run_2,911,1537.0,2.5355771774574856
test_run_2,912,1536.0,2.4036298789806296
test_run_2,913,1535.0,1.9899811446003561
test_run_2,914,1534.0,1.8580641994536407
test_run_2,915,1533.0,2.1804249593632905
test_run_2,916,1532.0,1.9793020093555715
test_run_2,917,1531.0,2.1413706534967303
test_run_2,918,1530.0,2.322976559995485
test_run_2,919,1529.0,2.2251016140765225
test_run_2,920,1528.0,2.424158992029673
test_run_2,921,1527.0,2.211613541796221
test_run_2,922,1526.0,2.2261022951540483
test_run_2,923,1525.0,2.159200140568112
test_run_2,924,1524.0,2.4417167399595314
test_run_2,925,1523.0,2.0158691145818155
test_run_2,926,1522.0,2.1070015100799893
test_run_2,927,1521.0,2.8845412383373437
test_run_2,928,1520.0,2.226097116327488
test_run_2,929,1519.0,2.5451166256779856
test_run_2,930,1518.0,2.1829598182629946
test_run_2,931,1517.0,2.3378862093739214
test_run_2,932,1516.0,2.338383103501598
test_run_2,933,1515.0,1.9762027849322545
test_run_2,934,1514.0,1.5351653513905987
test_run_2,935,1513.0,2.226710522858435
test_run_2,936,1512.0,2.1665545488033167
test_run_2,937,1511.0,2.326980720444834
test_run_2,938,1510.0,2.4593465456749315
test_run_2,939,1509.0,2.008503312186562
test_run_2,940,1508.0,2.400672754740398
test_run_2,941,1507.0,2.166146313096887
test_run_2,942,1506.0,2.892391249952873
test_run_2,943,1505.0,2.036550678678535
test_run_2,944,1504.0,2.114505191871852
test_run_2,945,1503.0,2.1478201285716314
test_run_2,946,1502.0,2.430631522175606
test_run_2,947,1501.0,2.451554914396057
test_run_2,948,1500.0,1.932795336046332
test_run_2,949,1499.0,1.9780638572599187
test_run_2,950,1498.0,2.104102371587842
test_run_2,951,1497.0,1.707828070076372
test_run_2,952,1496.0,2.3537101585377673
test_run_2,953,1495.0,2.0958158813636087
test_run_2,954,1494.0,2.65206957242241
test_run_2,955,1493.0,2.071600374090005
test_run_2,956,1492.0,2.194379286097216
test_run_2,957,1491.0,2.171052779257011
test_run_2,958,1490.0,2.3392130274554264
test_run_2,959,1489.0,2.131289407891058
test_run_2,960,1488.0,2.407540433549512
test_run_2,961,1487.0,2.245044217890386
test_run_2,962,1486.0,2.3215989485307538
test_run_2,963,1485.0,2.273692464214986
test_run_2,964,1484.0,2.1605548320073877
test_run_2,965,1483.0,2.579215338116614
test_run_2,966,1482.0,1.9093833723582367
test_run_2,967,1481.0,2.1183371414218137
test_run_2,968,1480.0,3.5866776831764113
test_run_2,969,1479.0,2.3789213839514485
test_run_2,970,1478.0,2.2113246554867967
test_run_2,971,1477.0,1.7255533342637535
test_run_2,972,1476.0,2.4315797611955787
test_run_2,973,1475.0,2.143616737594174
test_run_2,974,1474.0,1.9877942925006262
test_run_2,975,1473.0,2.1582629371328794
test_run_2,976,1472.0,2.236319538939
test_run_2,977,1471.0,2.1576337152295464
test_run_2,978,1470.0,2.554689567273739
test_run_2,979,1469.0,2.2177967909151515
test_run_2,980,1468.0,2.4135200726202384
test_run_2,981,1467.0,1.7774482469215787
test_run_2,982,1466.0,2.1493622400246166
test_run_2,983,1465.0,2.5540846799465724
test_run_2,984,1464.0,2.390334632153503
test_run_2,985,1463.0,2.0119388873115143
test_run_2,986,1462.0,3.065267374109966
test_run_2,987,1461.0,2.2719444525801618
test_run_2,988,1460.0,1.914566170789191
test_run_2,989,1459.0,2.346184326813632
test_run_2,990,1458.0,3.154015742290031
test_run_2,991,1457.0,2.0358947381146355
test_run_2,992,1456.0,2.4657423909466916
test_run_2,993,1455.0,2.3965699852866926
test_run_2,994,1454.0,2.2748723294414153
test_run_2,995,1453.0,2.0024351721857165
test_run_2,996,1452.0,2.002709284905001
test_run_2,997,1451.0,2.0146759926761737
test_run_2,998,1450.0,2.0840826722692616
test_run_2,999,1449.0,1.9478545966778706
test_run_2,1000,1448.0,2.9420541656637815
test_run_2,1001,1447.0,2.4288509374639218
test_run_2,1002,1446.0,2.1128429528716013
test_run_2,1003,1445.0,2.355772744479316
test_run_2,1004,1444.0,2.707300278549792
test_run_2,1005,1443.0,2.1253148250385303
test_run_2,1006,1442.0,1.9514075931227892
test_run_2,1007,1441.0,2.133628985990275
test_run_2,1008,1440.0,2.7659930716810526
test_run_2,1009,1439.0,2.1694596872933234
test_run_2,1010,1438.0,2.251926921470957
test_run_2,1011,1437.0,2.1123074594745477
test_run_2,1012,1436.0,2.296059415892535
test_run_2,1013,1435.0,2.1952607740433625
test_run_2,1014,1434.0,1.9529793214029083
test_run_2,1015,1433.0,2.031501839279755
test_run_2,1016,1432.0,2.1080716429585236
test_run_2,1017,1431.0,2.425372460283114
test_run_2,1018,1430.0,1.983984636130462
test_run_2,1019,1429.0,2.3016188770014496
test_run_2,1020,1428.0,2.1867485077870366
test_run_2,1021,1427.0,2.2908802042458243
test_run_2,1022,1426.0,2.2996823210937687
test_run_2,1023,1425.0,2.2913776486008524
test_run_2,1024,1424.0,2.2198644069282776
test_run_2,1025,1423.0,2.014667710537563
test_run_2,1026,1422.0,2.0835595479054425
test_run_2,1027,1421.0,2.503532680225479
test_run_2,1028,1420.0,2.07574399998044
test_run_2,1029,1419.0,2.40433972027136
test_run_2,1030,1418.0,2.424208016002009
test_run_2,1031,1417.0,2.099308289323763
test_run_2,1032,1416.0,1.8431307359844715
test_run_2,1033,1415.0,2.267104373534977
test_run_2,1034,1414.0,2.127347438263559
test_run_2,1035,1413.0,2.4207476340595204
test_run_2,1036,1412.0,2.06921626978979
test_run_2,1037,1411.0,2.2751569120476036
test_run_2,1038,1410.0,2.1679161397713105
test_run_2,1039,1409.0,2.4195882104054847
test_run_2,1040,1408.0,2.490691261880104
test_run_2,1041,1407.0,2.6555425305577445
test_run_2,1042,1406.0,2.157452224269254
test_run_2,1043,1405.0,2.5514936848150898
test_run_2,1044,1404.0,2.393066353293438
test_run_2,1045,1403.0,2.0337984734825727
test_run_2,1046,1402.0,2.6358039340181856
test_run_2,1047,1401.0,1.8750681993856488
test_run_2,1048,1400.0,1.6214651889181688
test_run_2,1049,1399.0,2.1454866450928773
test_run_2,1050,1398.0,2.2105657780290913
test_run_2,1051,1397.0,2.2617595154134884
test_run_2,1052,1396.0,2.1869110619664562
test_run_2,1053,1395.0,2.3649553673495074
test_run_2,1054,1394.0,2.286635917408551
test_run_2,1055,1393.0,2.376953663126279
test_run_2,1056,1392.0,1.9995506763047886
test_run_2,1057,1391.0,2.107331022079669
test_run_2,1058,1390.0,2.385767193057
test_run_2,1059,1389.0,2.924641378805968
test_run_2,1060,1388.0,2.3696335992932207
test_run_2,1061,1387.0,2.453498248833628
test_run_2,1062,1386.0,2.2376320312606843
test_run_2,1063,1385.0,1.9798173700144612
test_run_2,1064,1384.0,1.871353175123834
test_run_2,1065,1383.0,2.5085089962134277
test_run_2,1066,1382.0,2.2838786976607626
test_run_2,1067,1381.0,2.2124115724909617
test_run_2,1068,1380.0,2.208536902371626
test_run_2,1069,1379.0,2.3479369731655373
test_run_2,1070,1378.0,2.316311674321428
test_run_2,1071,1377.0,2.038500413064863
test_run_2,1072,1376.0,2.2079478343978964
test_run_2,1073,1375.0,2.1357716404424116
test_run_2,1074,1374.0,2.174824557245918
test_run_2,1075,1373.0,2.2891438199352656
test_run_2,1076,1372.0,2.4967785750901212
test_run_2,1077,1371.0,2.0696047648312588
test_run_2,1078,1370.0,2.273458152001758
test_run_2,1079,1369.0,2.4085599468300902
test_run_2,1080,1368.0,2.229772930083299
test_run_2,1081,1367.0,1.9355936935272033
test_run_2,1082,1366.0,2.119234934698809
test_run_2,1083,1365.0,2.3453920168139883
test_run_2,1084,1364.0,2.245711963306827
test_run_2,1085,1363.0,2.397315755433922
test_run_2,1086,1362.0,2.1060658954899987
test_run_2,1087,1361.0,2.046621608278365
test_run_2,1088,1360.0,2.0779060338505966
test_run_2,1089,1359.0,2.8274181334119572
test_run_2,1090,1358.0,2.2473630616076337
test_run_2,1091,1357.0,2.0966043084166364
test_run_2,1092,1356.0,2.22201203303151
test_run_2,1093,1355.0,2.26952887601813
test_run_2,1094,1354.0,2.282792432533664
test_run_2,1095,1353.0,2.2663081131667497
test_run_2,1096,1352.0,2.2432604406131316
test_run_2,1097,1351.0,2.210238047892314
test_run_2,1098,1350.0,2.085504893716391
test_run_2,1099,1349.0,2.483261425398098
test_run_2,1100,1348.0,2.2856480128221195
test_run_2,1101,1347.0,2.416752540173344
test_run_2,1102,1346.0,2.313522770612484
test_run_2,1103,1345.0,2.9947667752360516
test_run_2,1104,1344.0,2.0152893956763123
test_run_2,1105,1343.0,2.4865136121173923
test_run_2,1106,1342.0,2.560895640495079
test_run_2,1107,1341.0,2.303959089320871
test_run_2,1108,1340.0,3.254770323786339
test_run_2,1109,1339.0,2.108860867755143
test_run_2,1110,1338.0,2.175587629844677
test_run_2,1111,1337.0,2.5088022828023258
test_run_2,1112,1336.0,2.1445722868286685
test_run_2,1113,1335.0,2.267027942732912
test_run_2,1114,1334.0,1.8811478227021083
test_run_2,1115,1333.0,2.0214891004994184
test_run_2,1116,1332.0,2.330088095746274
test_run_2,1117,1331.0,2.263828597841846
test_run_2,1118,1330.0,2.017949808354352
test_run_2,1119,1329.0,2.268606841665526
test_run_2,1120,1328.0,2.173548223931304
test_run_2,1121,1327.0,2.33973911676107
test_run_2,1122,1326.0,2.453141986518146
test_run_2,1123,1325.0,2.1547472161828276
test_run_2,1124,1324.0,2.4210824949849785
test_run_2,1125,1323.0,2.100937316635691
test_run_2,1126,1322.0,2.114501164447719
test_run_2,1127,1321.0,2.0514886695744026
test_run_2,1128,1320.0,2.111705998378862
test_run_2,1129,1319.0,2.6252725803679637
test_run_2,1130,1318.0,2.5692439187130125
test_run_2,1131,1317.0,1.9505987975817838
test_run_2,1132,1316.0,1.9280474548045166
test_run_2,1133,1315.0,2.031722278652058
test_run_2,1134,1314.0,2.6007159811673124
test_run_2,1135,1313.0,2.640099657559168
test_run_2,1136,1312.0,2.474754237092785
test_run_2,1137,1311.0,1.89695361000949
test_run_2,1138,1310.0,2.2062322139727994
test_run_2,1139,1309.0,2.0752093761542785
test_run_2,1140,1308.0,2.2042171895896443
test_run_2,1141,1307.0,1.910895175734245
test_run_2,1142,1306.0,2.2459332494421864
test_run_2,1143,1305.0,2.2103263146096905
test_run_2,1144,1304.0,2.8251735078312303
test_run_2,1145,1303.0,2.109031853524847
test_run_2,1146,1302.0,2.0853154726890004
test_run_2,1147,1301.0,2.2091121118284978
test_run_2,1148,1300.0,2.4966743456657885
test_run_2,1149,1299.0,2.095115179941456
test_run_2,1150,1298.0,2.0983724524301435
test_run_2,1151,1297.0,2.21694088998838
test_run_2,1152,1296.0,2.2958562859373086
test_run_2,1153,1295.0,2.254923521812971
test_run_2,1154,1294.0,2.1803552233421057
test_run_2,1155,1293.0,2.011073512597808
test_run_2,1156,1292.0,2.1306893700336795
test_run_2,1157,1291.0,2.468703814875504
test_run_2,1158,1290.0,3.1227817193390606
test_run_2,1159,1289.0,2.0384052377001898
test_run_2,1160,1288.0,2.1843314154102473
test_run_2,1161,1287.0,2.1792455197454377
test_run_2,1162,1286.0,2.2563803853414823
test_run_2,1163,1285.0,2.3155116925437285
test_run_2,1164,1284.0,2.0057983763421494
test_run_2,1165,1283.0,2.4816011699980933
test_run_2,1166,1282.0,3.0985078678255866
test_run_2,1167,1281.0,2.356952739745234
test_run_2,1168,1280.0,2.0398807680574342
test_run_2,1169,1279.0,2.323515410300332
test_run_2,1170,1278.0,2.3068141422139434
test_run_2,1171,1277.0,2.4387696927449185
test_run_2,1172,1276.0,2.0595868625440725
test_run_2,1173,1275.0,1.8670150750650172
test_run_2,1174,1274.0,1.938032994421215
test_run_2,1175,1273.0,2.0905700022465177
test_run_2,1176,1272.0,2.082890667963658
test_run_2,1177,1271.0,2.288218625355237
test_run_2,1178,1270.0,2.3009374277718506
test_run_2,1179,1269.0,2.137596236377739
test_run_2,1180,1268.0,2.0108034457390924
test_run_2,1181,1267.0,2.0582723411343204
test_run_2,1182,1266.0,2.114475219230211
test_run_2,1183,1265.0,2.7913265396739506
test_run_2,1184,1264.0,2.239738792837728
test_run_2,1185,1263.0,2.106924434476812
test_run_2,1186,1262.0,2.6053277161750583
test_run_2,1187,1261.0,2.2004342234604706
test_run_2,1188,1260.0,2.4882974110173066
test_run_2,1189,1259.0,1.9567923223006105
test_run_2,1190,1258.0,2.423327013612178
test_run_2,1191,1257.0,2.2571317118574834
test_run_2,1192,1256.0,2.1285272679324185
test_run_2,1193,1255.0,2.4690800827306463
test_run_2,1194,1254.0,2.533214809622983
test_run_2,1195,1253.0,2.337578055935514
test_run_2,1196,1252.0,2.0828599310317424
test_run_2,1197,1251.0,2.06637093098367
test_run_2,1198,1250.0,2.130212295606506
test_run_2,1199,1249.0,3.008919055535444
test_run_2,1200,1248.0,2.4053635087917327
test_run_2,1201,1247.0,2.1478739097348525
test_run_2,1202,1246.0,2.276311903002324
test_run_2,1203,1245.0,2.3073462191712255
test_run_2,1204,1244.0,2.029397982469397
test_run_2,1205,1243.0,2.0793583603279804
test_run_2,1206,1242.0,2.425185835558343
test_run_2,1207,1241.0,2.43014892459214
test_run_2,1208,1240.0,2.498627160751614
test_run_2,1209,1239.0,2.5919066877827546
test_run_2,1210,1238.0,1.9899239129837814
test_run_2,1211,1237.0,2.005369607806848
test_run_2,1212,1236.0,2.265271721752603
test_run_2,1213,1235.0,1.9298767573837696
test_run_2,1214,1234.0,2.445068546593202
test_run_2,1215,1233.0,2.2032133791364474
test_run_2,1216,1232.0,2.1129248011075075
test_run_2,1217,1231.0,2.3622721147049583
test_run_2,1218,1230.0,2.6004546754498223
test_run_2,1219,1229.0,2.0813361554389713
test_run_2,1220,1228.0,2.2313453949728776
test_run_2,1221,1227.0,2.2386531428137473
test_run_2,1222,1226.0,2.341122565259253
test_run_2,1223,1225.0,2.4184164668705947
test_run_2,1224,1224.0,1.997035422319351
test_run_2,1225,1223.0,2.3652356583576637
test_run_2,1226,1222.0,2.780351355701371
test_run_2,1227,1221.0,2.200723986272202
test_run_2,1228,1220.0,2.1664254520913517
test_run_2,1229,1219.0,2.787179654770232
test_run_2,1230,1218.0,2.481943095764514
test_run_2,1231,1217.0,2.4101390894623154
test_run_2,1232,1216.0,2.192818047090892
test_run_2,1233,1215.0,2.1600378994694687
test_run_2,1234,1214.0,2.2000591051532625
test_run_2,1235,1213.0,2.193096351568452
test_run_2,1236,1212.0,2.3787989593106955
test_run_2,1237,1211.0,2.4006208939702764
test_run_2,1238,1210.0,3.070250771874589
test_run_2,1239,1209.0,2.6514237118260975
test_run_2,1240,1208.0,1.9292973731956404
test_run_2,1241,1207.0,2.066065151113603
test_run_2,1242,1206.0,2.085495879686807
test_run_2,1243,1205.0,2.0199060950020695
test_run_2,1244,1204.0,2.107330705497298
test_run_2,1245,1203.0,2.4853525551997113
test_run_2,1246,1202.0,2.341335722580745
test_run_2,1247,1201.0,4.34581324362493
test_run_2,1248,1200.0,2.6886201265967244
test_run_2,1249,1199.0,2.024344932402818
test_run_2,1250,1198.0,2.3680787230322466
test_run_2,1251,1197.0,2.342231140891271
test_run_2,1252,1196.0,2.400768029450278
test_run_2,1253,1195.0,2.6934298508734473
test_run_2,1254,1194.0,2.2680957041010203
test_run_2,1255,1193.0,2.366028667608267
test_run_2,1256,1192.0,2.0843996088413346
test_run_2,1257,1191.0,2.046745579001614
test_run_2,1258,1190.0,2.3569479196619687
test_run_2,1259,1189.0,2.027343673020858
test_run_2,1260,1188.0,2.2656694111493687
test_run_2,1261,1187.0,2.3860188898835397
test_run_2,1262,1186.0,2.43112318008776
test_run_2,1263,1185.0,2.295666756104927
test_run_2,1264,1184.0,2.008109638231064
test_run_2,1265,1183.0,2.0697864978150693
test_run_2,1266,1182.0,2.483996819668633
test_run_2,1267,1181.0,2.1830088647240546
test_run_2,1268,1180.0,2.3637224082073702
test_run_2,1269,1179.0,2.3773139431841863
test_run_2,1270,1178.0,2.0071640630671896
test_run_2,1271,1177.0,2.1111819915143135
test_run_2,1272,1176.0,2.1268280807452586
test_run_2,1273,1175.0,2.532807540785936
test_run_2,1274,1174.0,2.055457102249595
test_run_2,1275,1173.0,2.377293843938816
test_run_2,1276,1172.0,3.982148549525145
test_run_2,1277,1171.0,2.5060314755883417
test_run_2,1278,1170.0,2.266863211911426
test_run_2,1279,1169.0,2.2442334909760775
test_run_2,1280,1168.0,2.879962309288873
test_run_2,1281,1167.0,2.1517229097479547
test_run_2,1282,1166.0,2.56314981839657
test_run_2,1283,1165.0,2.3637418590702937
test_run_2,1284,1164.0,2.3015334208062947
test_run_2,1285,1163.0,3.1172557202554794
test_run_2,1286,1162.0,2.2491767000264904
test_run_2,1287,1161.0,1.9120309741060162
test_run_2,1288,1160.0,2.25881426277984
test_run_2,1289,1159.0,2.153487773695151
test_run_2,1290,1158.0,2.431601719064238
test_run_2,1291,1157.0,2.4099429273540487
test_run_2,1292,1156.0,2.150309993556122
test_run_2,1293,1155.0,2.157212337798288
test_run_2,1294,1154.0,2.248290591650111
test_run_2,1295,1153.0,2.355032028304888
test_run_2,1296,1152.0,2.3494999966729537
test_run_2,1297,1151.0,2.3356772357280997
test_run_2,1298,1150.0,2.5282650152039174
test_run_2,1299,1149.0,2.2190799443780374
test_run_2,1300,1148.0,2.2907923110338553
test_run_2,1301,1147.0,4.1199464320418455
test_run_2,1302,1146.0,2.353865144285846
test_run_2,1303,1145.0,2.9987584731529067
test_run_2,1304,1144.0,2.5849587425520015
test_run_2,1305,1143.0,2.1859108920807473
test_run_2,1306,1142.0,2.3637593811332787
test_run_2,1307,1141.0,2.8460676497559954
test_run_2,1308,1140.0,2.345186836759316
test_run_2,1309,1139.0,2.15579088651217
test_run_2,1310,1138.0,2.24913685113783
test_run_2,1311,1137.0,2.380635073912674
test_run_2,1312,1136.0,2.388582310627339
test_run_2,1313,1135.0,2.111957719656926
test_run_2,1314,1134.0,2.281250499517054
test_run_2,1315,1133.0,1.8206374410211477
test_run_2,1316,1132.0,2.2646917826874655
test_run_2,1317,1131.0,2.2523263116777996
test_run_2,1318,1130.0,2.4389675811094307
test_run_2,1319,1129.0,2.002585635730683
test_run_2,1320,1128.0,2.503389293040198
test_run_2,1321,1127.0,2.5606378978903708
test_run_2,1322,1126.0,2.155825498987094
test_run_2,1323,1125.0,2.3702531168748098
test_run_2,1324,1124.0,2.3660416954989874
test_run_2,1325,1123.0,2.489821337623641
test_run_2,1326,1122.0,2.2098643796479838
test_run_2,1327,1121.0,2.4920277625056553
test_run_2,1328,1120.0,2.018824938916464
test_run_2,1329,1119.0,2.478146762266129
test_run_2,1330,1118.0,2.2738236910135483
test_run_2,1331,1117.0,2.1783505623386903
test_run_2,1332,1116.0,2.025908801953762
test_run_2,1333,1115.0,2.293431229520535
test_run_2,1334,1114.0,2.232397482802942
test_run_2,1335,1113.0,2.474572942440908
test_run_2,1336,1112.0,2.3157148863534474
test_run_2,1337,1111.0,2.141791892657974
test_run_2,1338,1110.0,1.6209177245212902
test_run_2,1339,1109.0,2.616002865442954
test_run_2,1340,1108.0,2.3766485719906987
test_run_2,1341,1107.0,2.1407641666591153
test_run_2,1342,1106.0,1.8920848432918098
test_run_2,1343,1105.0,2.2304737912418036
test_run_2,1344,1104.0,2.419842267880637
test_run_2,1345,1103.0,2.3002698747096315
test_run_2,1346,1102.0,2.526704061723943
test_run_2,1347,1101.0,2.2205439696197
test_run_2,1348,1100.0,2.0834445206124874
test_run_2,1349,1099.0,2.1864775579202265
test_run_2,1350,1098.0,2.4796271344368743
test_run_2,1351,1097.0,2.306768136003033
test_run_2,1352,1096.0,1.896511672947661
test_run_2,1353,1095.0,2.3179543760817625
test_run_2,1354,1094.0,2.6631185914149915
test_run_2,1355,1093.0,1.8990069160430565
test_run_2,1356,1092.0,2.0996096179101578
test_run_2,1357,1091.0,2.076478371271435
test_run_2,1358,1090.0,2.5829275018271693
test_run_2,1359,1089.0,2.0931853283077864
test_run_2,1360,1088.0,2.049679665494647
test_run_2,1361,1087.0,2.3751049345476547
test_run_2,1362,1086.0,2.244815394027729
test_run_2,1363,1085.0,2.6740166726103833
test_run_2,1364,1084.0,2.344943690372232
test_run_2,1365,1083.0,2.0303769245621983
test_run_2,1366,1082.0,2.682509105337842
test_run_2,1367,1081.0,2.2616828110899667
test_run_2,1368,1080.0,2.1650445618150442
test_run_2,1369,1079.0,2.086017026951094
test_run_2,1370,1078.0,2.02922069690143
test_run_2,1371,1077.0,2.1023829767378603
test_run_2,1372,1076.0,2.477667827439187
test_run_2,1373,1075.0,3.0142523620700943
test_run_2,1374,1074.0,2.469617168272866
test_run_2,1375,1073.0,2.308181872147402
test_run_2,1376,1072.0,2.2898697758643287
test_run_2,1377,1071.0,2.2402916071925714
test_run_2,1378,1070.0,1.998545394553452
test_run_2,1379,1069.0,2.2568035831173234
test_run_2,1380,1068.0,2.117149841731228
test_run_2,1381,1067.0,2.294988627918591
test_run_2,1382,1066.0,2.1683081875388632
test_run_2,1383,1065.0,1.9874854700999591
test_run_2,1384,1064.0,2.0836621922237875
test_run_2,1385,1063.0,2.0672283928382695
test_run_2,1386,1062.0,2.316199545364718
test_run_2,1387,1061.0,2.0505316788715944
test_run_2,1388,1060.0,2.2699756941037235
test_run_2,1389,1059.0,2.4156635852049133
test_run_2,1390,1058.0,2.363032049724185
test_run_2,1391,1057.0,2.3590291839715256
test_run_2,1392,1056.0,2.275354543396787
test_run_2,1393,1055.0,2.3868246169837746
test_run_2,1394,1054.0,2.4114471552881467
test_run_2,1395,1053.0,1.7190272910970017
test_run_2,1396,1052.0,2.192313784431621
test_run_2,1397,1051.0,2.487355002078585
test_run_2,1398,1050.0,2.1898361643223554
test_run_2,1399,1049.0,2.202141186146445
test_run_2,1400,1048.0,2.2194648890775137
test_run_2,1401,1047.0,2.3233073135969593
test_run_2,1402,1046.0,2.82836179904289
test_run_2,1403,1045.0,2.216799282591883
test_run_2,1404,1044.0,2.142280282217854
test_run_2,1405,1043.0,2.3568115024819702
test_run_2,1406,1042.0,2.4647451997799252
test_run_2,1407,1041.0,2.934263036404634
test_run_2,1408,1040.0,2.8621441228545974
test_run_2,1409,1039.0,2.060867247597386
test_run_2,1410,1038.0,2.3513649416570743
test_run_2,1411,1037.0,1.914246034798315
test_run_2,1412,1036.0,2.438308065668007
test_run_2,1413,1035.0,2.3230919205548655
test_run_2,1414,1034.0,2.5997202201462204
test_run_2,1415,1033.0,2.0316231116375962
test_run_2,1416,1032.0,1.7700641071946932
test_run_2,1417,1031.0,2.692723749378975
test_run_2,1418,1030.0,1.891144302407063
test_run_2,1419,1029.0,2.1777123828614107
test_run_2,1420,1028.0,2.1325857580883385
test_run_2,1421,1027.0,3.094470531502027
test_run_2,1422,1026.0,2.228514803717416
test_run_2,1423,1025.0,2.138184405938774
test_run_2,1424,1024.0,2.0121904296417847
test_run_2,1425,1023.0,2.910227893901077
test_run_2,1426,1022.0,2.2556437719164086
test_run_2,1427,1021.0,2.562584447317811
test_run_2,1428,1020.0,2.28037643255991
test_run_2,1429,1019.0,2.1066799064629698
test_run_2,1430,1018.0,2.1451869793005125
test_run_2,1431,1017.0,2.48044788273981
test_run_2,1432,1016.0,2.4406485939516216
test_run_2,1433,1015.0,2.1643417434424443
test_run_2,1434,1014.0,2.5472883252135907
test_run_2,1435,1013.0,3.1228423420925395
test_run_2,1436,1012.0,2.067859677978458
test_run_2,1437,1011.0,2.446417425469664
test_run_2,1438,1010.0,2.2393573977668972
test_run_2,1439,1009.0,2.446213691383218
test_run_2,1440,1008.0,2.460197659249226
test_run_2,1441,1007.0,1.9981089811914177
test_run_2,1442,1006.0,2.038054701551832
test_run_2,1443,1005.0,2.166669505997368
test_run_2,1444,1004.0,2.3842349435225705
test_run_2,1445,1003.0,2.4206281792015956
test_run_2,1446,1002.0,2.3861763840953323
test_run_2,1447,1001.0,1.8848199746352943
test_run_2,1448,1000.0,2.4308315497039477
test_run_2,1449,999.0,2.3782917434619906
test_run_2,1450,998.0,2.3131598418920403
test_run_2,1451,997.0,2.177365497997075
test_run_2,1452,996.0,2.292164966120633
test_run_2,1453,995.0,2.210805739823003
test_run_2,1454,994.0,2.449995063837895
test_run_2,1455,993.0,2.7018588281355163
test_run_2,1456,992.0,2.320800629291525
test_run_2,1457,991.0,2.529169194308882
test_run_2,1458,990.0,2.277148281697581
test_run_2,1459,989.0,2.446226234853091
test_run_2,1460,988.0,2.443055832055855
test_run_2,1461,987.0,2.4187903959407544
test_run_2,1462,986.0,2.2185820936668543
test_run_2,1463,985.0,2.175625995928314
test_run_2,1464,984.0,2.535576101700352
test_run_2,1465,983.0,2.1378209449890906
test_run_2,1466,982.0,2.1251159840280724
test_run_2,1467,981.0,2.102766298127486
test_run_2,1468,980.0,2.0737536632338793
test_run_2,1469,979.0,2.3623570172654307
test_run_2,1470,978.0,2.456474880007041
test_run_2,1471,977.0,2.1310306693696752
test_run_2,1472,976.0,2.457399708175405
test_run_2,1473,975.0,2.4450068124783533
test_run_2,1474,974.0,2.3373974036642253
test_run_2,1475,973.0,2.6695145774553444
test_run_2,1476,972.0,2.3919448737537397
test_run_2,1477,971.0,2.2834597714435203
test_run_2,1478,970.0,2.4812784903015914
test_run_2,1479,969.0,2.4176283215982663
test_run_2,1480,968.0,3.080283693411398
test_run_2,1481,967.0,2.503162418532262
test_run_2,1482,966.0,2.368787662198222
test_run_2,1483,965.0,2.798931551404825
test_run_2,1484,964.0,2.4821899983011884
test_run_2,1485,963.0,2.631591939406772
test_run_2,1486,962.0,2.421583559856438
test_run_2,1487,961.0,2.467718625830126
test_run_2,1488,960.0,2.383424552984909
test_run_2,1489,959.0,2.159820418558991
test_run_2,1490,958.0,2.3590360604854173
test_run_2,1491,957.0,2.80505383043836
test_run_2,1492,956.0,2.764601068261324
test_run_2,1493,955.0,2.2260772337234185
test_run_2,1494,954.0,2.5453072641654986
test_run_2,1495,953.0,2.355459527215655
test_run_2,1496,952.0,2.2803388877940503
test_run_2,1497,951.0,2.1508983877814276
test_run_2,1498,950.0,2.2067056130370166
test_run_2,1499,949.0,2.4541417827075898
test_run_2,1500,948.0,2.4753420852679473
test_run_2,1501,947.0,2.3589460078962032
test_run_2,1502,946.0,2.1848443056506914
test_run_2,1503,945.0,2.138400464265134
test_run_2,1504,944.0,2.2754190919160564
test_run_2,1505,943.0,2.280713100910744
test_run_2,1506,942.0,2.4505320162097903
test_run_2,1507,941.0,2.256164183432296
test_run_2,1508,940.0,2.0339684773539473
test_run_2,1509,939.0,2.061749262910794
test_run_2,1510,938.0,2.2251436629705887
test_run_2,1511,937.0,2.2909265492430624
test_run_2,1512,936.0,2.097928410158425
test_run_2,1513,935.0,2.501554731544379
test_run_2,1514,934.0,2.235516243979103
test_run_2,1515,933.0,2.2192695418807125
test_run_2,1516,932.0,2.8915997160193476
test_run_2,1517,931.0,2.4145552080177435
test_run_2,1518,930.0,2.311013265373544
test_run_2,1519,929.0,2.494484868973665
test_run_2,1520,928.0,2.2068850254387677
test_run_2,1521,927.0,2.1525143729905674
test_run_2,1522,926.0,2.1498874402488655
test_run_2,1523,925.0,2.377832423083878
test_run_2,1524,924.0,2.2382912512242497
test_run_2,1525,923.0,2.553344999367576
test_run_2,1526,922.0,2.410120385110676
test_run_2,1527,921.0,2.2966023669169338
test_run_2,1528,920.0,2.5593321002727785
test_run_2,1529,919.0,2.2392260107061044
test_run_2,1530,918.0,2.3297770219375464
test_run_2,1531,917.0,2.5843299723251354
test_run_2,1532,916.0,2.32946067670749
test_run_2,1533,915.0,2.64374178861294
test_run_2,1534,914.0,2.407576656913062
test_run_2,1535,913.0,2.157856600480909
test_run_2,1536,912.0,2.0649708353163425
test_run_2,1537,911.0,2.2882736796491647
test_run_2,1538,910.0,2.235721330306806
test_run_2,1539,909.0,2.4417851102264465
test_run_2,1540,908.0,2.6067827759861446
test_run_2,1541,907.0,2.2828819829257707
test_run_2,1542,906.0,2.0624868512650028
test_run_2,1543,905.0,2.003836235883829
test_run_2,1544,904.0,2.173867264057837
test_run_2,1545,903.0,2.2229744591724323
test_run_2,1546,902.0,2.6650661776727107
test_run_2,1547,901.0,2.4699044004434207
test_run_2,1548,900.0,2.220225782286816
test_run_2,1549,899.0,2.446122523807216
test_run_2,1550,898.0,2.355714741961188
test_run_2,1551,897.0,2.5670829977093104
test_run_2,1552,896.0,2.3420372228781123
test_run_2,1553,895.0,2.509711983717035
test_run_2,1554,894.0,2.1933535228700407
test_run_2,1555,893.0,2.3781082048710847
test_run_2,1556,892.0,2.093530305903003
test_run_2,1557,891.0,2.146324960470815
test_run_2,1558,890.0,2.5216892699461058
test_run_2,1559,889.0,2.4079245929364657
test_run_2,1560,888.0,2.5757748367865143
test_run_2,1561,887.0,2.4414046334713664
test_run_2,1562,886.0,2.6078203530288993
test_run_2,1563,885.0,2.387245185900521
test_run_2,1564,884.0,2.3507060959553705
test_run_2,1565,883.0,2.1098076995174453
test_run_2,1566,882.0,2.549072611044349
test_run_2,1567,881.0,2.120248368156211
test_run_2,1568,880.0,3.209250018094022
test_run_2,1569,879.0,2.495748029430845
test_run_2,1570,878.0,2.4340710724520696
test_run_2,1571,877.0,2.4343180129937223
test_run_2,1572,876.0,2.463269133495735
test_run_2,1573,875.0,2.4545625014676715
test_run_2,1574,874.0,1.866529534941679
test_run_2,1575,873.0,2.53144809338652
test_run_2,1576,872.0,2.203391076318046
test_run_2,1577,871.0,2.418180644974522
test_run_2,1578,870.0,2.615962097877568
test_run_2,1579,869.0,2.365497242109984
test_run_2,1580,868.0,2.586193472582199
test_run_2,1581,867.0,2.3987371928451733
test_run_2,1582,866.0,2.5252338176404647
test_run_2,1583,865.0,2.1359703700200865
test_run_2,1584,864.0,2.197778307071395
test_run_2,1585,863.0,2.394095131646938
test_run_2,1586,862.0,2.17151261364835
test_run_2,1587,861.0,2.204078300034166
test_run_2,1588,860.0,2.180619865103468
test_run_2,1589,859.0,1.921392602968497
test_run_2,1590,858.0,6.866942070150583
test_run_2,1591,857.0,1.8807636551307947
test_run_2,1592,856.0,2.707963134714597
test_run_2,1593,855.0,1.9547882574815159
test_run_2,1594,854.0,1.9160355179385438
test_run_2,1595,853.0,2.240765445163626
test_run_2,1596,852.0,2.061119319280685
test_run_2,1597,851.0,2.128897433518766
test_run_2,1598,850.0,2.2017408045252744
test_run_2,1599,849.0,2.1524372131286533
test_run_2,1600,848.0,2.137500694743978
test_run_2,1601,847.0,1.5053981202270434
test_run_2,1602,846.0,2.310642996210386
test_run_2,1603,845.0,2.301307931647359
test_run_2,1604,844.0,2.179359624589954
test_run_2,1605,843.0,2.268453223144132
test_run_2,1606,842.0,2.3232871147444145
test_run_2,1607,841.0,2.66911239246813
test_run_2,1608,840.0,4.041129039296685
test_run_2,1609,839.0,2.6247332751724692
test_run_2,1610,838.0,2.010899224047144
test_run_2,1611,837.0,2.1253702616666432
test_run_2,1612,836.0,2.1848597193339656
test_run_2,1613,835.0,2.1784952336765935
test_run_2,1614,834.0,3.0717751731216083
test_run_2,1615,833.0,2.1015139937773024
test_run_2,1616,832.0,2.3580817917959402
test_run_2,1617,831.0,2.224685993922958
test_run_2,1618,830.0,1.5705188671925936
test_run_2,1619,829.0,2.128857467285221
test_run_2,1620,828.0,2.643265022076167
test_run_2,1621,827.0,2.594293489186019
test_run_2,1622,826.0,2.3145235430584337
test_run_2,1623,825.0,2.484513959482665
test_run_2,1624,824.0,2.6033041676720297
test_run_2,1625,823.0,2.252786105935035
test_run_2,1626,822.0,2.294970310317257
test_run_2,1627,821.0,2.557654792293484
test_run_2,1628,820.0,2.3565619517555603
test_run_2,1629,819.0,2.415317637985488
test_run_2,1630,818.0,10.586850615464483
test_run_2,1631,817.0,7.890581499289901
test_run_2,1632,816.0,7.482327177013104
test_run_2,1633,815.0,12.004564445202284
test_run_2,1634,814.0,20.95360390883791
test_run_2,1635,813.0,17.329157336131306
test_run_2,1636,812.0,26.92145153593227
test_run_2,1637,811.0,16.316557300794557
test_run_2,1638,810.0,17.60675302409776
test_run_2,1639,809.0,18.50591453015291
test_run_2,1640,808.0,15.828557056974272
test_run_2,1641,807.0,21.18680617023385
test_run_2,1642,806.0,22.012593342635736
test_run_2,1643,805.0,8.722201030009211
test_run_2,1644,804.0,13.939261164721643
test_run_2,1645,803.0,28.824613475118884
test_run_2,1646,802.0,23.16577546073683
test_run_2,1647,801.0,21.155801815765727
test_run_2,1648,800.0,26.324596457013012
test_run_2,1649,799.0,20.43533523213466
test_run_2,1650,798.0,23.863776520558197
test_run_2,1651,797.0,27.9797403628217
test_run_2,1652,796.0,21.21930312654002
test_run_2,1653,795.0,1.93317274929889
test_run_2,1654,794.0,2.189419236571097
test_run_2,1655,793.0,2.2293877338005306
test_run_2,1656,792.0,2.2166517951196
test_run_2,1657,791.0,2.139963536999227
test_run_2,1658,790.0,2.5310285810906725
test_run_2,1659,789.0,1.8290719237997046
test_run_2,1660,788.0,2.3132129123765397
test_run_2,1661,787.0,2.9434741168244627
test_run_2,1662,786.0,2.4394292744182833
test_run_2,1663,785.0,3.197778672931386
test_run_2,1664,784.0,2.452361833795159
test_run_2,1665,783.0,2.2347032567197163
test_run_2,1666,782.0,2.3021627074163225
test_run_2,1667,781.0,2.6540254131181626
test_run_2,1668,780.0,2.587454759324421
test_run_2,1669,779.0,2.6251294101762808
test_run_2,1670,778.0,2.536452117949983
test_run_2,1671,777.0,2.436222831652488
test_run_2,1672,776.0,2.349939223716729
test_run_2,1673,775.0,2.094497905787908
test_run_2,1674,774.0,2.016693595998034
test_run_2,1675,773.0,2.688017295757137
test_run_2,1676,772.0,2.474367402165709
test_run_2,1677,771.0,2.8577673881253878
test_run_2,1678,770.0,2.89824700752878
test_run_2,1679,769.0,2.7411144409229458
test_run_2,1680,768.0,2.6603251627907696
test_run_2,1681,767.0,2.6295443262833866
test_run_2,1682,766.0,2.8245543278246394
test_run_2,1683,765.0,2.269085915107987
test_run_2,1684,764.0,2.7512119253700242
test_run_2,1685,763.0,2.1858926167707926
test_run_2,1686,762.0,2.4815389640762104
test_run_2,1687,761.0,2.1300185989571987
test_run_2,1688,760.0,2.3513077937501206
test_run_2,1689,759.0,2.4179896464009873
test_run_2,1690,758.0,2.3774349255499185
test_run_2,1691,757.0,2.1422486338067275
test_run_2,1692,756.0,2.490605137319377
test_run_2,1693,755.0,2.1963564648462737
test_run_2,1694,754.0,2.6372227300705484
test_run_2,1695,753.0,2.3626268664744807
test_run_2,1696,752.0,2.3220668839486676
test_run_2,1697,751.0,2.546072838670841
test_run_2,1698,750.0,2.525293930621797
test_run_2,1699,749.0,2.50538278367815
test_run_2,1700,748.0,2.6087466535502397
test_run_2,1701,747.0,2.5196982798529017
test_run_2,1702,746.0,2.5660039380240085
test_run_2,1703,745.0,2.4698527843204485
test_run_2,1704,744.0,2.1923020126627923
test_run_2,1705,743.0,2.462520318342677
test_run_2,1706,742.0,2.342184148110637
test_run_2,1707,741.0,2.968372792870798
test_run_2,1708,740.0,2.852920652588428
test_run_2,1709,739.0,2.2656198320590764
test_run_2,1710,738.0,2.177112501864647
test_run_2,1711,737.0,2.257896096852506
test_run_2,1712,736.0,3.0176684674984626
test_run_2,1713,735.0,1.968966548194193
test_run_2,1714,734.0,2.4981820863733435
test_run_2,1715,733.0,2.2929459891184916
test_run_2,1716,732.0,2.607861745715197
test_run_2,1717,731.0,2.120482532348623
test_run_2,1718,730.0,3.569483929985128
test_run_2,1719,729.0,3.5521517276958767
test_run_2,1720,728.0,2.7033709939112933
test_run_2,1721,727.0,2.100995089473295
test_run_2,1722,726.0,2.90742455609468
test_run_2,1723,725.0,2.022871722592413
test_run_2,1724,724.0,2.2516856923478743
test_run_2,1725,723.0,2.5052421403080567
test_run_2,1726,722.0,2.395084433919424
test_run_2,1727,721.0,2.3964478449994244
test_run_2,1728,720.0,2.321995753550836
test_run_2,1729,719.0,2.329134418547855
test_run_2,1730,718.0,2.302783074747084
test_run_2,1731,717.0,2.2189473036202885
test_run_2,1732,716.0,2.237871118837941
test_run_2,1733,715.0,2.4736359004682553
test_run_2,1734,714.0,2.4438869882184644
test_run_2,1735,713.0,2.379284635174056
test_run_2,1736,712.0,2.32395612117791
test_run_2,1737,711.0,2.590025583255861
test_run_2,1738,710.0,2.5018732155708023
test_run_2,1739,709.0,2.6842992303637336
test_run_2,1740,708.0,2.287158896690729
test_run_2,1741,707.0,2.228158233561525
test_run_2,1742,706.0,2.8336617233291634
test_run_2,1743,705.0,2.267448479818481
test_run_2,1744,704.0,2.317374563974888
test_run_2,1745,703.0,2.539006684457035
test_run_2,1746,702.0,2.043874537199156
test_run_2,1747,701.0,2.5664847960047528
test_run_2,1748,700.0,2.2219306056149204
test_run_2,1749,699.0,2.0895988206547
test_run_2,1750,698.0,2.1350659567625483
test_run_2,1751,697.0,2.2228458530512816
test_run_2,1752,696.0,2.6032653539480295
test_run_2,1753,695.0,3.1780651212424678
test_run_2,1754,694.0,2.147567391955726
test_run_2,1755,693.0,2.233595453936491
test_run_2,1756,692.0,2.3312636774699165
test_run_2,1757,691.0,2.4537055228801457
test_run_2,1758,690.0,2.0910142833745216
test_run_2,1759,689.0,2.1447874037969306
test_run_2,1760,688.0,2.302476736248749
test_run_2,1761,687.0,2.4121674589378816
test_run_2,1762,686.0,2.094824782747139
test_run_2,1763,685.0,2.3717452207689265
test_run_2,1764,684.0,2.4685177123095308
test_run_2,1765,683.0,2.3754553326347363
test_run_2,1766,682.0,2.409084452580844
test_run_2,1767,681.0,2.247453340075238
test_run_2,1768,680.0,2.4611621151626517
test_run_2,1769,679.0,2.341785624640523
test_run_2,1770,678.0,2.2091385168180677
test_run_2,1771,677.0,2.5712914455984057
test_run_2,1772,676.0,2.5765230260838514
test_run_2,1773,675.0,2.3276577282745627
test_run_2,1774,674.0,2.2667780571476195
test_run_2,1775,673.0,2.4267352603065517
test_run_2,1776,672.0,2.82981195588839
test_run_2,1777,671.0,2.419231712150046
test_run_2,1778,670.0,2.2059147987731866
test_run_2,1779,669.0,2.496165403318272
test_run_2,1780,668.0,2.619430374471907
test_run_2,1781,667.0,3.2094195624805417
test_run_2,1782,666.0,2.3922543956399545
test_run_2,1783,665.0,2.112322869046303
test_run_2,1784,664.0,2.202103692333186
test_run_2,1785,663.0,2.9171900739728143
test_run_2,1786,662.0,2.55494045718161
test_run_2,1787,661.0,2.6474990460776033
test_run_2,1788,660.0,2.264634423938462
test_run_2,1789,659.0,2.4577283293245555
test_run_2,1790,658.0,2.1786844412811637
test_run_2,1791,657.0,2.3158275365328573
test_run_2,1792,656.0,2.0703306658979304
test_run_2,1793,655.0,2.781322980370436
test_run_2,1794,654.0,2.429514875087764
test_run_2,1795,653.0,2.745841121392052
test_run_2,1796,652.0,2.1748982436660382
test_run_2,1797,651.0,2.252559942703674
test_run_2,1798,650.0,2.202768642161236
test_run_2,1799,649.0,2.3723371860769022
test_run_2,1800,648.0,2.3534496057787364
test_run_2,1801,647.0,2.71577941054094
test_run_2,1802,646.0,2.161853120749504
test_run_2,1803,645.0,2.885326965675328
test_run_2,1804,644.0,1.9802185401361467
test_run_2,1805,643.0,2.855663118970671
test_run_2,1806,642.0,2.691649124529089
test_run_2,1807,641.0,2.5664050709142128
test_run_2,1808,640.0,2.6706024466049167
test_run_2,1809,639.0,2.4807995619461995
test_run_2,1810,638.0,2.2799991049583404
test_run_2,1811,637.0,2.4385626979243598
test_run_2,1812,636.0,2.763431476329519
test_run_2,1813,635.0,2.331853096841974
test_run_2,1814,634.0,2.4679035158942115
test_run_2,1815,633.0,2.5197858876006576
test_run_2,1816,632.0,2.3662651665535455
test_run_2,1817,631.0,2.4321824184968137
test_run_2,1818,630.0,2.3104143131009227
test_run_2,1819,629.0,2.2134589677942667
test_run_2,1820,628.0,2.513834966649146
test_run_2,1821,627.0,2.559717684483706
test_run_2,1822,626.0,2.0977874234803773
test_run_2,1823,625.0,2.469721023840111
test_run_2,1824,624.0,2.197047447631319
test_run_2,1825,623.0,1.9408960437504628
test_run_2,1826,622.0,2.1954890450322315
test_run_2,1827,621.0,2.2860029507059467
test_run_2,1828,620.0,2.1941162853362215
test_run_2,1829,619.0,2.2864385284126967
test_run_2,1830,618.0,2.3120401403161783
test_run_2,1831,617.0,2.674844960710927
test_run_2,1832,616.0,2.5266097889511725
test_run_2,1833,615.0,2.504317729077491
test_run_2,1834,614.0,2.7885159889545497
test_run_2,1835,613.0,2.723810290072155
test_run_2,1836,612.0,2.199048383367717
test_run_2,1837,611.0,2.2168282348814996
test_run_2,1838,610.0,2.6006629310983795
test_run_2,1839,609.0,2.4931637931988546
test_run_2,1840,608.0,2.3911294404225965
test_run_2,1841,607.0,2.3561403210117673
test_run_2,1842,606.0,2.8084579505188514
test_run_2,1843,605.0,1.9420449084640008
test_run_2,1844,604.0,1.819215796810436
test_run_2,1845,603.0,2.750061567685992
test_run_2,1846,602.0,117.07493963602926
test_run_2,1847,601.0,2.3103192172328404
test_run_2,1848,600.0,1.9763853001449618
test_run_2,1849,599.0,2.373702495733502
test_run_2,1850,598.0,2.7801365850668676
test_run_2,1851,597.0,1.4895688197537824
test_run_2,1852,596.0,149.20029089968904
test_run_2,1853,595.0,1.9867192159387748
test_run_2,1854,594.0,101.81766068866256
test_run_2,1855,593.0,1.627995848387045
test_run_2,1856,592.0,2.2763834569560712
test_run_2,1857,591.0,2.0713720759811487
test_run_2,1858,590.0,2.6345200267502866
test_run_2,1859,589.0,2.148418927028829
test_run_2,1860,588.0,2.0274998911381856
test_run_2,1861,587.0,2.2631429433865127
test_run_2,1862,586.0,2.0234112944836915
test_run_2,1863,585.0,2.322966878161835
test_run_2,1864,584.0,2.528383927694064
test_run_2,1865,583.0,2.3567804242279053
test_run_2,1866,582.0,2.3856892091731767
test_run_2,1867,581.0,86.9385310730919
test_run_2,1868,580.0,101.08023443147472
test_run_2,1869,579.0,2.481879080250374
test_run_2,1870,578.0,2.5686997336533564
test_run_2,1871,577.0,2.417645130402763
test_run_2,1872,576.0,94.19519892011486
test_run_2,1873,575.0,2.1695629158934056
test_run_2,1874,574.0,106.90442395165192
test_run_2,1875,573.0,2.4915333330378973
test_run_2,1876,572.0,2.4339961229077596
test_run_2,1877,571.0,133.487444012704
test_run_2,1878,570.0,91.72541018543782
test_run_2,1879,569.0,124.25768742293992
test_run_2,1880,568.0,2.2863559064270773
test_run_2,1881,567.0,2.3885618892991154
test_run_2,1882,566.0,2.268019201256695
test_run_2,1883,565.0,2.877285931384054
test_run_2,1884,564.0,23.987876530946412
test_run_2,1885,563.0,2.7271364354801078
test_run_2,1886,562.0,2.335812469210797
test_run_2,1887,561.0,2.3322643313895544
test_run_2,1888,560.0,2.702913572891455
test_run_2,1889,559.0,125.86799412440587
test_run_2,1890,558.0,106.77173225017194
test_run_2,1891,557.0,3.2687017921623243
test_run_2,1892,556.0,2.1833546935173915
test_run_2,1893,555.0,2.1200315406602193
test_run_2,1894,554.0,2.3539383266503986
test_run_2,1895,553.0,2.099239960450762
test_run_2,1896,552.0,96.37994529195949
test_run_2,1897,551.0,2.255312151686235
test_run_2,1898,550.0,2.2882719420381123
test_run_2,1899,549.0,2.8042223953645307
test_run_2,1900,548.0,2.37496642867906
test_run_2,1901,547.0,2.877469835281812
test_run_2,1902,546.0,100.10860996961458
test_run_2,1903,545.0,2.0668111519076504
test_run_2,1904,544.0,2.398541669542238
test_run_2,1905,543.0,2.255435167108648
test_run_2,1906,542.0,2.2404690830107556
test_run_2,1907,541.0,2.3837431233659965
test_run_2,1908,540.0,89.40355338713542
test_run_2,1909,539.0,2.442497818403339
test_run_2,1910,538.0,2.472304487677479
test_run_2,1911,537.0,2.7296609739845596
test_run_2,1912,536.0,1.8088013049425862
test_run_2,1913,535.0,2.7037163067519776
test_run_2,1914,534.0,2.6071088298603557
test_run_2,1915,533.0,2.3112724759548593
test_run_2,1916,532.0,2.2944879519470867
test_run_2,1917,531.0,2.3666939149501176
test_run_2,1918,530.0,2.2378461892431867
test_run_2,1919,529.0,2.489676037513756
test_run_2,1920,528.0,2.2049855663440647
test_run_2,1921,527.0,79.10075945993161
test_run_2,1922,526.0,2.400814784620661
test_run_2,1923,525.0,2.302976395483311
test_run_2,1924,524.0,2.374760852930085
test_run_2,1925,523.0,2.304008395764894
test_run_2,1926,522.0,2.1005003626343637
test_run_2,1927,521.0,105.02749971870598
test_run_2,1928,520.0,124.4705708872015
test_run_2,1929,519.0,2.0243513957883836
test_run_2,1930,518.0,1.995761293511365
test_run_2,1931,517.0,2.0848695909364183
test_run_2,1932,516.0,2.1399981655976537
test_run_2,1933,515.0,1.8836288710492757
test_run_2,1934,514.0,2.7337168904248346
test_run_2,1935,513.0,2.264847108890355
test_run_2,1936,512.0,3.644278341519714
test_run_2,1937,511.0,2.237711492419361
test_run_2,1938,510.0,137.06816587328132
test_run_2,1939,509.0,2.2627758407941765
test_run_2,1940,508.0,81.38137378142115
test_run_2,1941,507.0,2.4696157923789785
test_run_2,1942,506.0,124.53468782101201
test_run_2,1943,505.0,2.521713274244719
test_run_2,1944,504.0,2.3104636569738695
test_run_2,1945,503.0,116.45850694960195
test_run_2,1946,502.0,79.35537667031755
test_run_2,1947,501.0,2.4321766968041736
test_run_2,1948,500.0,2.148227343125254
test_run_2,1949,499.0,2.521723426944967
test_run_2,1950,498.0,2.499480224808851
test_run_2,1951,497.0,1.7515900431744178
test_run_2,1952,496.0,2.376548443646164
test_run_2,1953,495.0,2.3791461018794675
test_run_2,1954,494.0,2.5258416834830704
test_run_2,1955,493.0,2.4882988222000098
test_run_2,1956,492.0,2.697189188624474
test_run_2,1957,491.0,2.6301917196034155
test_run_2,1958,490.0,2.0958351160296904
test_run_2,1959,489.0,2.2560347976353254
test_run_2,1960,488.0,2.0388487573291916
test_run_2,1961,487.0,2.3693209539693814
test_run_2,1962,486.0,2.339220173454678
test_run_2,1963,485.0,2.2064417037396145
test_run_2,1964,484.0,2.31126909303164
test_run_2,1965,483.0,2.1832571427517378
test_run_2,1966,482.0,2.1956621141561796
test_run_2,1967,481.0,2.7197508068458136
test_run_2,1968,480.0,13.947599220163031
test_run_2,1969,479.0,2.157891028966589
test_run_2,1970,478.0,11.260169574700148
test_run_2,1971,477.0,1.922406235712782
test_run_2,1972,476.0,2.0910293938127453
test_run_2,1973,475.0,2.5734666941767577
test_run_2,1974,474.0,96.55350048042486
test_run_2,1975,473.0,2.0890398651265527
test_run_2,1976,472.0,2.130329685969881
test_run_2,1977,471.0,2.393193259461593
test_run_2,1978,470.0,2.0098004441760766
test_run_2,1979,469.0,1.9916705685948977
test_run_2,1980,468.0,1.999351455799755
test_run_2,1981,467.0,2.2257876288356586
test_run_2,1982,466.0,2.0356404855637322
test_run_2,1983,465.0,2.1271288852889407
test_run_2,1984,464.0,2.1053550235428973
test_run_2,1985,463.0,2.0698603806379277
test_run_2,1986,462.0,51.70046646695427
test_run_2,1987,461.0,2.2913608414324704
test_run_2,1988,460.0,2.2415431476238483
test_run_2,1989,459.0,2.284593549080733
test_run_2,1990,458.0,2.1558387856736267
test_run_2,1991,457.0,1.9813352579651862
test_run_2,1992,456.0,15.377957241848382
test_run_2,1993,455.0,2.237243624257251
test_run_2,1994,454.0,38.67338889356955
test_run_2,1995,453.0,2.164563994080773
test_run_2,1996,452.0,2.456904370342974
test_run_2,1997,451.0,2.281462989651663
test_run_2,1998,450.0,2.075186540079509
test_run_2,1999,449.0,2.4489599343056727
test_run_2,2000,448.0,2.1931263676591284
test_run_2,2001,447.0,2.3310935735681855
test_run_2,2002,446.0,2.1874359238349674
test_run_2,2003,445.0,3.237475973067133
test_run_2,2004,444.0,53.947356541061254
test_run_2,2005,443.0,2.3415693545907432
test_run_2,2006,442.0,2.22981961787426
test_run_2,2007,441.0,2.3304415059492234
test_run_2,2008,440.0,2.817656986045246
test_run_2,2009,439.0,2.437989132238447
test_run_2,2010,438.0,2.309499782167954
test_run_2,2011,437.0,2.0861939560702085
test_run_2,2012,436.0,2.3054900663769673
test_run_2,2013,435.0,2.23357101135514
test_run_2,2014,434.0,2.1229766922644373
test_run_2,2015,433.0,2.449777439100278
test_run_2,2016,432.0,2.182479476048697
test_run_2,2017,431.0,4.604087049021881
test_run_2,2018,430.0,2.390474409311032
test_run_2,2019,429.0,2.2540344484365575
test_run_2,2020,428.0,2.167160646190968
test_run_2,2021,427.0,2.264996122211757
test_run_2,2022,426.0,2.3442404904596654
test_run_2,2023,425.0,2.125040626058305
test_run_2,2024,424.0,2.3269657156969528
test_run_2,2025,423.0,2.672664098545053
test_run_2,2026,422.0,2.4190753238914104
test_run_2,2027,421.0,2.1812505726868894
test_run_2,2028,420.0,2.336998377502689
test_run_2,2029,419.0,2.471106233221422
test_run_2,2030,418.0,2.3435335332234875
test_run_2,2031,417.0,2.2024685262107133
test_run_2,2032,416.0,2.2410479978776614
test_run_2,2033,415.0,2.0650881411890625
test_run_2,2034,414.0,2.4163278109068935
test_run_2,2035,413.0,1.6464886119691413
test_run_2,2036,412.0,2.2490986201634398
test_run_2,2037,411.0,2.101710642751843
test_run_2,2038,410.0,1.9733436921836467
test_run_2,2039,409.0,2.066032279564789
test_run_2,2040,408.0,2.059920627826508
test_run_2,2041,407.0,1.5268435565834755
test_run_2,2042,406.0,2.7508797269454988
test_run_2,2043,405.0,2.1929896036327214
test_run_2,2044,404.0,2.0229340316175675
test_run_2,2045,403.0,2.2293598002119106
test_run_2,2046,402.0,2.1007571488226873
test_run_2,2047,401.0,11.610204371502203
test_run_2,2048,400.0,18.55404570507853
test_run_2,2049,399.0,36.897426195245394
test_run_2,2050,398.0,32.33022000132302
test_run_2,2051,397.0,11.528259536366255
test_run_2,2052,396.0,2.0449081805178677
test_run_2,2053,395.0,1.9838969439459522
test_run_2,2054,394.0,2.3167363949537743
test_run_2,2055,393.0,2.4079404364861476
test_run_2,2056,392.0,1.9280942899816114
test_run_2,2057,391.0,1.9218504489249653
test_run_2,2058,390.0,1.929032136385569
test_run_2,2059,389.0,2.2669214470559487
test_run_2,2060,388.0,2.1824670549932534
test_run_2,2061,387.0,1.9226055452631095
test_run_2,2062,386.0,1.8103070709296873
test_run_2,2063,385.0,2.147630835182745
test_run_2,2064,384.0,2.0655957349116725
test_run_2,2065,383.0,3.071659960335408
test_run_2,2066,382.0,2.051657471322564
test_run_2,2067,381.0,2.0389703031134303
test_run_2,2068,380.0,2.111214830290268
test_run_2,2069,379.0,3.9347725821038453
test_run_2,2070,378.0,2.0131887495233287
test_run_2,2071,377.0,1.9953454733705769
test_run_2,2072,376.0,1.7783233618977619
test_run_2,2073,375.0,1.8628522163058663
test_run_2,2074,374.0,2.08884547388221
test_run_2,2075,373.0,1.8102978441948643
test_run_2,2076,372.0,1.8703200286096997
test_run_2,2077,371.0,2.07152575295273
test_run_2,2078,370.0,1.7912843693542428
test_run_2,2079,369.0,1.9830789343381494
test_run_2,2080,368.0,2.2592093887328164
test_run_2,2081,367.0,1.796596811389143
test_run_2,2082,366.0,2.042401275160179
test_run_2,2083,365.0,1.9121622771174978
test_run_2,2084,364.0,1.965163758995
test_run_2,2085,363.0,2.1482734566512156
test_run_2,2086,362.0,2.23095210175862
test_run_2,2087,361.0,2.235067213433685
test_run_2,2088,360.0,2.104608337923295
test_run_2,2089,359.0,1.6937361420513237
test_run_2,2090,358.0,2.060107477212288
test_run_2,2091,357.0,1.5866146318681043
test_run_2,2092,356.0,2.0485941830479977
test_run_2,2093,355.0,1.9397992073180164
test_run_2,2094,354.0,1.905359557723608
test_run_2,2095,353.0,42.78876187834217
test_run_2,2096,352.0,2.061500928018372
test_run_2,2097,351.0,2.1871859739132624
test_run_2,2098,350.0,2.044917155309113
test_run_2,2099,349.0,1.690322896281332
test_run_2,2100,348.0,2.281133885833483
test_run_2,2101,347.0,4.435492198468298
test_run_2,2102,346.0,2.8284388788776127
test_run_2,2103,345.0,13.431487013384631
test_run_2,2104,344.0,5.65371797937212
test_run_2,2105,343.0,1.9014594867528327
test_run_2,2106,342.0,2.249327945572368
test_run_2,2107,341.0,2.3138880207449817
test_run_2,2108,340.0,2.2645375435890256
test_run_2,2109,339.0,2.053884040813949
test_run_2,2110,338.0,2.385185787398712
test_run_2,2111,337.0,2.2782779889269196
test_run_2,2112,336.0,2.10826219719727
test_run_2,2113,335.0,2.29134019465298
test_run_2,2114,334.0,1.7294032819346754
test_run_2,2115,333.0,1.6709840945620822
test_run_2,2116,332.0,2.772900720064796
test_run_2,2117,331.0,1.837713797351252
test_run_2,2118,330.0,1.9624131759206676
test_run_2,2119,329.0,2.4798505852413077
test_run_2,2120,328.0,1.770784981039349
test_run_2,2121,327.0,1.8142860434648687
test_run_2,2122,326.0,2.1650156835531558
test_run_2,2123,325.0,2.4476600816557528
test_run_2,2124,324.0,2.142084565659248
test_run_2,2125,323.0,2.3733656903716165
test_run_2,2126,322.0,51.77229823740197
test_run_2,2127,321.0,2.5066342632960397
test_run_2,2128,320.0,2.1860589382500826
test_run_2,2129,319.0,2.4323950401432564
test_run_2,2130,318.0,2.5754586232272
test_run_2,2131,317.0,1.9698616153897528
test_run_2,2132,316.0,2.314038920698235
test_run_2,2133,315.0,2.2078916003602123
test_run_2,2134,314.0,2.2439022734171568
test_run_2,2135,313.0,2.434707160166881
test_run_2,2136,312.0,2.2576250408111065
test_run_2,2137,311.0,2.230687616017158
test_run_2,2138,310.0,2.5776136280436663
test_run_2,2139,309.0,2.5789071593871595
test_run_2,2140,308.0,2.184857394554717
test_run_2,2141,307.0,2.65029450083875
test_run_2,2142,306.0,2.628468166193313
test_run_2,2143,305.0,2.5432443620786804
test_run_2,2144,304.0,2.500098697427423
test_run_2,2145,303.0,2.5133629574971565
test_run_2,2146,302.0,2.547263724643453
test_run_2,2147,301.0,3.042736448869749
test_run_2,2148,300.0,2.45856390678252
test_run_2,2149,299.0,2.3371236401912006
test_run_2,2150,298.0,3.297917321446673
test_run_2,2151,297.0,2.5631867821880503
test_run_2,2152,296.0,2.301566734518754
test_run_2,2153,295.0,2.0635104446739834
test_run_2,2154,294.0,2.3726288153675448
test_run_2,2155,293.0,2.2414166905165867
test_run_2,2156,292.0,82.92809041024107
test_run_2,2157,291.0,2.7138528377675946
test_run_2,2158,290.0,2.218683772556813
test_run_2,2159,289.0,2.5497343503285914
test_run_2,2160,288.0,2.517314860284505
test_run_2,2161,287.0,2.2579871632334525
test_run_2,2162,286.0,99.30815859117914
test_run_2,2163,285.0,2.215143509732908
test_run_2,2164,284.0,2.5258047624228963
test_run_2,2165,283.0,1.8239359370302117
test_run_2,2166,282.0,2.361843384656488
test_run_2,2167,281.0,2.226468517667034
test_run_2,2168,280.0,149.04953984005616
test_run_2,2169,279.0,2.1845221431520216
test_run_2,2170,278.0,2.612976509574848
test_run_2,2171,277.0,124.67101940612727
test_run_2,2172,276.0,85.86771521577353
test_run_2,2173,275.0,2.189895564624184
test_run_2,2174,274.0,2.48619344311342
test_run_2,2175,273.0,1.8294953843005484
test_run_2,2176,272.0,2.4007504292739807
test_run_2,2177,271.0,2.489202805515834
test_run_2,2178,270.0,122.3756392445265
test_run_2,2179,269.0,2.5785546604126255
test_run_2,2180,268.0,2.1878873732737913
test_run_2,2181,267.0,2.297644958683638
test_run_2,2182,266.0,1.537659431928191
test_run_2,2183,265.0,1.312553886188103
test_run_2,2184,264.0,2.512187466850982
test_run_2,2185,263.0,103.77319158997989
test_run_2,2186,262.0,2.0464762766936655
test_run_2,2187,261.0,24.317184123942145
test_run_2,2188,260.0,1.787532630260945
test_run_2,2189,259.0,2.1704841110726725
test_run_2,2190,258.0,15.162602747691746
test_run_2,2191,257.0,2.2782236290986857
test_run_2,2192,256.0,2.1363542421254182
test_run_2,2193,255.0,1.7670977225254312
test_run_2,2194,254.0,2.2282304913517086
test_run_2,2195,253.0,117.03092024772029
test_run_2,2196,252.0,2.334332058774541
test_run_2,2197,251.0,2.374272567000987
test_run_2,2198,250.0,148.1282918610347
test_run_2,2199,249.0,2.135578384735619
test_run_2,2200,248.0,2.052735844285283
test_run_2,2201,247.0,2.261589619799843
test_run_2,2202,246.0,2.3056206706667983
test_run_2,2203,245.0,2.4594005018330307
test_run_2,2204,244.0,2.224245130524058
test_run_2,2205,243.0,1.765980031620029
test_run_2,2206,242.0,2.472119216672463
test_run_2,2207,241.0,20.51049945700111
test_run_2,2208,240.0,2.1757582715195802
test_run_2,2209,239.0,1.8767136307621506
test_run_2,2210,238.0,1.9369045425254303
test_run_2,2211,237.0,49.23519103718139
test_run_2,2212,236.0,2.5101676310390317
test_run_2,2213,235.0,2.6223975439954454
test_run_2,2214,234.0,2.876066947570388
test_run_2,2215,233.0,1.8057297071613347
test_run_2,2216,232.0,2.0411879250588405
test_run_2,2217,231.0,24.65344115058371
test_run_2,2218,230.0,66.9734063500776
test_run_2,2219,229.0,1.6377121350544677
test_run_2,2220,228.0,4.356202904243186
test_run_2,2221,227.0,66.39678073685197
test_run_2,2222,226.0,2.690122040232375
test_run_2,2223,225.0,13.19685867651748
test_run_2,2224,224.0,2.2701507178993325
test_run_2,2225,223.0,2.735727559330831
test_run_2,2226,222.0,2.807809280850532
test_run_2,2227,221.0,2.627463488517043
test_run_2,2228,220.0,2.724629766342573
test_run_2,2229,219.0,2.2377000171874335
test_run_2,2230,218.0,2.179211409862776
test_run_2,2231,217.0,2.2471891401697888
test_run_2,2232,216.0,2.6492927202156875
test_run_2,2233,215.0,2.4524317747264517
test_run_2,2234,214.0,2.586074054390724
test_run_2,2235,213.0,2.283487990458781
test_run_2,2236,212.0,2.0766099549501944
test_run_2,2237,211.0,101.72012485619214
test_run_2,2238,210.0,1.8135316448313525
test_run_2,2239,209.0,2.164592035485467
test_run_2,2240,208.0,1.6175493567839152
test_run_2,2241,207.0,1.792266575616528
test_run_2,2242,206.0,2.0916211414467525
test_run_2,2243,205.0,114.52744288216054
test_run_2,2244,204.0,1.9300610691900744
test_run_2,2245,203.0,25.879246081717508
test_run_2,2246,202.0,7.248753109208738
test_run_2,2247,201.0,2.60795318750339
test_run_2,2248,200.0,1.9907942860132395
test_run_2,2249,199.0,9.930001417572203
test_run_2,2250,198.0,4.677663087905719
test_run_2,2251,197.0,2.0325036664406104
test_run_2,2252,196.0,2.232670087129508
test_run_2,2253,195.0,2.684730783630278
test_run_2,2254,194.0,1.9895970245271086
test_run_2,2255,193.0,2.0923374935855943
test_run_2,2256,192.0,2.145640315327846
test_run_2,2257,191.0,2.805966452208792
test_run_2,2258,190.0,2.3791650465466914
test_run_2,2259,189.0,2.4136360401668693
test_run_2,2260,188.0,2.2278074033788817
test_run_2,2261,187.0,2.3412366812348773
test_run_2,2262,186.0,2.280083506761113
test_run_2,2263,185.0,2.3047242936761747
test_run_2,2264,184.0,2.123765119320031
test_run_2,2265,183.0,47.30435971162704
test_run_2,2266,182.0,2.067340130918852
test_run_2,2267,181.0,27.904703694736305
test_run_2,2268,180.0,2.143160469013082
test_run_2,2269,179.0,2.2168004566539365
test_run_2,2270,178.0,2.6735025063949918
test_run_2,2271,177.0,2.371558257622543
test_run_2,2272,176.0,2.0705264224418327
test_run_2,2273,175.0,2.525339498389754
test_run_2,2274,174.0,2.749288090531148
test_run_2,2275,173.0,2.416790910938973
test_run_2,2276,172.0,2.4760523822593123
test_run_2,2277,171.0,2.4531530963325263
test_run_2,2278,170.0,2.564140531123776
test_run_2,2279,169.0,2.2121820738262263
test_run_2,2280,168.0,1.9217184097619984
test_run_2,2281,167.0,2.2983750490828716
test_run_2,2282,166.0,2.870641972753419
test_run_2,2283,165.0,2.5776651684546197
test_run_2,2284,164.0,2.025399193455754
test_run_2,2285,163.0,3.14476382159736
test_run_2,2286,162.0,2.1479962391099643
test_run_2,2287,161.0,16.16638587286441
test_run_2,2288,160.0,2.527893433881389
test_run_2,2289,159.0,2.184733975359566
test_run_2,2290,158.0,2.0724720301481447
test_run_2,2291,157.0,2.640888021018409
test_run_2,2292,156.0,2.1616689183082114
test_run_2,2293,155.0,2.169459075935895
test_run_2,2294,154.0,2.492552667954326
test_run_2,2295,153.0,1.7621053329207363
test_run_2,2296,152.0,2.4750611657855552
test_run_2,2297,151.0,2.6441691066794832
test_run_2,2298,150.0,2.491906128291048
test_run_2,2299,149.0,2.379556060798078
test_run_2,2300,148.0,2.5419219881344444
test_run_2,2301,147.0,2.228969682978504
test_run_2,2302,146.0,2.2746790843592217
test_run_2,2303,145.0,2.124192979902481
test_run_2,2304,144.0,1.64589757756142
test_run_2,2305,143.0,2.1181935895125394
test_run_2,2306,142.0,2.3873149816245753
test_run_2,2307,141.0,1.8900402579877231
test_run_2,2308,140.0,3.8096302235371127
test_run_2,2309,139.0,2.392975631881448
test_run_2,2310,138.0,2.372720715312972
test_run_2,2311,137.0,2.301091064631835
test_run_2,2312,136.0,2.1335419450618835
test_run_2,2313,135.0,2.401172362776337
test_run_2,2314,134.0,2.2407840189867825
test_run_2,2315,133.0,32.75445445369281
test_run_2,2316,132.0,2.5158506710024833
test_run_2,2317,131.0,2.1858004792830963
test_run_2,2318,130.0,2.5516571355691062
test_run_2,2319,129.0,2.6515711591319855
test_run_2,2320,128.0,2.2639856750467815
test_run_2,2321,127.0,1.9433147204149441
test_run_2,2322,126.0,2.3213711672001915
test_run_2,2323,125.0,2.233870124659224
test_run_2,2324,124.0,1.7811677008083013
test_run_2,2325,123.0,2.0301149828596032
test_run_2,2326,122.0,1.8709720361942281
test_run_2,2327,121.0,2.135718766349916
test_run_2,2328,120.0,2.0003515033554273
test_run_2,2329,119.0,2.098346630156692
test_run_2,2330,118.0,2.335648750389308
test_run_2,2331,117.0,1.6707736565226692
test_run_2,2332,116.0,2.6401364561165357
test_run_2,2333,115.0,2.5116113750259927
test_run_2,2334,114.0,1.886721335637196
test_run_2,2335,113.0,2.0646097029206762
test_run_2,2336,112.0,1.6018661988875376
test_run_2,2337,111.0,2.5371611150160134
test_run_2,2338,110.0,2.445763049911038
test_run_2,2339,109.0,2.183957958535424
test_run_2,2340,108.0,1.7927403386368361
test_run_2,2341,107.0,2.089677675381709
test_run_2,2342,106.0,2.4339085420833237
test_run_2,2343,105.0,1.8599733953595965
test_run_2,2344,104.0,1.8174561014234971
test_run_2,2345,103.0,1.7289012016675582
test_run_2,2346,102.0,3.2007347867611435
test_run_2,2347,101.0,3.3289437394004593
test_run_2,2348,100.0,1.905382823888686
test_run_2,2349,99.0,2.33061430060707
test_run_2,2350,98.0,2.2479299810005804
test_run_2,2351,97.0,53.37986572810382
test_run_2,2352,96.0,2.8635534514018466
test_run_2,2353,95.0,1.9604078937085039
test_run_2,2354,94.0,1.8078427830865802
test_run_2,2355,93.0,2.2617443792876792
test_run_2,2356,92.0,2.084622337424502
test_run_2,2357,91.0,2.3071908873253193
test_run_2,2358,90.0,2.6406531938612092
test_run_2,2359,89.0,5.793864702882203
test_run_2,2360,88.0,1.9143300567161277
test_run_2,2361,87.0,5.003113023395704
test_run_2,2362,86.0,2.1984234782888183
test_run_2,2363,85.0,1.93336234337775
test_run_2,2364,84.0,2.870335336323238
test_run_2,2365,83.0,1.9223459020223472
test_run_2,2366,82.0,1.7481315152054795
test_run_2,2367,81.0,2.4239418379378805
test_run_2,2368,80.0,2.5679365588824234
test_run_2,2369,79.0,1.9413620052456124
test_run_2,2370,78.0,2.6211517702360325
test_run_2,2371,77.0,70.9001397780981
test_run_2,2372,76.0,2.7887202014471493
test_run_2,2373,75.0,2.906518804978013
test_run_2,2374,74.0,2.4399985659159653
test_run_2,2375,73.0,1.7393185084268896
test_run_2,2376,72.0,3.2790989555518153
test_run_2,2377,71.0,2.598750524072959
test_run_2,2378,70.0,2.58434435041186
test_run_2,2379,69.0,1.879402891694238
test_run_2,2380,68.0,2.2217112657857294
test_run_2,2381,67.0,2.211162701496626
test_run_2,2382,66.0,1.9217300797870565
test_run_2,2383,65.0,2.2248861788491383
test_run_2,2384,64.0,2.6784401196158676
test_run_2,2385,63.0,2.2839383896873238
test_run_2,2386,62.0,2.6522688749434074
test_run_2,2387,61.0,81.35349599364841
test_run_2,2388,60.0,80.98455031093513
test_run_2,2389,59.0,2.4408762472261474
test_run_2,2390,58.0,1.7839424902527814
test_run_2,2391,57.0,1.8994788327424363
test_run_2,2392,56.0,1.6740893441723153
test_run_2,2393,55.0,2.264632707519638
test_run_2,2394,54.0,103.75580015598678
test_run_2,2395,53.0,2.0241486269596294
test_run_2,2396,52.0,17.245658243873056
test_run_2,2397,51.0,1.73995107812771
test_run_2,2398,50.0,2.5169986029033913
test_run_2,2399,49.0,2.314375117937029
test_run_2,2400,48.0,2.300036327235559
test_run_2,2401,47.0,2.3752960602061495
test_run_2,2402,46.0,1.8174637838409864
test_run_2,2403,45.0,1.9698974043438942
test_run_2,2404,44.0,2.0405610057265173
test_run_2,2405,43.0,1.4656774417568958
test_run_2,2406,42.0,1.7464826169374548
test_run_2,2407,41.0,2.0704892899040788
test_run_2,2408,40.0,20.610638088185723
test_run_2,2409,39.0,1.2957988961061064
test_run_2,2410,38.0,2.3778770229958477
test_run_2,2411,37.0,50.45570290408965
test_run_2,2412,36.0,1.2741196689418142
test_run_2,2413,35.0,3.0071548505364887
test_run_2,2414,34.0,80.32435628770108
test_run_2,2415,33.0,2.4592496747563315
test_run_2,2416,32.0,4.291925049708726
test_run_2,2417,31.0,3.5047756135674164
test_run_2,2418,30.0,3.9090640803342263
test_run_2,2419,29.0,10.90932291868143
test_run_2,2420,28.0,9.777819996953856
test_run_2,2421,27.0,8.542619165349212
test_run_2,2422,26.0,13.84765387803122
test_run_2,2423,25.0,13.839941626504379
test_run_2,2424,24.0,8.695322071865814
test_run_2,2425,23.0,9.189820146183973
test_run_2,2426,22.0,9.6534008419508
test_run_2,2427,21.0,9.570573388355914
test_run_2,2428,20.0,16.731421568161863
test_run_2,2429,19.0,9.341183113810661
test_run_2,2430,18.0,20.411351134192866
test_run_2,2431,17.0,9.980441396043602
test_run_2,2432,16.0,12.136285425761262
test_run_2,2433,15.0,11.067105471557932
test_run_2,2434,14.0,11.90767787796947
test_run_2,2435,13.0,11.725582112323668
test_run_2,2436,12.0,12.29408437964773
test_run_2,2437,11.0,13.078554046957615
test_run_2,2438,10.0,13.149514145626515
test_run_2,2439,9.0,13.815001973264163
test_run_2,2440,8.0,12.823631930062323
test_run_2,2441,7.0,13.3089780619285
test_run_2,2442,6.0,19.60759653051972
test_run_2,2443,5.0,16.02887198589245
test_run_2,2444,4.0,15.99470444050767
test_run_2,2445,3.0,16.253999351195578
test_run_2,2446,2.0,15.632428851620096
test_run_2,2447,1.0,17.028303620784193
test_run_3,0,2259.0,1.486689768079263
test_run_3,1,2258.0,1.3346220187871363
test_run_3,2,2257.0,1.1319524481715821
test_run_3,3,2256.0,1.1660016300937306
test_run_3,4,2255.0,1.157445120661381
test_run_3,5,2254.0,1.0399474236623003
test_run_3,6,2253.0,1.198882840698149
test_run_3,7,2252.0,0.843858831350382
test_run_3,8,2251.0,1.0836304199593036
test_run_3,9,2250.0,1.4011482244720728
test_run_3,10,2249.0,1.1444222261093029
test_run_3,11,2248.0,0.9209949140528673
test_run_3,12,2247.0,1.4928970423701455
test_run_3,13,2246.0,1.7818292145225016
test_run_3,14,2245.0,1.4672511708681926
test_run_3,15,2244.0,1.6318105623120895
test_run_3,16,2243.0,1.033817502179304
test_run_3,17,2242.0,0.5513473211394381
test_run_3,18,2241.0,0.5207899754172234
test_run_3,19,2240.0,1.3785445698384498
test_run_3,20,2239.0,0.8779586116305749
test_run_3,21,2238.0,0.686970479653008
test_run_3,22,2237.0,0.5558573463381463
test_run_3,23,2236.0,1.0438940682995834
test_run_3,24,2235.0,0.4680002877901167
test_run_3,25,2234.0,0.6586022794768168
test_run_3,26,2233.0,0.5077647707172316
test_run_3,27,2232.0,1.0268623811942479
test_run_3,28,2231.0,1.106054973723859
test_run_3,29,2230.0,0.6698047243290919
test_run_3,30,2229.0,0.44281966040211485
test_run_3,31,2228.0,1.6853011218101137
test_run_3,32,2227.0,0.7071283047165359
test_run_3,33,2226.0,0.6031219738618476
test_run_3,34,2225.0,0.7629482790566646
test_run_3,35,2224.0,0.7326017073071207
test_run_3,36,2223.0,0.6990667049247957
test_run_3,37,2222.0,1.0549062520349826
test_run_3,38,2221.0,0.9649437224907824
test_run_3,39,2220.0,0.5149814706409115
test_run_3,40,2219.0,0.760238786316549
test_run_3,41,2218.0,0.7851780413331505
test_run_3,42,2217.0,0.6618682872623658
test_run_3,43,2216.0,0.42852969726033363
test_run_3,44,2215.0,0.5760963223739168
test_run_3,45,2214.0,0.46044292545411053
test_run_3,46,2213.0,0.8264075321686551
test_run_3,47,2212.0,1.0386638007735765
test_run_3,48,2211.0,0.7976150417797646
test_run_3,49,2210.0,0.7450038298089756
test_run_3,50,2209.0,0.7367351512711413
test_run_3,51,2208.0,0.36317637665637625
test_run_3,52,2207.0,1.642247974841196
test_run_3,53,2206.0,0.3583895414198515
test_run_3,54,2205.0,0.533619599916163
test_run_3,55,2204.0,0.5524911126395071
test_run_3,56,2203.0,0.5346293345185946
test_run_3,57,2202.0,0.9153223615581461
test_run_3,58,2201.0,0.575610615356502
test_run_3,59,2200.0,0.7557985145089862
test_run_3,60,2199.0,0.5550732758038075
test_run_3,61,2198.0,0.7379417701024851
test_run_3,62,2197.0,1.7324660757655952
test_run_3,63,2196.0,1.2550782583564672
test_run_3,64,2195.0,1.0929336806449248
test_run_3,65,2194.0,0.4304001683276707
test_run_3,66,2193.0,0.45336320093615035
test_run_3,67,2192.0,0.6775684778584194
test_run_3,68,2191.0,0.4572600854854178
test_run_3,69,2190.0,0.6335878160619531
test_run_3,70,2189.0,0.7133725423017532
test_run_3,71,2188.0,1.2827177488647015
test_run_3,72,2187.0,0.7075031335828613
test_run_3,73,2186.0,0.5561282867463118
test_run_3,74,2185.0,0.5255975598234479
test_run_3,75,2184.0,0.5078877904763692
test_run_3,76,2183.0,0.6423359834411814
test_run_3,77,2182.0,0.37551511973745455
test_run_3,78,2181.0,0.8005799192098901
test_run_3,79,2180.0,1.2644674803921667
test_run_3,80,2179.0,0.7108905025611398
test_run_3,81,2178.0,0.45014352465476326
test_run_3,82,2177.0,0.7096593480468957
test_run_3,83,2176.0,0.44843680944313774
test_run_3,84,2175.0,0.5193663147490739
test_run_3,85,2174.0,0.566226931064141
test_run_3,86,2173.0,0.981036495381361
test_run_3,87,2172.0,0.5526400362691148
test_run_3,88,2171.0,0.9826739189375978
test_run_3,89,2170.0,0.3888579787799704
test_run_3,90,2169.0,0.5376873546703991
test_run_3,91,2168.0,0.6594326945723589
test_run_3,92,2167.0,0.7829789199867839
test_run_3,93,2166.0,0.7305005972462334
test_run_3,94,2165.0,0.6731298473792504
test_run_3,95,2164.0,0.402456501999347
test_run_3,96,2163.0,0.35715799398507136
test_run_3,97,2162.0,0.8254389470646741
test_run_3,98,2161.0,1.048339653106087
test_run_3,99,2160.0,0.5371267871591943
test_run_3,100,2159.0,0.5735591005375209
test_run_3,101,2158.0,0.5747745854338628
test_run_3,102,2157.0,0.5066690286694375
test_run_3,103,2156.0,0.5782133544351046
test_run_3,104,2155.0,1.0061664985084993
test_run_3,105,2154.0,0.6309369216353112
test_run_3,106,2153.0,0.6900941229089204
test_run_3,107,2152.0,0.29095059167882964
test_run_3,108,2151.0,0.6497972048465639
test_run_3,109,2150.0,0.4254080237805706
test_run_3,110,2149.0,0.45147203560171534
test_run_3,111,2148.0,0.5020169440191786
test_run_3,112,2147.0,0.528771891707597
test_run_3,113,2146.0,0.5366776388160932
test_run_3,114,2145.0,1.0479753195464592
test_run_3,115,2144.0,0.5797044560367632
test_run_3,116,2143.0,0.6165608633401168
test_run_3,117,2142.0,0.5445462504394132
test_run_3,118,2141.0,0.5124372598147237
test_run_3,119,2140.0,0.6499535312509704
test_run_3,120,2139.0,0.6933649636719733
test_run_3,121,2138.0,0.5249504729317391
test_run_3,122,2137.0,0.8317338366876831
test_run_3,123,2136.0,0.5250242818099723
test_run_3,124,2135.0,0.8854194770374428
test_run_3,125,2134.0,0.9635174723815598
test_run_3,126,2133.0,0.44317445910852304
test_run_3,127,2132.0,0.9214794883007811
test_run_3,128,2131.0,0.7717599459732808
test_run_3,129,2130.0,0.663692989333786
test_run_3,130,2129.0,0.7422302286585016
test_run_3,131,2128.0,0.9316645037472077
test_run_3,132,2127.0,0.2541156971328543
test_run_3,133,2126.0,0.7633658450545661
test_run_3,134,2125.0,0.7352904747192353
test_run_3,135,2124.0,0.3231414642346565
test_run_3,136,2123.0,0.5441550566498468
test_run_3,137,2122.0,0.6095407157029593
test_run_3,138,2121.0,0.7007562427778712
test_run_3,139,2120.0,0.7399193143676263
test_run_3,140,2119.0,0.7766517021633319
test_run_3,141,2118.0,0.49441078750702366
test_run_3,142,2117.0,0.932095244548079
test_run_3,143,2116.0,0.5862694665448099
test_run_3,144,2115.0,0.616017560856488
test_run_3,145,2114.0,0.6116345331121755
test_run_3,146,2113.0,0.5209671730281333
test_run_3,147,2112.0,0.8367645974314334
test_run_3,148,2111.0,0.7990916457818136
test_run_3,149,2110.0,0.6266644166707088
test_run_3,150,2109.0,0.6117530579387382
test_run_3,151,2108.0,0.55716267320021
test_run_3,152,2107.0,0.5420254630809027
test_run_3,153,2106.0,0.9723327149388401
test_run_3,154,2105.0,1.0041380586469093
test_run_3,155,2104.0,0.7036527687895767
test_run_3,156,2103.0,0.9484424996034745
test_run_3,157,2102.0,0.4471787119681555
test_run_3,158,2101.0,0.5989997802006108
test_run_3,159,2100.0,0.5087550943352281
test_run_3,160,2099.0,0.7701140991756097
test_run_3,161,2098.0,0.8710087811173131
test_run_3,162,2097.0,0.6987390567698669
test_run_3,163,2096.0,0.3990307324493666
test_run_3,164,2095.0,1.0616100229622438
test_run_3,165,2094.0,0.5148979339191059
test_run_3,166,2093.0,0.7236676482861686
test_run_3,167,2092.0,1.1180744404571115
test_run_3,168,2091.0,0.7438396391224724
test_run_3,169,2090.0,0.7653785798734819
test_run_3,170,2089.0,0.5018582293345853
test_run_3,171,2088.0,0.5677942474242628
test_run_3,172,2087.0,0.559897291386133
test_run_3,173,2086.0,1.2204082342357196
test_run_3,174,2085.0,0.717683196125703
test_run_3,175,2084.0,0.5109268079926156
test_run_3,176,2083.0,0.47852413093210994
test_run_3,177,2082.0,0.7081446674113261
test_run_3,178,2081.0,0.558799873024841
test_run_3,179,2080.0,1.1130084732683148
test_run_3,180,2079.0,1.0839317328446971
test_run_3,181,2078.0,0.82139581061848
test_run_3,182,2077.0,0.6030953437484545
test_run_3,183,2076.0,1.2480696883466391
test_run_3,184,2075.0,0.5919680229816229
test_run_3,185,2074.0,0.3615986920337518
test_run_3,186,2073.0,0.5638198622794475
test_run_3,187,2072.0,0.7225991441534344
test_run_3,188,2071.0,0.7381910281493884
test_run_3,189,2070.0,0.6675956745376228
test_run_3,190,2069.0,0.766194271717682
test_run_3,191,2068.0,0.6048728018419016
test_run_3,192,2067.0,0.7308839412828223
test_run_3,193,2066.0,1.032512483179686
test_run_3,194,2065.0,0.7344353944317555
test_run_3,195,2064.0,0.7711381429049647
test_run_3,196,2063.0,0.7357765542057008
test_run_3,197,2062.0,0.6511152124860164
test_run_3,198,2061.0,0.8945596526894288
test_run_3,199,2060.0,0.4556888667015113
test_run_3,200,2059.0,0.7296980047328905
test_run_3,201,2058.0,0.9262346028482223
test_run_3,202,2057.0,0.9698385085344652
test_run_3,203,2056.0,0.7756098591216992
test_run_3,204,2055.0,0.8976094439601221
test_run_3,205,2054.0,0.7972865635837576
test_run_3,206,2053.0,0.643251358155301
test_run_3,207,2052.0,0.9543159387702295
test_run_3,208,2051.0,0.6443854129713886
test_run_3,209,2050.0,0.5534786394603042
test_run_3,210,2049.0,0.4884791951577318
test_run_3,211,2048.0,0.7727520700953695
test_run_3,212,2047.0,1.0747755649946105
test_run_3,213,2046.0,0.9790575474882927
test_run_3,214,2045.0,0.6462518054046573
test_run_3,215,2044.0,1.2313224952403894
test_run_3,216,2043.0,0.9129686491271676
test_run_3,217,2042.0,0.7561382544674725
test_run_3,218,2041.0,0.9932480533700083
test_run_3,219,2040.0,0.6446107418074157
test_run_3,220,2039.0,0.5988605630529891
test_run_3,221,2038.0,0.8295263947416395
test_run_3,222,2037.0,1.141336314737084
test_run_3,223,2036.0,0.8739857408124003
test_run_3,224,2035.0,0.8400734328250076
test_run_3,225,2034.0,0.5676398797675029
test_run_3,226,2033.0,0.9347673996302392
test_run_3,227,2032.0,0.8331304540918605
test_run_3,228,2031.0,0.8160602219109195
test_run_3,229,2030.0,1.0531041117880138
test_run_3,230,2029.0,0.701429262069523
test_run_3,231,2028.0,0.8405169235623051
test_run_3,232,2027.0,0.7242259123389461
test_run_3,233,2026.0,1.0024069631094652
test_run_3,234,2025.0,0.925038891214383
test_run_3,235,2024.0,0.9789599090669064
test_run_3,236,2023.0,0.8843085544985481
test_run_3,237,2022.0,0.5919497131050535
test_run_3,238,2021.0,0.8657106008107345
test_run_3,239,2020.0,0.9745846236188618
test_run_3,240,2019.0,0.771379176894595
test_run_3,241,2018.0,0.8957577118407762
test_run_3,242,2017.0,0.9121273835322175
test_run_3,243,2016.0,1.2063662159198576
test_run_3,244,2015.0,0.7092011222626865
test_run_3,245,2014.0,1.3622555098392923
test_run_3,246,2013.0,0.7035127883136862
test_run_3,247,2012.0,0.8056050517617269
test_run_3,248,2011.0,0.8271050865787217
test_run_3,249,2010.0,0.8261690651026152
test_run_3,250,2009.0,0.8251033086575006
test_run_3,251,2008.0,1.213138655246389
test_run_3,252,2007.0,1.0755042432279076
test_run_3,253,2006.0,1.1632643967121772
test_run_3,254,2005.0,0.842127152907133
test_run_3,255,2004.0,0.9930324814089424
test_run_3,256,2003.0,0.967709401916396
test_run_3,257,2002.0,0.6334045361122114
test_run_3,258,2001.0,0.8691005270861171
test_run_3,259,2000.0,0.7637395340204629
test_run_3,260,1999.0,1.05788175294785
test_run_3,261,1998.0,0.9316557183379695
test_run_3,262,1997.0,1.045129369977534
test_run_3,263,1996.0,0.9324283875783308
test_run_3,264,1995.0,1.3687485002627173
test_run_3,265,1994.0,1.206058794217474
test_run_3,266,1993.0,1.2285941783596226
test_run_3,267,1992.0,0.6336727489109223
test_run_3,268,1991.0,1.0566845693605322
test_run_3,269,1990.0,0.692815931790848
test_run_3,270,1989.0,0.7767815981493579
test_run_3,271,1988.0,1.168032385217856
test_run_3,272,1987.0,1.0523122389034805
test_run_3,273,1986.0,1.1742171957836485
test_run_3,274,1985.0,1.5010137101358214
test_run_3,275,1984.0,0.913565465817921
test_run_3,276,1983.0,0.9177710903202015
test_run_3,277,1982.0,1.1842621257369954
test_run_3,278,1981.0,0.8048474781991775
test_run_3,279,1980.0,1.2231320990318784
test_run_3,280,1979.0,1.4530084337365223
test_run_3,281,1978.0,0.8925219296468843
test_run_3,282,1977.0,0.927548871905131
test_run_3,283,1976.0,0.8375869423105791
test_run_3,284,1975.0,0.9469957859290483
test_run_3,285,1974.0,1.186428268747855
test_run_3,286,1973.0,0.9704302995839447
test_run_3,287,1972.0,1.2408374506804551
test_run_3,288,1971.0,1.3741235199641502
test_run_3,289,1970.0,1.116289618453501
test_run_3,290,1969.0,0.9407117488726795
test_run_3,291,1968.0,1.2285860073993229
test_run_3,292,1967.0,1.4540760030293256
test_run_3,293,1966.0,0.9780018247866368
test_run_3,294,1965.0,1.1450060825717179
test_run_3,295,1964.0,1.0816126601697658
test_run_3,296,1963.0,1.101081830776974
test_run_3,297,1962.0,0.7847212807074208
test_run_3,298,1961.0,1.418612121565484
test_run_3,299,1960.0,0.757426566588635
test_run_3,300,1959.0,1.2519938999805225
test_run_3,301,1958.0,1.3482010555043042
test_run_3,302,1957.0,1.6227274503195628
test_run_3,303,1956.0,0.8858657599064609
test_run_3,304,1955.0,1.2209435239075532
test_run_3,305,1954.0,1.2371149116509628
test_run_3,306,1953.0,1.6406954725910459
test_run_3,307,1952.0,1.202070903238615
test_run_3,308,1951.0,1.0824184305208808
test_run_3,309,1950.0,1.0539063499038774
test_run_3,310,1949.0,1.2554204656108938
test_run_3,311,1948.0,1.2176103799704943
test_run_3,312,1947.0,1.121293319179492
test_run_3,313,1946.0,0.8185327786186631
test_run_3,314,1945.0,1.3734355752966236
test_run_3,315,1944.0,1.1087119104741474
test_run_3,316,1943.0,1.094791162430185
test_run_3,317,1942.0,6.796702729455438
test_run_3,318,1941.0,1.2038482715713748
test_run_3,319,1940.0,1.1052594345398894
test_run_3,320,1939.0,1.091334631382328
test_run_3,321,1938.0,1.6548538124050207
test_run_3,322,1937.0,0.9668019285664023
test_run_3,323,1936.0,1.0888595642045338
test_run_3,324,1935.0,1.3209685730853624
test_run_3,325,1934.0,1.2683111052085971
test_run_3,326,1933.0,1.043913734529149
test_run_3,327,1932.0,1.364177683220485
test_run_3,328,1931.0,1.3144008823591615
test_run_3,329,1930.0,1.0934020454574016
test_run_3,330,1929.0,1.9507768747140595
test_run_3,331,1928.0,1.2095780710752342
test_run_3,332,1927.0,1.3333535782031967
test_run_3,333,1926.0,1.2739565048648451
test_run_3,334,1925.0,1.4858233326940393
test_run_3,335,1924.0,1.6211228172777665
test_run_3,336,1923.0,1.4165276850165998
test_run_3,337,1922.0,0.7846121512073385
test_run_3,338,1921.0,1.2491955600670615
test_run_3,339,1920.0,1.212502651875856
test_run_3,340,1919.0,1.063798667418272
test_run_3,341,1918.0,1.1859957407288348
test_run_3,342,1917.0,1.7740742829053464
test_run_3,343,1916.0,0.9501680630845047
test_run_3,344,1915.0,7.726378977332795
test_run_3,345,1914.0,1.390991211860792
test_run_3,346,1913.0,1.2505534578719169
test_run_3,347,1912.0,1.3000073019712979
test_run_3,348,1911.0,1.1151693334085542
test_run_3,349,1910.0,1.3218378950097098
test_run_3,350,1909.0,1.0608902991034797
test_run_3,351,1908.0,0.9583758899436363
test_run_3,352,1907.0,1.5570136372931285
test_run_3,353,1906.0,1.4391085655209581
test_run_3,354,1905.0,1.7005734012323603
test_run_3,355,1904.0,1.4417480826226934
test_run_3,356,1903.0,1.3555135743134157
test_run_3,357,1902.0,1.2067504548502699
test_run_3,358,1901.0,1.19495672840104
test_run_3,359,1900.0,1.334169487898053
test_run_3,360,1899.0,0.99539895222231
test_run_3,361,1898.0,1.1085736603131968
test_run_3,362,1897.0,1.4797413200896856
test_run_3,363,1896.0,1.2101016636161839
test_run_3,364,1895.0,1.5491219050285487
test_run_3,365,1894.0,1.5817066880032067
test_run_3,366,1893.0,1.1525220940389818
test_run_3,367,1892.0,1.4997807895197628
test_run_3,368,1891.0,1.561885591686449
test_run_3,369,1890.0,1.5758883516474198
test_run_3,370,1889.0,1.2657523633750698
test_run_3,371,1888.0,1.321759075023444
test_run_3,372,1887.0,1.4351969187119442
test_run_3,373,1886.0,1.2408437212661947
test_run_3,374,1885.0,1.8481229349856616
test_run_3,375,1884.0,1.2072217218540833
test_run_3,376,1883.0,1.5045270386528196
test_run_3,377,1882.0,1.9044544027789467
test_run_3,378,1881.0,1.626629472502748
test_run_3,379,1880.0,1.6577509828043646
test_run_3,380,1879.0,1.4751026022584486
test_run_3,381,1878.0,1.5217771920146441
test_run_3,382,1877.0,1.581453076938482
test_run_3,383,1876.0,1.0754528626573154
test_run_3,384,1875.0,1.0176577089641394
test_run_3,385,1874.0,1.6671961213095805
test_run_3,386,1873.0,1.6613683771470114
test_run_3,387,1872.0,1.2935705416508565
test_run_3,388,1871.0,1.7052557234425358
test_run_3,389,1870.0,1.3969908199434946
test_run_3,390,1869.0,1.5472722894790751
test_run_3,391,1868.0,1.3530234951704112
test_run_3,392,1867.0,2.030803023792191
test_run_3,393,1866.0,1.5518495779928725
test_run_3,394,1865.0,1.6898394479684644
test_run_3,395,1864.0,1.498764929736352
test_run_3,396,1863.0,1.6796088789083714
test_run_3,397,1862.0,1.416818359874675
test_run_3,398,1861.0,1.2023633948983379
test_run_3,399,1860.0,1.5575342620538937
test_run_3,400,1859.0,1.4607208461086947
test_run_3,401,1858.0,1.4720393099036007
test_run_3,402,1857.0,1.445444063362527
test_run_3,403,1856.0,1.0068621772411412
test_run_3,404,1855.0,1.596506964743669
test_run_3,405,1854.0,1.5049836149945115
test_run_3,406,1853.0,1.5482235204300485
test_run_3,407,1852.0,1.8894587384137
test_run_3,408,1851.0,1.1883623493812352
test_run_3,409,1850.0,1.2521288471691228
test_run_3,410,1849.0,1.3398941818645642
test_run_3,411,1848.0,1.3309800668520115
test_run_3,412,1847.0,1.1667536941754695
test_run_3,413,1846.0,1.1616757678536775
test_run_3,414,1845.0,1.1452969747971609
test_run_3,415,1844.0,2.02230678452719
test_run_3,416,1843.0,1.5722414684725092
test_run_3,417,1842.0,1.4407330769450715
test_run_3,418,1841.0,1.2972419363711611
test_run_3,419,1840.0,0.8745007386017452
test_run_3,420,1839.0,1.2777444407612726
test_run_3,421,1838.0,1.3548688657378531
test_run_3,422,1837.0,1.3681572540269409
test_run_3,423,1836.0,1.54860475852843
test_run_3,424,1835.0,1.6666572495097505
test_run_3,425,1834.0,1.9031643622510164
test_run_3,426,1833.0,1.4210028131987262
test_run_3,427,1832.0,1.8673905184947792
test_run_3,428,1831.0,1.0405557772888006
test_run_3,429,1830.0,1.133108437697438
test_run_3,430,1829.0,1.5292414850973894
test_run_3,431,1828.0,1.7257278260409508
test_run_3,432,1827.0,1.2968825831861808
test_run_3,433,1826.0,2.0895482824395057
test_run_3,434,1825.0,1.4631928511820456
test_run_3,435,1824.0,1.4030727234656435
test_run_3,436,1823.0,1.1605851242114749
test_run_3,437,1822.0,1.6337236842079836
test_run_3,438,1821.0,1.541382942828313
test_run_3,439,1820.0,1.7601534190407429
test_run_3,440,1819.0,1.5741441333075212
test_run_3,441,1818.0,1.860009604336898
test_run_3,442,1817.0,1.6308311655295717
test_run_3,443,1816.0,1.4612907836767655
test_run_3,444,1815.0,1.4407450208139536
test_run_3,445,1814.0,1.6405660361812058
test_run_3,446,1813.0,1.0304432013233975
test_run_3,447,1812.0,1.7991703222746296
test_run_3,448,1811.0,1.4968191067569627
test_run_3,449,1810.0,1.6718377668251905
test_run_3,450,1809.0,1.2184239081322912
test_run_3,451,1808.0,1.8799693461365692
test_run_3,452,1807.0,1.8398454712225427
test_run_3,453,1806.0,1.519766932899686
test_run_3,454,1805.0,1.3519469527859764
test_run_3,455,1804.0,1.4613556969820363
test_run_3,456,1803.0,1.4221037113732091
test_run_3,457,1802.0,1.2263666841311176
test_run_3,458,1801.0,1.5862557686229042
test_run_3,459,1800.0,1.3976876555314537
test_run_3,460,1799.0,1.7086860477411399
test_run_3,461,1798.0,1.8865043271380997
test_run_3,462,1797.0,1.6859116464810733
test_run_3,463,1796.0,1.3153694354785084
test_run_3,464,1795.0,1.442660387658199
test_run_3,465,1794.0,1.5966226694968537
test_run_3,466,1793.0,1.2053816983244654
test_run_3,467,1792.0,1.3030611403614691
test_run_3,468,1791.0,1.2855497922943866
test_run_3,469,1790.0,1.5365868559540274
test_run_3,470,1789.0,1.5525365095938768
test_run_3,471,1788.0,1.6652701873651534
test_run_3,472,1787.0,1.1967672724477303
test_run_3,473,1786.0,1.6733493246144566
test_run_3,474,1785.0,1.568858925937752
test_run_3,475,1784.0,1.9806030704563482
test_run_3,476,1783.0,1.0803396618469148
test_run_3,477,1782.0,1.471962620928598
test_run_3,478,1781.0,1.532574599572683
test_run_3,479,1780.0,1.5869196675134847
test_run_3,480,1779.0,1.5776371808308434
test_run_3,481,1778.0,1.956506135224518
test_run_3,482,1777.0,1.3039601314605662
test_run_3,483,1776.0,1.5846274850906459
test_run_3,484,1775.0,1.5740646721771214
test_run_3,485,1774.0,1.7589143348316187
test_run_3,486,1773.0,1.0863792850365617
test_run_3,487,1772.0,1.224406078617398
test_run_3,488,1771.0,1.3226827518347217
test_run_3,489,1770.0,1.4971984308919923
test_run_3,490,1769.0,1.354081312357044
test_run_3,491,1768.0,1.578837388028114
test_run_3,492,1767.0,1.5695219308618915
test_run_3,493,1766.0,1.3809772757127436
test_run_3,494,1765.0,1.6432290619173244
test_run_3,495,1764.0,1.5760643965635435
test_run_3,496,1763.0,1.3630287788023345
test_run_3,497,1762.0,1.3441143459229923
test_run_3,498,1761.0,1.463308906175082
test_run_3,499,1760.0,1.4477889745870436
test_run_3,500,1759.0,1.4475770265157575
test_run_3,501,1758.0,1.6908745589438823
test_run_3,502,1757.0,1.1741399580641723
test_run_3,503,1756.0,1.4419767190027097
test_run_3,504,1755.0,1.5649437189957616
test_run_3,505,1754.0,1.3748419593520675
test_run_3,506,1753.0,1.5463388839107477
test_run_3,507,1752.0,1.5287900746368144
test_run_3,508,1751.0,1.7000276647642036
test_run_3,509,1750.0,1.5602905689209607
test_run_3,510,1749.0,1.7229751327328375
test_run_3,511,1748.0,1.4853313735453701
test_run_3,512,1747.0,1.4911546865908236
test_run_3,513,1746.0,1.5786516515808764
test_run_3,514,1745.0,1.6227988946813454
test_run_3,515,1744.0,1.2911464376359414
test_run_3,516,1743.0,1.2454710335361663
test_run_3,517,1742.0,1.6499849335427559
test_run_3,518,1741.0,1.409111695250695
test_run_3,519,1740.0,2.635018297900602
test_run_3,520,1739.0,1.5909690756968018
test_run_3,521,1738.0,1.6322143186557998
test_run_3,522,1737.0,1.7664912883466681
test_run_3,523,1736.0,1.5637504072386914
test_run_3,524,1735.0,1.6376762897005868
test_run_3,525,1734.0,1.7835977571864194
test_run_3,526,1733.0,1.7490670680782352
test_run_3,527,1732.0,1.659950419636989
test_run_3,528,1731.0,3.3507815985420506
test_run_3,529,1730.0,1.8608166578795668
test_run_3,530,1729.0,1.7444937423100204
test_run_3,531,1728.0,1.589642347342277
test_run_3,532,1727.0,1.6022701847581202
test_run_3,533,1726.0,1.569201048429611
test_run_3,534,1725.0,1.3600689509429256
test_run_3,535,1724.0,1.494269683796443
test_run_3,536,1723.0,1.2427522533251836
test_run_3,537,1722.0,2.452460870106996
test_run_3,538,1721.0,1.4320873337713254
test_run_3,539,1720.0,1.3205704650729309
test_run_3,540,1719.0,1.4781078948937036
test_run_3,541,1718.0,1.1909820338335724
test_run_3,542,1717.0,1.4982064448508496
test_run_3,543,1716.0,1.4180298448809436
test_run_3,544,1715.0,1.799340764482063
test_run_3,545,1714.0,1.3273704056411726
test_run_3,546,1713.0,2.3069886228320855
test_run_3,547,1712.0,1.4066889479468474
test_run_3,548,1711.0,1.6457060784926578
test_run_3,549,1710.0,1.5507938766656757
test_run_3,550,1709.0,1.6251798877796095
test_run_3,551,1708.0,1.7786149602251615
test_run_3,552,1707.0,1.2035152954692476
test_run_3,553,1706.0,1.9061872127746802
test_run_3,554,1705.0,1.3535782542904797
test_run_3,555,1704.0,1.410384209832634
test_run_3,556,1703.0,1.5290801991696508
test_run_3,557,1702.0,1.6518917705003358
test_run_3,558,1701.0,1.444080996701846
test_run_3,559,1700.0,1.1909832484783631
test_run_3,560,1699.0,1.6578446417746107
test_run_3,561,1698.0,1.259408646952489
test_run_3,562,1697.0,1.1376651335130452
test_run_3,563,1696.0,1.7537230800017078
test_run_3,564,1695.0,1.5091268163275569
test_run_3,565,1694.0,2.06984040839576
test_run_3,566,1693.0,1.791121950711873
test_run_3,567,1692.0,1.755579728805733
test_run_3,568,1691.0,1.5390550590750196
test_run_3,569,1690.0,1.4639601378559308
test_run_3,570,1689.0,1.8314556369142074
test_run_3,571,1688.0,1.6059907179883068
test_run_3,572,1687.0,2.0181958847171684
test_run_3,573,1686.0,1.7548518528461607
test_run_3,574,1685.0,2.067698931050006
test_run_3,575,1684.0,1.679353036753114
test_run_3,576,1683.0,1.6009782316463141
test_run_3,577,1682.0,1.8105219116410556
test_run_3,578,1681.0,1.8004084756849275
test_run_3,579,1680.0,1.7102687949795936
test_run_3,580,1679.0,1.7310526392788113
test_run_3,581,1678.0,1.4941037130069899
test_run_3,582,1677.0,1.2257352752205872
test_run_3,583,1676.0,1.5790375592985826
test_run_3,584,1675.0,1.5374717777842801
test_run_3,585,1674.0,1.659845692105252
test_run_3,586,1673.0,1.4512063061725213
test_run_3,587,1672.0,1.7085123185393918
test_run_3,588,1671.0,1.8580707110412136
test_run_3,589,1670.0,1.6120606504077155
test_run_3,590,1669.0,1.530859897880559
test_run_3,591,1668.0,1.7658422060369385
test_run_3,592,1667.0,1.9179900639756045
test_run_3,593,1666.0,1.8200974613376768
test_run_3,594,1665.0,1.2996593105384644
test_run_3,595,1664.0,1.5228355446799178
test_run_3,596,1663.0,1.70110631968133
test_run_3,597,1662.0,1.873490169685398
test_run_3,598,1661.0,1.6179617770869281
test_run_3,599,1660.0,1.9944894349078317
test_run_3,600,1659.0,1.8368841250792802
test_run_3,601,1658.0,1.7104375359876918
test_run_3,602,1657.0,2.459059111154708
test_run_3,603,1656.0,1.6022988035824937
test_run_3,604,1655.0,2.2080670491720875
test_run_3,605,1654.0,1.6232274110442166
test_run_3,606,1653.0,1.8426655255082434
test_run_3,607,1652.0,1.7886437862586089
test_run_3,608,1651.0,1.836709370685488
test_run_3,609,1650.0,1.8463559342791633
test_run_3,610,1649.0,1.7552026565362908
test_run_3,611,1648.0,1.7068179571375346
test_run_3,612,1647.0,1.6945250053832737
test_run_3,613,1646.0,1.7950952217353957
test_run_3,614,1645.0,1.5474417746315794
test_run_3,615,1644.0,2.0879209797952107
test_run_3,616,1643.0,1.810994959364169
test_run_3,617,1642.0,1.9861744527080245
test_run_3,618,1641.0,2.0530395621031383
test_run_3,619,1640.0,1.5381476009627941
test_run_3,620,1639.0,1.7908039360121202
test_run_3,621,1638.0,1.8092780371427168
test_run_3,622,1637.0,1.7196707868832384
test_run_3,623,1636.0,2.262778483225408
test_run_3,624,1635.0,1.3961775147138913
test_run_3,625,1634.0,1.2992930263085365
test_run_3,626,1633.0,2.4796648234086773
test_run_3,627,1632.0,1.667379055920766
test_run_3,628,1631.0,2.0339449874981956
test_run_3,629,1630.0,1.4987927258620173
test_run_3,630,1629.0,1.7232269248950562
test_run_3,631,1628.0,2.0131716663292294
test_run_3,632,1627.0,1.8204862169436133
test_run_3,633,1626.0,1.7912366569137976
test_run_3,634,1625.0,1.7932008680841218
test_run_3,635,1624.0,1.9033377887582819
test_run_3,636,1623.0,1.7833674343797745
test_run_3,637,1622.0,1.9611472553137852
test_run_3,638,1621.0,2.3119332591128776
test_run_3,639,1620.0,1.7785558368019125
test_run_3,640,1619.0,1.5627139218992154
test_run_3,641,1618.0,1.7444661433204047
test_run_3,642,1617.0,1.7480380590579874
test_run_3,643,1616.0,1.3554537288459383
test_run_3,644,1615.0,1.6524555918519113
test_run_3,645,1614.0,1.5797111176722887
test_run_3,646,1613.0,1.7517097997898934
test_run_3,647,1612.0,1.4372139816353966
test_run_3,648,1611.0,1.8260375165636524
test_run_3,649,1610.0,1.9162704533004906
test_run_3,650,1609.0,1.5568469298844458
test_run_3,651,1608.0,1.5783998115606865
test_run_3,652,1607.0,2.358369866611892
test_run_3,653,1606.0,1.7666628029639984
test_run_3,654,1605.0,1.7542095309339878
test_run_3,655,1604.0,1.6149448848661934
test_run_3,656,1603.0,1.5802344948980696
test_run_3,657,1602.0,1.660098425803731
test_run_3,658,1601.0,1.7709836151198701
test_run_3,659,1600.0,1.8746950928794803
test_run_3,660,1599.0,1.341964310534434
test_run_3,661,1598.0,1.7877775322841305
test_run_3,662,1597.0,2.2911412585474524
test_run_3,663,1596.0,1.545021289535726
test_run_3,664,1595.0,1.8012861621399847
test_run_3,665,1594.0,2.6321457061133335
test_run_3,666,1593.0,1.648172495385793
test_run_3,667,1592.0,1.599142042017204
test_run_3,668,1591.0,2.107732297114289
test_run_3,669,1590.0,1.620011405280486
test_run_3,670,1589.0,1.5970435191265087
test_run_3,671,1588.0,1.7630636612595616
test_run_3,672,1587.0,1.5568704880467732
test_run_3,673,1586.0,1.7777361795996032
test_run_3,674,1585.0,1.8843493045531545
test_run_3,675,1584.0,1.6378466092837916
test_run_3,676,1583.0,1.5310075247840613
test_run_3,677,1582.0,1.5742516264763349
test_run_3,678,1581.0,1.4718025362852654
test_run_3,679,1580.0,1.8383032506405705
test_run_3,680,1579.0,1.9067455072842379
test_run_3,681,1578.0,1.8644092141422728
test_run_3,682,1577.0,2.460301279198676
test_run_3,683,1576.0,1.4136008404314868
test_run_3,684,1575.0,1.8721648897865037
test_run_3,685,1574.0,1.7762687658953074
test_run_3,686,1573.0,1.6908211676432536
test_run_3,687,1572.0,2.0286233075856357
test_run_3,688,1571.0,1.9655830712835787
test_run_3,689,1570.0,2.303020283600026
test_run_3,690,1569.0,1.8380686279307632
test_run_3,691,1568.0,2.5017244661323437
test_run_3,692,1567.0,1.716063820883735
test_run_3,693,1566.0,1.9916306119984601
test_run_3,694,1565.0,1.683663781431963
test_run_3,695,1564.0,2.1321603121547303
test_run_3,696,1563.0,1.5932056467123696
test_run_3,697,1562.0,1.875114632051443
test_run_3,698,1561.0,1.7467593623672648
test_run_3,699,1560.0,1.7524771350833326
test_run_3,700,1559.0,1.4216229555301985
test_run_3,701,1558.0,1.7924319443676406
test_run_3,702,1557.0,1.7556361651506343
test_run_3,703,1556.0,1.9043430985372276
test_run_3,704,1555.0,1.6981193485027695
test_run_3,705,1554.0,1.649799006850851
test_run_3,706,1553.0,1.7896433011032318
test_run_3,707,1552.0,1.8009191848825783
test_run_3,708,1551.0,1.846147607878756
test_run_3,709,1550.0,1.9337582427942699
test_run_3,710,1549.0,1.79493054364732
test_run_3,711,1548.0,1.5790999677542064
test_run_3,712,1547.0,5.234322388606241
test_run_3,713,1546.0,1.9450028925365639
test_run_3,714,1545.0,1.6270786976718008
test_run_3,715,1544.0,1.596092094872189
test_run_3,716,1543.0,1.9787160509892512
test_run_3,717,1542.0,1.8522154932703185
test_run_3,718,1541.0,1.8339031880943868
test_run_3,719,1540.0,1.8112404849952841
test_run_3,720,1539.0,1.6160732950052847
test_run_3,721,1538.0,2.464791937272376
test_run_3,722,1537.0,1.6245932983035178
test_run_3,723,1536.0,1.5211128900120172
test_run_3,724,1535.0,1.9036387134404997
test_run_3,725,1534.0,2.0128011696033687
test_run_3,726,1533.0,2.063998020767061
test_run_3,727,1532.0,1.675603528278049
test_run_3,728,1531.0,1.7791509223057325
test_run_3,729,1530.0,2.0335626997126224
test_run_3,730,1529.0,2.0026622088509782
test_run_3,731,1528.0,1.8153367287957665
test_run_3,732,1527.0,1.4594524674264957
test_run_3,733,1526.0,2.602442808823249
test_run_3,734,1525.0,1.8481777897108962
test_run_3,735,1524.0,1.9275444402765012
test_run_3,736,1523.0,1.8622647924511733
test_run_3,737,1522.0,2.0650366162645115
test_run_3,738,1521.0,2.00750035794379
test_run_3,739,1520.0,1.95496601335874
test_run_3,740,1519.0,2.015430193385414
test_run_3,741,1518.0,1.790068420343894
test_run_3,742,1517.0,2.5524590560490856
test_run_3,743,1516.0,1.4051304462550358
test_run_3,744,1515.0,1.554585877119487
test_run_3,745,1514.0,1.7904291267856531
test_run_3,746,1513.0,1.9834006744777093
test_run_3,747,1512.0,2.033573838526597
test_run_3,748,1511.0,1.797617787751404
test_run_3,749,1510.0,1.8597073936809139
test_run_3,750,1509.0,1.6629696278607304
test_run_3,751,1508.0,2.049012642769612
test_run_3,752,1507.0,1.8034221427097872
test_run_3,753,1506.0,1.9806658824856704
test_run_3,754,1505.0,2.1700968128971287
test_run_3,755,1504.0,1.5984282195738928
test_run_3,756,1503.0,1.643051029814707
test_run_3,757,1502.0,1.8454049095064016
test_run_3,758,1501.0,2.0287159856980965
test_run_3,759,1500.0,1.9673971393059773
test_run_3,760,1499.0,1.9027152102940736
test_run_3,761,1498.0,1.7787005325414338
test_run_3,762,1497.0,1.4601194349728488
test_run_3,763,1496.0,1.7985411174680521
test_run_3,764,1495.0,1.822546678291453
test_run_3,765,1494.0,3.0786290527500335
test_run_3,766,1493.0,2.11563889029326
test_run_3,767,1492.0,1.9170017519942433
test_run_3,768,1491.0,1.4532598690927583
test_run_3,769,1490.0,2.0480365080669545
test_run_3,770,1489.0,1.9216337007073068
test_run_3,771,1488.0,1.9837041845566077
test_run_3,772,1487.0,1.7886622956661236
test_run_3,773,1486.0,1.651047711578197
test_run_3,774,1485.0,1.6836545146854607
test_run_3,775,1484.0,1.9049675250250364
test_run_3,776,1483.0,1.682429881518339
test_run_3,777,1482.0,1.6282834221396372
test_run_3,778,1481.0,1.665649443606649
test_run_3,779,1480.0,1.7601082879864205
test_run_3,780,1479.0,1.718041740261714
test_run_3,781,1478.0,1.778313228719077
test_run_3,782,1477.0,2.491334455551006
test_run_3,783,1476.0,1.7622121991124176
test_run_3,784,1475.0,1.720544665418227
test_run_3,785,1474.0,1.8537862246687873
test_run_3,786,1473.0,1.8200355709359246
test_run_3,787,1472.0,1.7338181941776862
test_run_3,788,1471.0,1.6601933002788596
test_run_3,789,1470.0,1.8048588683686155
test_run_3,790,1469.0,1.919832512110474
test_run_3,791,1468.0,1.7769804925583745
test_run_3,792,1467.0,1.953832919712169
test_run_3,793,1466.0,1.5989299017585092
test_run_3,794,1465.0,1.9281441195659934
test_run_3,795,1464.0,1.6172908859231794
test_run_3,796,1463.0,1.6780022735452402
test_run_3,797,1462.0,1.8540640646449724
test_run_3,798,1461.0,2.354562332314853
test_run_3,799,1460.0,1.9736348130902734
test_run_3,800,1459.0,1.8822033465880241
test_run_3,801,1458.0,1.7414662656833753
test_run_3,802,1457.0,1.8161686383694995
test_run_3,803,1456.0,1.696342304684809
test_run_3,804,1455.0,1.6287866544075045
test_run_3,805,1454.0,1.6962299798381797
test_run_3,806,1453.0,1.9169603515145828
test_run_3,807,1452.0,1.9108126535882863
test_run_3,808,1451.0,1.6654127819662166
test_run_3,809,1450.0,1.7775400455865413
test_run_3,810,1449.0,1.503337487975719
test_run_3,811,1448.0,1.7465101336635953
test_run_3,812,1447.0,1.9265770199892747
test_run_3,813,1446.0,1.8113157829905369
test_run_3,814,1445.0,1.6943316544095104
test_run_3,815,1444.0,1.7746198037653158
test_run_3,816,1443.0,1.6942199964394853
test_run_3,817,1442.0,1.8258521672239105
test_run_3,818,1441.0,1.8777718891473942
test_run_3,819,1440.0,1.5732585556654937
test_run_3,820,1439.0,1.7450640756264701
test_run_3,821,1438.0,2.7333046760013033
test_run_3,822,1437.0,1.8313655400390398
test_run_3,823,1436.0,1.7603642481394186
test_run_3,824,1435.0,1.5748937288029499
test_run_3,825,1434.0,2.1470334920984047
test_run_3,826,1433.0,1.6858575986487978
test_run_3,827,1432.0,1.841653996483942
test_run_3,828,1431.0,2.601956154978721
test_run_3,829,1430.0,2.098915716496341
test_run_3,830,1429.0,1.8818068585084489
test_run_3,831,1428.0,2.0647535414884657
test_run_3,832,1427.0,1.9522301257367718
test_run_3,833,1426.0,2.006344632839502
test_run_3,834,1425.0,1.7721078608109793
test_run_3,835,1424.0,1.8572093702261951
test_run_3,836,1423.0,2.3743748139847294
test_run_3,837,1422.0,1.9550056963787092
test_run_3,838,1421.0,2.1542997692072516
test_run_3,839,1420.0,1.7846195950112704
test_run_3,840,1419.0,1.9751566566011636
test_run_3,841,1418.0,1.799623996549012
test_run_3,842,1417.0,2.034198294558269
test_run_3,843,1416.0,1.9407995018642565
test_run_3,844,1415.0,1.8159158399185624
test_run_3,845,1414.0,2.022757229124416
test_run_3,846,1413.0,1.6013621636477744
test_run_3,847,1412.0,2.4278526888089815
test_run_3,848,1411.0,2.7572212254796167
test_run_3,849,1410.0,1.9816482190203175
test_run_3,850,1409.0,1.6663510080706483
test_run_3,851,1408.0,1.758528613961483
test_run_3,852,1407.0,1.9438196926245177
test_run_3,853,1406.0,2.003164495077532
test_run_3,854,1405.0,1.6873358012745137
test_run_3,855,1404.0,1.8792812303462565
test_run_3,856,1403.0,2.4197324862852247
test_run_3,857,1402.0,2.35311579385757
test_run_3,858,1401.0,2.4616642029401308
test_run_3,859,1400.0,2.4614483052365728
test_run_3,860,1399.0,2.2017732382985367
test_run_3,861,1398.0,1.734733832029144
test_run_3,862,1397.0,2.097895250778392
test_run_3,863,1396.0,3.527873858234263
test_run_3,864,1395.0,2.68832576870211
test_run_3,865,1394.0,1.67471017860472
test_run_3,866,1393.0,1.8185518895177175
test_run_3,867,1392.0,1.9216665776939632
test_run_3,868,1391.0,1.7635730000750023
test_run_3,869,1390.0,2.1776066491236916
test_run_3,870,1389.0,2.396096225501032
test_run_3,871,1388.0,3.8617993732933535
test_run_3,872,1387.0,2.220031445727839
test_run_3,873,1386.0,2.0246874758070263
test_run_3,874,1385.0,1.9105871749400045
test_run_3,875,1384.0,2.061343097358196
test_run_3,876,1383.0,1.7509651240788737
test_run_3,877,1382.0,2.229997913918969
test_run_3,878,1381.0,1.776773186240002
test_run_3,879,1380.0,1.5913363053370835
test_run_3,880,1379.0,2.8951622616936312
test_run_3,881,1378.0,1.574395360836233
test_run_3,882,1377.0,2.2196184217624375
test_run_3,883,1376.0,3.0578081508047403
test_run_3,884,1375.0,2.2074101011934126
test_run_3,885,1374.0,2.144007752281961
test_run_3,886,1373.0,2.0270659260950694
test_run_3,887,1372.0,3.1376594609589206
test_run_3,888,1371.0,2.0362312357340917
test_run_3,889,1370.0,1.9914035323414034
test_run_3,890,1369.0,3.0956101564521936
test_run_3,891,1368.0,1.7612210610461374
test_run_3,892,1367.0,2.022599588983573
test_run_3,893,1366.0,2.7022823553320117
test_run_3,894,1365.0,2.620985180971824
test_run_3,895,1364.0,2.028669703260663
test_run_3,896,1363.0,1.7288810556755745
test_run_3,897,1362.0,2.7072548709180415
test_run_3,898,1361.0,2.9020162784805117
test_run_3,899,1360.0,2.0597084172825486
test_run_3,900,1359.0,1.9074952932664346
test_run_3,901,1358.0,1.9589755320818352
test_run_3,902,1357.0,1.6209063375660917
test_run_3,903,1356.0,1.9467534426148994
test_run_3,904,1355.0,3.223409614500845
test_run_3,905,1354.0,2.7615893679487495
test_run_3,906,1353.0,2.074999308949863
test_run_3,907,1352.0,1.465063766548467
test_run_3,908,1351.0,2.024800759684887
test_run_3,909,1350.0,2.0220507884825993
test_run_3,910,1349.0,2.321875148865561
test_run_3,911,1348.0,3.151959456159866
test_run_3,912,1347.0,2.839322732254883
test_run_3,913,1346.0,2.6147924223236645
test_run_3,914,1345.0,2.0807766138553454
test_run_3,915,1344.0,2.1684068067908178
test_run_3,916,1343.0,2.685763856116979
test_run_3,917,1342.0,1.8890490619937317
test_run_3,918,1341.0,2.597099722080528
test_run_3,919,1340.0,2.023848368041604
test_run_3,920,1339.0,3.1544074988022284
test_run_3,921,1338.0,1.4729125179794536
test_run_3,922,1337.0,2.06163115076616
test_run_3,923,1336.0,2.4710078004019116
test_run_3,924,1335.0,1.9555039180590235
test_run_3,925,1334.0,1.8039720960141774
test_run_3,926,1333.0,2.5080397323912136
test_run_3,927,1332.0,1.5567835625478883
test_run_3,928,1331.0,2.4478212298829662
test_run_3,929,1330.0,1.590668639432923
test_run_3,930,1329.0,2.4037998448953966
test_run_3,931,1328.0,2.5122501035699054
test_run_3,932,1327.0,3.6701384304488407
test_run_3,933,1326.0,2.1765107762649762
test_run_3,934,1325.0,2.236686476959055
test_run_3,935,1324.0,2.057259628164275
test_run_3,936,1323.0,1.8819866503655511
test_run_3,937,1322.0,3.184216873895685
test_run_3,938,1321.0,2.4759059679330546
test_run_3,939,1320.0,1.8697641153899336
test_run_3,940,1319.0,1.8378814476865375
test_run_3,941,1318.0,1.625147967443207
test_run_3,942,1317.0,2.278247468407849
test_run_3,943,1316.0,2.3554861921885357
test_run_3,944,1315.0,3.1652890253456603
test_run_3,945,1314.0,2.819204181174701
test_run_3,946,1313.0,1.8036115921158697
test_run_3,947,1312.0,1.909465890554041
test_run_3,948,1311.0,1.64926928423952
test_run_3,949,1310.0,2.2635621165362356
test_run_3,950,1309.0,2.2408543657556192
test_run_3,951,1308.0,2.0382100252684916
test_run_3,952,1307.0,1.5650906468668595
test_run_3,953,1306.0,3.0192373974574127
test_run_3,954,1305.0,2.1429951947924817
test_run_3,955,1304.0,3.6578399565491493
test_run_3,956,1303.0,2.2717705618835247
test_run_3,957,1302.0,3.00665274169828
test_run_3,958,1301.0,2.417401949340383
test_run_3,959,1300.0,2.269176230010811
test_run_3,960,1299.0,2.095717480511199
test_run_3,961,1298.0,4.251767482758729
test_run_3,962,1297.0,2.107256211661108
test_run_3,963,1296.0,2.7702707998665685
test_run_3,964,1295.0,2.2509448345371728
test_run_3,965,1294.0,3.9966200738845465
test_run_3,966,1293.0,2.3002415943138215
test_run_3,967,1292.0,2.536566419866094
test_run_3,968,1291.0,1.8988687735396836
test_run_3,969,1290.0,1.9334807089719184
test_run_3,970,1289.0,1.8283754972848407
test_run_3,971,1288.0,1.8790449009549284
test_run_3,972,1287.0,1.447796965461468
test_run_3,973,1286.0,1.6754447944150577
test_run_3,974,1285.0,1.9089919311060144
test_run_3,975,1284.0,2.974340248602861
test_run_3,976,1283.0,2.268284640322663
test_run_3,977,1282.0,2.7423563540948974
test_run_3,978,1281.0,2.18733553450005
test_run_3,979,1280.0,2.0716965176571325
test_run_3,980,1279.0,1.8413075043512854
test_run_3,981,1278.0,4.333631881541621
test_run_3,982,1277.0,2.890932412509742
test_run_3,983,1276.0,3.7826261168490234
test_run_3,984,1275.0,1.9838441866208705
test_run_3,985,1274.0,1.7878827846380763
test_run_3,986,1273.0,2.2540394583114
test_run_3,987,1272.0,2.095124298697925
test_run_3,988,1271.0,2.303053743620593
test_run_3,989,1270.0,2.3891361295774094
test_run_3,990,1269.0,2.2608327105497206
test_run_3,991,1268.0,2.3277363843004757
test_run_3,992,1267.0,2.298888132044834
test_run_3,993,1266.0,2.248530244763173
test_run_3,994,1265.0,3.7117596784455147
test_run_3,995,1264.0,2.700170349950184
test_run_3,996,1263.0,1.9373529007056827
test_run_3,997,1262.0,1.5095150044987737
test_run_3,998,1261.0,2.6747615526977118
test_run_3,999,1260.0,2.2082808904484024
test_run_3,1000,1259.0,1.6940029631301994
test_run_3,1001,1258.0,1.908646509923754
test_run_3,1002,1257.0,3.2339707940626248
test_run_3,1003,1256.0,1.8432747686035789
test_run_3,1004,1255.0,1.679722418112568
test_run_3,1005,1254.0,2.8710780310229302
test_run_3,1006,1253.0,2.026750247304588
test_run_3,1007,1252.0,2.039587321057314
test_run_3,1008,1251.0,1.9939575616574223
test_run_3,1009,1250.0,1.9104096483479622
test_run_3,1010,1249.0,4.804186389457896
test_run_3,1011,1248.0,1.794469753803655
test_run_3,1012,1247.0,3.566640255557092
test_run_3,1013,1246.0,1.8695002202440414
test_run_3,1014,1245.0,2.6097534273887844
test_run_3,1015,1244.0,2.1756892488586703
test_run_3,1016,1243.0,1.9870242277790802
test_run_3,1017,1242.0,2.3458765384290627
test_run_3,1018,1241.0,1.8467616894980954
test_run_3,1019,1240.0,3.79672502777604
test_run_3,1020,1239.0,3.4825919931241565
test_run_3,1021,1238.0,5.044956397636268
test_run_3,1022,1237.0,3.3410702699939585
test_run_3,1023,1236.0,2.243930750743128
test_run_3,1024,1235.0,1.4183305900026588
test_run_3,1025,1234.0,3.4691812301374307
test_run_3,1026,1233.0,2.606956291900483
test_run_3,1027,1232.0,3.0709802791866005
test_run_3,1028,1231.0,3.512926974313578
test_run_3,1029,1230.0,3.3271979226764943
test_run_3,1030,1229.0,1.6452090540327806
test_run_3,1031,1228.0,2.4162245241038627
test_run_3,1032,1227.0,3.8965571674037016
test_run_3,1033,1226.0,3.3584265681507866
test_run_3,1034,1225.0,1.680291320495207
test_run_3,1035,1224.0,3.4885910683218015
test_run_3,1036,1223.0,3.738634851261261
test_run_3,1037,1222.0,2.3362810017537683
test_run_3,1038,1221.0,3.039780319036997
test_run_3,1039,1220.0,2.664838986860919
test_run_3,1040,1219.0,3.3104107422314755
test_run_3,1041,1218.0,4.428926626320643
test_run_3,1042,1217.0,3.507274699321826
test_run_3,1043,1216.0,2.1732925447321434
test_run_3,1044,1215.0,4.8499348979302415
test_run_3,1045,1214.0,1.5243128970617763
test_run_3,1046,1213.0,2.9322321786584835
test_run_3,1047,1212.0,2.9079586988840243
test_run_3,1048,1211.0,3.4094245438528525
test_run_3,1049,1210.0,2.8167546689376057
test_run_3,1050,1209.0,1.9552896907102038
test_run_3,1051,1208.0,3.066772836685399
test_run_3,1052,1207.0,2.126735641671784
test_run_3,1053,1206.0,2.0162978410231993
test_run_3,1054,1205.0,2.8350834320285516
test_run_3,1055,1204.0,3.0867273199767937
test_run_3,1056,1203.0,3.11309761607767
test_run_3,1057,1202.0,3.6267767343085415
test_run_3,1058,1201.0,3.823119749284724
test_run_3,1059,1200.0,3.0230447306307835
test_run_3,1060,1199.0,2.7436813702370078
test_run_3,1061,1198.0,3.2029953794026502
test_run_3,1062,1197.0,3.7692953846745554
test_run_3,1063,1196.0,3.174361750409998
test_run_3,1064,1195.0,4.867113979421601
test_run_3,1065,1194.0,2.7612871976419173
test_run_3,1066,1193.0,2.870551292378959
test_run_3,1067,1192.0,1.4370658572639639
test_run_3,1068,1191.0,5.464824933037458
test_run_3,1069,1190.0,2.825225857555927
test_run_3,1070,1189.0,2.889276919677728
test_run_3,1071,1188.0,4.032877994822086
test_run_3,1072,1187.0,3.2903788322923146
test_run_3,1073,1186.0,3.785171506988212
test_run_3,1074,1185.0,2.939550302884938
test_run_3,1075,1184.0,3.0678873649910487
test_run_3,1076,1183.0,2.2633844647643935
test_run_3,1077,1182.0,4.665465287563341
test_run_3,1078,1181.0,4.822971529255025
test_run_3,1079,1180.0,2.1619709710297936
test_run_3,1080,1179.0,3.765224860206197
test_run_3,1081,1178.0,4.3503188102393535
test_run_3,1082,1177.0,2.5413422942958515
test_run_3,1083,1176.0,3.0608152824690054
test_run_3,1084,1175.0,3.1375041678600333
test_run_3,1085,1174.0,3.1686221090432527
test_run_3,1086,1173.0,2.9387707188634407
test_run_3,1087,1172.0,3.437088202069215
test_run_3,1088,1171.0,3.5805718096528714
test_run_3,1089,1170.0,3.271562622419487
test_run_3,1090,1169.0,3.5080419606443924
test_run_3,1091,1168.0,2.7293269944378244
test_run_3,1092,1167.0,1.6157037516218495
test_run_3,1093,1166.0,2.2659354315867337
test_run_3,1094,1165.0,2.546575632627024
test_run_3,1095,1164.0,3.2962537510409513
test_run_3,1096,1163.0,4.178703641254132
test_run_3,1097,1162.0,3.656440686558574
test_run_3,1098,1161.0,2.99299553275893
test_run_3,1099,1160.0,3.0920570311293627
test_run_3,1100,1159.0,3.6771681589428438
test_run_3,1101,1158.0,2.5797811916146918
test_run_3,1102,1157.0,2.331642332241804
test_run_3,1103,1156.0,3.006078322713169
test_run_3,1104,1155.0,3.6078721322910043
test_run_3,1105,1154.0,4.07260922090258
test_run_3,1106,1153.0,3.781237190750256
test_run_3,1107,1152.0,4.54686294185171
test_run_3,1108,1151.0,5.354158968343321
test_run_3,1109,1150.0,3.7254985097150906
test_run_3,1110,1149.0,5.055403052283891
test_run_3,1111,1148.0,2.992389640740955
test_run_3,1112,1147.0,3.753327192935251
test_run_3,1113,1146.0,3.2739147790212426
test_run_3,1114,1145.0,4.372366429363096
test_run_3,1115,1144.0,2.3879821797101206
test_run_3,1116,1143.0,2.4805566452511743
test_run_3,1117,1142.0,2.940411088853256
test_run_3,1118,1141.0,2.4064951585854577
test_run_3,1119,1140.0,2.528886219001812
test_run_3,1120,1139.0,2.764212707975887
test_run_3,1121,1138.0,1.9354306568607877
test_run_3,1122,1137.0,3.4882851613777035
test_run_3,1123,1136.0,5.037548276171721
test_run_3,1124,1135.0,3.05667334521908
test_run_3,1125,1134.0,3.3088052874831773
test_run_3,1126,1133.0,4.748590929168984
test_run_3,1127,1132.0,2.3696131215937113
test_run_3,1128,1131.0,3.5654657212214254
test_run_3,1129,1130.0,3.4835085111426367
test_run_3,1130,1129.0,3.0976168468312375
test_run_3,1131,1128.0,4.210820356791669
test_run_3,1132,1127.0,2.9283382033003633
test_run_3,1133,1126.0,2.2410493819137285
test_run_3,1134,1125.0,2.5751953768226556
test_run_3,1135,1124.0,1.8587009657127975
test_run_3,1136,1123.0,2.7018051385735817
test_run_3,1137,1122.0,3.7198512820148686
test_run_3,1138,1121.0,2.3694132502373257
test_run_3,1139,1120.0,2.150725436126664
test_run_3,1140,1119.0,3.3915297398427215
test_run_3,1141,1118.0,1.930101458826605
test_run_3,1142,1117.0,3.000253366131775
test_run_3,1143,1116.0,4.249684671087459
test_run_3,1144,1115.0,2.2025008291975796
test_run_3,1145,1114.0,2.630876475199268
test_run_3,1146,1113.0,3.6147326250540317
test_run_3,1147,1112.0,5.894627817855207
test_run_3,1148,1111.0,3.8472151149957012
test_run_3,1149,1110.0,4.969891184287624
test_run_3,1150,1109.0,4.5825628212008676
test_run_3,1151,1108.0,5.214749748575739
test_run_3,1152,1107.0,3.158901568931521
test_run_3,1153,1106.0,3.322751699146905
test_run_3,1154,1105.0,2.630829452621895
test_run_3,1155,1104.0,4.948942469347016
test_run_3,1156,1103.0,3.181311738714411
test_run_3,1157,1102.0,3.7278772690186273
test_run_3,1158,1101.0,4.795179991967395
test_run_3,1159,1100.0,2.9449873675483746
test_run_3,1160,1099.0,4.3708027001301675
test_run_3,1161,1098.0,4.948708169794408
test_run_3,1162,1097.0,2.0860693900920095
test_run_3,1163,1096.0,2.9834714675409635
test_run_3,1164,1095.0,5.310183761178022
test_run_3,1165,1094.0,2.854233056657125
test_run_3,1166,1093.0,4.597947556926313
test_run_3,1167,1092.0,3.8716769967929565
test_run_3,1168,1091.0,2.858536934043473
test_run_3,1169,1090.0,2.7333609584371117
test_run_3,1170,1089.0,4.124168161143218
test_run_3,1171,1088.0,4.769169526584825
test_run_3,1172,1087.0,5.15602934389364
test_run_3,1173,1086.0,5.0288697141969045
test_run_3,1174,1085.0,4.275036322555033
test_run_3,1175,1084.0,2.627503206264665
test_run_3,1176,1083.0,2.1933498124844846
test_run_3,1177,1082.0,6.034718304739024
test_run_3,1178,1081.0,4.039076067203142
test_run_3,1179,1080.0,3.5214598311497367
test_run_3,1180,1079.0,4.877771342579202
test_run_3,1181,1078.0,4.198328223693883
test_run_3,1182,1077.0,4.47894016374275
test_run_3,1183,1076.0,5.084167252708751
test_run_3,1184,1075.0,3.330226494054165
test_run_3,1185,1074.0,4.9749229023233115
test_run_3,1186,1073.0,4.5830264865868475
test_run_3,1187,1072.0,3.4986138693444744
test_run_3,1188,1071.0,5.896951284070924
test_run_3,1189,1070.0,3.650851411462633
test_run_3,1190,1069.0,5.711288544258735
test_run_3,1191,1068.0,6.223230881196515
test_run_3,1192,1067.0,5.22677798708993
test_run_3,1193,1066.0,6.732511204843066
test_run_3,1194,1065.0,4.5377335480514915
test_run_3,1195,1064.0,5.295429375329471
test_run_3,1196,1063.0,4.894422829588309
test_run_3,1197,1062.0,4.952822085537614
test_run_3,1198,1061.0,4.1975506916599015
test_run_3,1199,1060.0,4.6394284463920314
test_run_3,1200,1059.0,5.368132305322881
test_run_3,1201,1058.0,3.408269116861844
test_run_3,1202,1057.0,4.61232851482662
test_run_3,1203,1056.0,3.2518045323566627
test_run_3,1204,1055.0,4.252775520543478
test_run_3,1205,1054.0,5.618312315097846
test_run_3,1206,1053.0,5.599556542583096
test_run_3,1207,1052.0,4.328622647923153
test_run_3,1208,1051.0,3.903672501775765
test_run_3,1209,1050.0,6.132038135201557
test_run_3,1210,1049.0,4.6219349920672395
test_run_3,1211,1048.0,7.281861279262307
test_run_3,1212,1047.0,5.780567769008984
test_run_3,1213,1046.0,4.892791092802081
test_run_3,1214,1045.0,5.922051335564592
test_run_3,1215,1044.0,4.427422693828504
test_run_3,1216,1043.0,3.640910470499306
test_run_3,1217,1042.0,6.439570871032258
test_run_3,1218,1041.0,3.662664006924829
test_run_3,1219,1040.0,4.1085274676891235
test_run_3,1220,1039.0,7.4985200052298255
test_run_3,1221,1038.0,5.977075515784734
test_run_3,1222,1037.0,3.2956725108250025
test_run_3,1223,1036.0,6.333974934799872
test_run_3,1224,1035.0,5.407265755877484
test_run_3,1225,1034.0,4.659874872432765
test_run_3,1226,1033.0,3.2563843137212642
test_run_3,1227,1032.0,5.624535242956184
test_run_3,1228,1031.0,4.05033361667666
test_run_3,1229,1030.0,5.7180396598420975
test_run_3,1230,1029.0,5.7078230626173605
test_run_3,1231,1028.0,3.9230390219919435
test_run_3,1232,1027.0,6.7962547927589485
test_run_3,1233,1026.0,6.756899193007818
test_run_3,1234,1025.0,4.852452836859851
test_run_3,1235,1024.0,4.273103305627349
test_run_3,1236,1023.0,4.590369038780277
test_run_3,1237,1022.0,4.53956439584766
test_run_3,1238,1021.0,6.19248790683457
test_run_3,1239,1020.0,3.729670416354751
test_run_3,1240,1019.0,6.451969338031174
test_run_3,1241,1018.0,6.542724109456562
test_run_3,1242,1017.0,4.96307153799744
test_run_3,1243,1016.0,6.1167751413884925
test_run_3,1244,1015.0,5.01060441685387
test_run_3,1245,1014.0,5.699062804391228
test_run_3,1246,1013.0,5.235841711766704
test_run_3,1247,1012.0,6.134478220892582
test_run_3,1248,1011.0,6.076954799999269
test_run_3,1249,1010.0,4.374720658045354
test_run_3,1250,1009.0,7.263639813051759
test_run_3,1251,1008.0,7.484723786324301
test_run_3,1252,1007.0,4.22689429114169
test_run_3,1253,1006.0,7.075010559604012
test_run_3,1254,1005.0,5.090535462070742
test_run_3,1255,1004.0,4.91937486482289
test_run_3,1256,1003.0,6.845883334961767
test_run_3,1257,1002.0,5.5593231119956785
test_run_3,1258,1001.0,4.695404684895839
test_run_3,1259,1000.0,4.8429020257866
test_run_3,1260,999.0,7.091826746994222
test_run_3,1261,998.0,5.767916988888952
test_run_3,1262,997.0,3.1139313870571828
test_run_3,1263,996.0,4.216517310183169
test_run_3,1264,995.0,5.463621061603684
test_run_3,1265,994.0,4.859153192148286
test_run_3,1266,993.0,7.219625304195427
test_run_3,1267,992.0,6.848827067823561
test_run_3,1268,991.0,5.306201120856852
test_run_3,1269,990.0,4.788647305846548
test_run_3,1270,989.0,5.137377250836745
test_run_3,1271,988.0,5.829491731676354
test_run_3,1272,987.0,6.906579680710186
test_run_3,1273,986.0,5.386130285401874
test_run_3,1274,985.0,5.377459934608749
test_run_3,1275,984.0,3.8164842282940157
test_run_3,1276,983.0,3.873549309870969
test_run_3,1277,982.0,4.396378229469117
test_run_3,1278,981.0,5.835757746095625
test_run_3,1279,980.0,6.110661245624689
test_run_3,1280,979.0,5.249535568496648
test_run_3,1281,978.0,6.478228248655348
test_run_3,1282,977.0,4.7308775716621145
test_run_3,1283,976.0,4.9956310425432395
test_run_3,1284,975.0,5.47201189776799
test_run_3,1285,974.0,4.602216918149724
test_run_3,1286,973.0,7.178990726014868
test_run_3,1287,972.0,4.724145109247599
test_run_3,1288,971.0,6.562975797979601
test_run_3,1289,970.0,3.411117760439982
test_run_3,1290,969.0,4.6546055999874785
test_run_3,1291,968.0,4.607963527813593
test_run_3,1292,967.0,4.699132917128854
test_run_3,1293,966.0,4.881613533101634
test_run_3,1294,965.0,4.377242403263166
test_run_3,1295,964.0,5.790970991662208
test_run_3,1296,963.0,5.30223722677347
test_run_3,1297,962.0,3.868368638793341
test_run_3,1298,961.0,5.3214018470092075
test_run_3,1299,960.0,5.6786816516782945
test_run_3,1300,959.0,4.101283845374791
test_run_3,1301,958.0,5.5304973774698905
test_run_3,1302,957.0,4.134805325405397
test_run_3,1303,956.0,6.638961800395398
test_run_3,1304,955.0,4.607228640759782
test_run_3,1305,954.0,6.298910154993119
test_run_3,1306,953.0,4.363421599931796
test_run_3,1307,952.0,5.067143195770681
test_run_3,1308,951.0,4.961468584040343
test_run_3,1309,950.0,5.403181138710632
test_run_3,1310,949.0,7.554243270265775
test_run_3,1311,948.0,5.594267219053831
test_run_3,1312,947.0,7.251708614400528
test_run_3,1313,946.0,6.100435070814133
test_run_3,1314,945.0,4.042320578816483
test_run_3,1315,944.0,4.704344806865952
test_run_3,1316,943.0,6.152917114054806
test_run_3,1317,942.0,3.60715443402202
test_run_3,1318,941.0,6.338714314073011
test_run_3,1319,940.0,5.712735641745974
test_run_3,1320,939.0,4.37406908117057
test_run_3,1321,938.0,6.2142714096437
test_run_3,1322,937.0,5.828194869776358
test_run_3,1323,936.0,4.670489044754838
test_run_3,1324,935.0,4.406960125932722
test_run_3,1325,934.0,6.165347466371939
test_run_3,1326,933.0,5.190692485911665
test_run_3,1327,932.0,6.841069123342551
test_run_3,1328,931.0,6.989079353254461
test_run_3,1329,930.0,6.1610468554165845
test_run_3,1330,929.0,6.055959466106516
test_run_3,1331,928.0,5.848174129278293
test_run_3,1332,927.0,5.191618221910577
test_run_3,1333,926.0,4.955227869720417
test_run_3,1334,925.0,4.777199664430848
test_run_3,1335,924.0,4.676829250489655
test_run_3,1336,923.0,4.6128358160591905
test_run_3,1337,922.0,6.587119988393238
test_run_3,1338,921.0,5.8305673206821504
test_run_3,1339,920.0,5.7811922619766545
test_run_3,1340,919.0,5.612019279079265
test_run_3,1341,918.0,5.033271708653443
test_run_3,1342,917.0,5.34445108222426
test_run_3,1343,916.0,4.4909769157776
test_run_3,1344,915.0,5.878156785445844
test_run_3,1345,914.0,6.287888669130147
test_run_3,1346,913.0,5.426465023993276
test_run_3,1347,912.0,5.626362623935969
test_run_3,1348,911.0,5.819332498088759
test_run_3,1349,910.0,3.9427974773435737
test_run_3,1350,909.0,6.380105075151291
test_run_3,1351,908.0,5.4210147120287235
test_run_3,1352,907.0,5.343523800041616
test_run_3,1353,906.0,4.968690993530178
test_run_3,1354,905.0,5.3634642983570675
test_run_3,1355,904.0,5.737643919774683
test_run_3,1356,903.0,6.465397837853274
test_run_3,1357,902.0,6.351545173517209
test_run_3,1358,901.0,4.651256654850952
test_run_3,1359,900.0,5.0947504359086375
test_run_3,1360,899.0,5.934889094942148
test_run_3,1361,898.0,4.7066863397324745
test_run_3,1362,897.0,4.905541506300432
test_run_3,1363,896.0,9.022348002114805
test_run_3,1364,895.0,6.108310295726936
test_run_3,1365,894.0,4.925028763338683
test_run_3,1366,893.0,5.010298100560705
test_run_3,1367,892.0,4.6235942280485895
test_run_3,1368,891.0,5.812011845468755
test_run_3,1369,890.0,4.092053809007901
test_run_3,1370,889.0,4.371973416842897
test_run_3,1371,888.0,4.671956273119876
test_run_3,1372,887.0,4.094837492632238
test_run_3,1373,886.0,7.8230203299192995
test_run_3,1374,885.0,5.0570750413556675
test_run_3,1375,884.0,5.97042463495696
test_run_3,1376,883.0,5.414288788641336
test_run_3,1377,882.0,7.8349988390154355
test_run_3,1378,881.0,4.06453721448515
test_run_3,1379,880.0,4.507094304397848
test_run_3,1380,879.0,5.057718202651779
test_run_3,1381,878.0,7.450498892680782
test_run_3,1382,877.0,4.867908668389102
test_run_3,1383,876.0,4.986699598354832
test_run_3,1384,875.0,3.8694049138813194
test_run_3,1385,874.0,4.0234494018072855
test_run_3,1386,873.0,5.717129422211713
test_run_3,1387,872.0,5.570703401959214
test_run_3,1388,871.0,4.906310634532694
test_run_3,1389,870.0,5.127339673001819
test_run_3,1390,869.0,4.7156735967524614
test_run_3,1391,868.0,4.381065129031859
test_run_3,1392,867.0,3.6548597765239954
test_run_3,1393,866.0,3.9853265862092817
test_run_3,1394,865.0,5.201783055613211
test_run_3,1395,864.0,4.736690693952072
test_run_3,1396,863.0,4.211818433522034
test_run_3,1397,862.0,5.4020305456051245
test_run_3,1398,861.0,3.6560849429576665
test_run_3,1399,860.0,4.620870526691279
test_run_3,1400,859.0,5.073743464932237
test_run_3,1401,858.0,4.221698718374879
test_run_3,1402,857.0,3.8079908816570387
test_run_3,1403,856.0,4.481409796367023
test_run_3,1404,855.0,5.406050520448891
test_run_3,1405,854.0,6.462117980724744
test_run_3,1406,853.0,6.442545525711776
test_run_3,1407,852.0,4.726886504179129
test_run_3,1408,851.0,6.038624281671884
test_run_3,1409,850.0,5.351632072790567
test_run_3,1410,849.0,5.939753467961582
test_run_3,1411,848.0,4.726123121835884
test_run_3,1412,847.0,4.406300434908653
test_run_3,1413,846.0,3.822203447225548
test_run_3,1414,845.0,6.381071040369031
test_run_3,1415,844.0,3.7581674418939017
test_run_3,1416,843.0,6.124961028978264
test_run_3,1417,842.0,5.775997878075882
test_run_3,1418,841.0,5.041170622621137
test_run_3,1419,840.0,4.4570048995531195
test_run_3,1420,839.0,3.7246406561607963
test_run_3,1421,838.0,5.191157539247344
test_run_3,1422,837.0,3.915553174952328
test_run_3,1423,836.0,4.601401531369963
test_run_3,1424,835.0,5.190324878607521
test_run_3,1425,834.0,5.201686575001508
test_run_3,1426,833.0,4.885307224722786
test_run_3,1427,832.0,5.584987029919389
test_run_3,1428,831.0,4.32290863491522
test_run_3,1429,830.0,4.470329727782461
test_run_3,1430,829.0,6.634739242466113
test_run_3,1431,828.0,3.2968015182748567
test_run_3,1432,827.0,4.136808926564652
test_run_3,1433,826.0,4.199150645003781
test_run_3,1434,825.0,6.628723047582653
test_run_3,1435,824.0,4.906700483549021
test_run_3,1436,823.0,2.768370842384509
test_run_3,1437,822.0,5.851963373181916
test_run_3,1438,821.0,6.087946953026574
test_run_3,1439,820.0,5.472326416593548
test_run_3,1440,819.0,6.223142629751876
test_run_3,1441,818.0,6.813238156823071
test_run_3,1442,817.0,5.398532132564332
test_run_3,1443,816.0,5.454519501070164
test_run_3,1444,815.0,6.4672506996427
test_run_3,1445,814.0,4.187529623280101
test_run_3,1446,813.0,6.902379312721571
test_run_3,1447,812.0,5.681374887426958
test_run_3,1448,811.0,5.437558658663859
test_run_3,1449,810.0,4.71964560463469
test_run_3,1450,809.0,4.334119879964275
test_run_3,1451,808.0,5.966653481608205
test_run_3,1452,807.0,4.41590948040677
test_run_3,1453,806.0,3.0557748872723107
test_run_3,1454,805.0,4.69207578732536
test_run_3,1455,804.0,4.2560724157397
test_run_3,1456,803.0,5.462678468643891
test_run_3,1457,802.0,5.58973073539199
test_run_3,1458,801.0,4.703886536643778
test_run_3,1459,800.0,6.0755830196241
test_run_3,1460,799.0,5.049093232907947
test_run_3,1461,798.0,3.822486870351473
test_run_3,1462,797.0,3.9031117094845706
test_run_3,1463,796.0,4.890994504248344
test_run_3,1464,795.0,4.8880134296664375
test_run_3,1465,794.0,2.004332468208162
test_run_3,1466,793.0,6.008156089856205
test_run_3,1467,792.0,4.929180731543308
test_run_3,1468,791.0,4.823114337722954
test_run_3,1469,790.0,4.282703729532143
test_run_3,1470,789.0,5.469113235264893
test_run_3,1471,788.0,5.696514927756512
test_run_3,1472,787.0,5.2864268764131825
test_run_3,1473,786.0,5.035915750717968
test_run_3,1474,785.0,7.198551468665561
test_run_3,1475,784.0,3.695771624649312
test_run_3,1476,783.0,5.855704725096539
test_run_3,1477,782.0,6.857784924119978
test_run_3,1478,781.0,4.945411809631253
test_run_3,1479,780.0,5.226075388915687
test_run_3,1480,779.0,5.6812842656807865
test_run_3,1481,778.0,5.930977650824287
test_run_3,1482,777.0,5.333509167315698
test_run_3,1483,776.0,4.59090678548657
test_run_3,1484,775.0,5.229029985687097
test_run_3,1485,774.0,4.562846698189423
test_run_3,1486,773.0,5.641719307405071
test_run_3,1487,772.0,6.7911729379296535
test_run_3,1488,771.0,7.26749748536435
test_run_3,1489,770.0,4.422288651685437
test_run_3,1490,769.0,4.605987483858784
test_run_3,1491,768.0,4.2400888594035955
test_run_3,1492,767.0,4.537429923791207
test_run_3,1493,766.0,4.7459183697834275
test_run_3,1494,765.0,3.7565480923275336
test_run_3,1495,764.0,4.716444295462623
test_run_3,1496,763.0,3.7764457134367246
test_run_3,1497,762.0,5.207112235236297
test_run_3,1498,761.0,4.46246495456815
test_run_3,1499,760.0,4.604230328597492
test_run_3,1500,759.0,6.7726757696741515
test_run_3,1501,758.0,4.506633030463673
test_run_3,1502,757.0,3.9064468797972536
test_run_3,1503,756.0,4.947644513648588
test_run_3,1504,755.0,5.284256171940806
test_run_3,1505,754.0,4.5397708002684665
test_run_3,1506,753.0,6.779568833578786
test_run_3,1507,752.0,4.440280843281529
test_run_3,1508,751.0,6.37773941589786
test_run_3,1509,750.0,3.782157075591148
test_run_3,1510,749.0,5.95812076252534
test_run_3,1511,748.0,5.65496090474682
test_run_3,1512,747.0,2.6694250427374517
test_run_3,1513,746.0,6.918573971649067
test_run_3,1514,745.0,5.200038941310542
test_run_3,1515,744.0,4.426060740021613
test_run_3,1516,743.0,4.7282252547559915
test_run_3,1517,742.0,4.921620001182835
test_run_3,1518,741.0,4.197658440667691
test_run_3,1519,740.0,4.225224442357978
test_run_3,1520,739.0,5.80528188416148
test_run_3,1521,738.0,3.250617002713038
test_run_3,1522,737.0,6.168587700238022
test_run_3,1523,736.0,5.422434088956587
test_run_3,1524,735.0,4.185176940154617
test_run_3,1525,734.0,6.719379556941066
test_run_3,1526,733.0,4.0272439165343314
test_run_3,1527,732.0,5.577552757282543
test_run_3,1528,731.0,5.4550291990937385
test_run_3,1529,730.0,4.819926734228941
test_run_3,1530,729.0,4.581470151885366
test_run_3,1531,728.0,6.943018104468029
test_run_3,1532,727.0,5.974236023915556
test_run_3,1533,726.0,5.116750804795703
test_run_3,1534,725.0,4.242395776643897
test_run_3,1535,724.0,4.62005129581941
test_run_3,1536,723.0,5.727757488595622
test_run_3,1537,722.0,5.33851109909394
test_run_3,1538,721.0,5.747243150313897
test_run_3,1539,720.0,5.0311506043056635
test_run_3,1540,719.0,5.022570683392667
test_run_3,1541,718.0,8.268169552653207
test_run_3,1542,717.0,7.395360206739457
test_run_3,1543,716.0,5.082740935835774
test_run_3,1544,715.0,4.342316925930239
test_run_3,1545,714.0,6.075722802921768
test_run_3,1546,713.0,5.863745260384401
test_run_3,1547,712.0,5.459449298671489
test_run_3,1548,711.0,3.8778449548204037
test_run_3,1549,710.0,4.8775703242030914
test_run_3,1550,709.0,5.161730574816229
test_run_3,1551,708.0,4.791358814664209
test_run_3,1552,707.0,5.015259091884449
test_run_3,1553,706.0,4.379188421983165
test_run_3,1554,705.0,5.586886549353527
test_run_3,1555,704.0,4.719632749947855
test_run_3,1556,703.0,3.9235993941118834
test_run_3,1557,702.0,5.622155724617694
test_run_3,1558,701.0,3.780714166787127
test_run_3,1559,700.0,6.481032258769915
test_run_3,1560,699.0,5.633893052160966
test_run_3,1561,698.0,4.8400893370847395
test_run_3,1562,697.0,6.050415818128986
test_run_3,1563,696.0,5.3070050756175995
test_run_3,1564,695.0,5.594159735260998
test_run_3,1565,694.0,4.176436732346801
test_run_3,1566,693.0,6.462202660708267
test_run_3,1567,692.0,4.342500939454803
test_run_3,1568,691.0,7.049514727428695
test_run_3,1569,690.0,8.73953374368854
test_run_3,1570,689.0,6.552334485840957
test_run_3,1571,688.0,5.97850263969191
test_run_3,1572,687.0,7.246950438452633
test_run_3,1573,686.0,5.531673961585589
test_run_3,1574,685.0,6.7450340575128225
test_run_3,1575,684.0,5.949275653409956
test_run_3,1576,683.0,6.36066394447076
test_run_3,1577,682.0,6.129515278449441
test_run_3,1578,681.0,4.616741660244158
test_run_3,1579,680.0,7.37799846474948
test_run_3,1580,679.0,4.796706350526094
test_run_3,1581,678.0,4.539513811309589
test_run_3,1582,677.0,4.291319713428782
test_run_3,1583,676.0,5.4629448188013345
test_run_3,1584,675.0,6.860178822003062
test_run_3,1585,674.0,4.424650855237789
test_run_3,1586,673.0,4.951467800922058
test_run_3,1587,672.0,8.615875010961002
test_run_3,1588,671.0,4.420293405347613
test_run_3,1589,670.0,6.945394517920245
test_run_3,1590,669.0,6.3432427270885485
test_run_3,1591,668.0,5.373670639669598
test_run_3,1592,667.0,4.268188146783337
test_run_3,1593,666.0,3.947547786893123
test_run_3,1594,665.0,4.239212311414345
test_run_3,1595,664.0,4.595839318410954
test_run_3,1596,663.0,4.576633079214433
test_run_3,1597,662.0,5.929351643091153
test_run_3,1598,661.0,4.820824731226169
test_run_3,1599,660.0,4.196439724691434
test_run_3,1600,659.0,3.7411072482784604
test_run_3,1601,658.0,3.9050495955452185
test_run_3,1602,657.0,5.916974410951661
test_run_3,1603,656.0,4.7387201626638955
test_run_3,1604,655.0,5.659582126295098
test_run_3,1605,654.0,7.42743168820156
test_run_3,1606,653.0,4.928379919500652
test_run_3,1607,652.0,4.285936112614754
test_run_3,1608,651.0,4.324026817611427
test_run_3,1609,650.0,3.343500778109354
test_run_3,1610,649.0,5.507203775092726
test_run_3,1611,648.0,4.874830234820057
test_run_3,1612,647.0,5.031067184476315
test_run_3,1613,646.0,5.780428477568092
test_run_3,1614,645.0,6.674653577954312
test_run_3,1615,644.0,5.968992798358297
test_run_3,1616,643.0,5.99611245950642
test_run_3,1617,642.0,6.730501316027761
test_run_3,1618,641.0,5.3811295507182395
test_run_3,1619,640.0,5.943176369740794
test_run_3,1620,639.0,7.3823019253880275
test_run_3,1621,638.0,4.798149212740339
test_run_3,1622,637.0,3.6516840360399967
test_run_3,1623,636.0,4.857667219334667
test_run_3,1624,635.0,6.1706593160846435
test_run_3,1625,634.0,5.209324292505798
test_run_3,1626,633.0,4.715484884312806
test_run_3,1627,632.0,4.569186429078374
test_run_3,1628,631.0,6.005552030346431
test_run_3,1629,630.0,3.2471945535119184
test_run_3,1630,629.0,6.200696820196827
test_run_3,1631,628.0,5.637398557651716
test_run_3,1632,627.0,6.208846567524681
test_run_3,1633,626.0,4.99708916420807
test_run_3,1634,625.0,3.91324072261724
test_run_3,1635,624.0,5.457068043857616
test_run_3,1636,623.0,3.6400637740987114
test_run_3,1637,622.0,5.479857502165583
test_run_3,1638,621.0,4.846029131878906
test_run_3,1639,620.0,5.29222621663019
test_run_3,1640,619.0,5.152648077979619
test_run_3,1641,618.0,6.984859418604432
test_run_3,1642,617.0,4.8956992569485696
test_run_3,1643,616.0,4.661719818413845
test_run_3,1644,615.0,5.2924264644560575
test_run_3,1645,614.0,4.120954961296897
test_run_3,1646,613.0,6.327095199153026
test_run_3,1647,612.0,4.30571387078868
test_run_3,1648,611.0,5.255787380327549
test_run_3,1649,610.0,4.802407866079723
test_run_3,1650,609.0,4.995788406572031
test_run_3,1651,608.0,5.02379664441064
test_run_3,1652,607.0,4.592877578726181
test_run_3,1653,606.0,4.726128923705741
test_run_3,1654,605.0,5.996559136036461
test_run_3,1655,604.0,6.219082594092624
test_run_3,1656,603.0,5.755546098789848
test_run_3,1657,602.0,6.26448977349479
test_run_3,1658,601.0,4.280090954065532
test_run_3,1659,600.0,5.191764783571662
test_run_3,1660,599.0,3.296446009341672
test_run_3,1661,598.0,4.281665250033426
test_run_3,1662,597.0,3.415620203976001
test_run_3,1663,596.0,5.175818098053272
test_run_3,1664,595.0,5.178138127331639
test_run_3,1665,594.0,5.460803221279932
test_run_3,1666,593.0,4.390758376121371
test_run_3,1667,592.0,4.861821241407141
test_run_3,1668,591.0,6.889349776171545
test_run_3,1669,590.0,6.498635464867623
test_run_3,1670,589.0,5.531049968022565
test_run_3,1671,588.0,4.104460109397349
test_run_3,1672,587.0,5.5112978097478145
test_run_3,1673,586.0,5.663636622311184
test_run_3,1674,585.0,3.718635628342679
test_run_3,1675,584.0,4.628457822227974
test_run_3,1676,583.0,4.336944692110274
test_run_3,1677,582.0,8.05448248616667
test_run_3,1678,581.0,4.068784360135226
test_run_3,1679,580.0,3.2614470214526285
test_run_3,1680,579.0,4.061063182181167
test_run_3,1681,578.0,4.438829803168901
test_run_3,1682,577.0,5.19850003154177
test_run_3,1683,576.0,4.537548209403045
test_run_3,1684,575.0,5.412966294193831
test_run_3,1685,574.0,5.313183734103147
test_run_3,1686,573.0,5.711531969601068
test_run_3,1687,572.0,3.2574381530299403
test_run_3,1688,571.0,4.350900031182666
test_run_3,1689,570.0,4.856049712314623
test_run_3,1690,569.0,4.0322573478846495
test_run_3,1691,568.0,4.09049639515868
test_run_3,1692,567.0,5.4572632088282065
test_run_3,1693,566.0,4.147448278947191
test_run_3,1694,565.0,3.4989822044430356
test_run_3,1695,564.0,3.788150594377644
test_run_3,1696,563.0,3.3579001386860936
test_run_3,1697,562.0,5.263079422883674
test_run_3,1698,561.0,6.3563751309679395
test_run_3,1699,560.0,4.357174009739245
test_run_3,1700,559.0,3.4012865829156937
test_run_3,1701,558.0,4.486620827916128
test_run_3,1702,557.0,3.9754908445348436
test_run_3,1703,556.0,6.303535144483719
test_run_3,1704,555.0,3.759260376285193
test_run_3,1705,554.0,3.422633363868725
test_run_3,1706,553.0,3.3651380381845457
test_run_3,1707,552.0,4.959777694485353
test_run_3,1708,551.0,4.581293455184977
test_run_3,1709,550.0,6.606587827886426
test_run_3,1710,549.0,4.858159363860211
test_run_3,1711,548.0,3.351738876397767
test_run_3,1712,547.0,3.5610216388840117
test_run_3,1713,546.0,6.279642529489371
test_run_3,1714,545.0,4.922825108196723
test_run_3,1715,544.0,4.556643953664706
test_run_3,1716,543.0,4.826229529412026
test_run_3,1717,542.0,4.1280002881724664
test_run_3,1718,541.0,6.133722222768781
test_run_3,1719,540.0,3.542574212867245
test_run_3,1720,539.0,6.217234172766034
test_run_3,1721,538.0,6.352696313512907
test_run_3,1722,537.0,4.359273688496527
test_run_3,1723,536.0,4.336742727933617
test_run_3,1724,535.0,6.545824142096949
test_run_3,1725,534.0,5.533440877311189
test_run_3,1726,533.0,4.732893958255748
test_run_3,1727,532.0,5.372421025989476
test_run_3,1728,531.0,3.742925098380595
test_run_3,1729,530.0,4.204771633688576
test_run_3,1730,529.0,6.038724259531268
test_run_3,1731,528.0,7.415853227831768
test_run_3,1732,527.0,6.562757765802286
test_run_3,1733,526.0,4.68135737463641
test_run_3,1734,525.0,5.793845753927121
test_run_3,1735,524.0,5.4077885460885184
test_run_3,1736,523.0,5.237081134845937
test_run_3,1737,522.0,5.840144679976651
test_run_3,1738,521.0,4.569401059854581
test_run_3,1739,520.0,5.559210959456997
test_run_3,1740,519.0,4.835037695042463
test_run_3,1741,518.0,5.0217269767562325
test_run_3,1742,517.0,5.800077436520494
test_run_3,1743,516.0,6.557683248247637
test_run_3,1744,515.0,5.4825706528457685
test_run_3,1745,514.0,5.031876190316083
test_run_3,1746,513.0,5.118885827296637
test_run_3,1747,512.0,5.864561757922275
test_run_3,1748,511.0,5.436591055687662
test_run_3,1749,510.0,5.439075184166012
test_run_3,1750,509.0,5.639432974377088
test_run_3,1751,508.0,5.6753268612750825
test_run_3,1752,507.0,7.354014648036854
test_run_3,1753,506.0,6.115934290531294
test_run_3,1754,505.0,5.60641578751157
test_run_3,1755,504.0,4.7773275155257675
test_run_3,1756,503.0,5.030104222987027
test_run_3,1757,502.0,4.74894979731924
test_run_3,1758,501.0,5.984913184042144
test_run_3,1759,500.0,7.3248629279744835
test_run_3,1760,499.0,7.455062396212504
test_run_3,1761,498.0,5.021546502485007
test_run_3,1762,497.0,6.09647789505569
test_run_3,1763,496.0,4.9071603365279985
test_run_3,1764,495.0,4.4261073729145
test_run_3,1765,494.0,3.805689014962888
test_run_3,1766,493.0,5.832900999977069
test_run_3,1767,492.0,4.721829827721802
test_run_3,1768,491.0,4.113192229595172
test_run_3,1769,490.0,4.0668454061137185
test_run_3,1770,489.0,5.006387291965832
test_run_3,1771,488.0,4.548573818171426
test_run_3,1772,487.0,5.83644808837534
test_run_3,1773,486.0,4.528324573695641
test_run_3,1774,485.0,4.873814630040581
test_run_3,1775,484.0,5.972965179959187
test_run_3,1776,483.0,6.223295517634472
test_run_3,1777,482.0,5.430437306528844
test_run_3,1778,481.0,5.878605284367991
test_run_3,1779,480.0,4.661900308816913
test_run_3,1780,479.0,6.114302668140184
test_run_3,1781,478.0,5.125127905718619
test_run_3,1782,477.0,4.836615260072565
test_run_3,1783,476.0,6.691066403744148
test_run_3,1784,475.0,5.099076601731216
test_run_3,1785,474.0,5.421544987232719
test_run_3,1786,473.0,6.38061484846356
test_run_3,1787,472.0,5.402113629489298
test_run_3,1788,471.0,6.390788501117489
test_run_3,1789,470.0,5.749703746602395
test_run_3,1790,469.0,5.940988926082012
test_run_3,1791,468.0,4.26866923939989
test_run_3,1792,467.0,6.7699043639399274
test_run_3,1793,466.0,3.8775194829600585
test_run_3,1794,465.0,5.756921249835075
test_run_3,1795,464.0,5.322247872788171
test_run_3,1796,463.0,4.780928538882657
test_run_3,1797,462.0,4.432995871793741
test_run_3,1798,461.0,6.02065969327405
test_run_3,1799,460.0,8.378526233521056
test_run_3,1800,459.0,4.133148826741069
test_run_3,1801,458.0,5.2848182178125915
test_run_3,1802,457.0,7.561740067048623
test_run_3,1803,456.0,5.464854070934814
test_run_3,1804,455.0,5.305050882887652
test_run_3,1805,454.0,6.032678813506761
test_run_3,1806,453.0,6.542915458104157
test_run_3,1807,452.0,5.567501516771088
test_run_3,1808,451.0,4.57612266497042
test_run_3,1809,450.0,4.971500991737111
test_run_3,1810,449.0,5.673834098191448
test_run_3,1811,448.0,7.627413674642442
test_run_3,1812,447.0,5.173878785055965
test_run_3,1813,446.0,8.673360994924412
test_run_3,1814,445.0,7.638570997664784
test_run_3,1815,444.0,6.491541736010177
test_run_3,1816,443.0,6.925077855529345
test_run_3,1817,442.0,6.7491321650376905
test_run_3,1818,441.0,6.280351087851861
test_run_3,1819,440.0,5.995187421624241
test_run_3,1820,439.0,5.658034353299902
test_run_3,1821,438.0,5.398059365270293
test_run_3,1822,437.0,5.442447152333982
test_run_3,1823,436.0,6.503833261936504
test_run_3,1824,435.0,6.864935104874538
test_run_3,1825,434.0,5.404307541484209
test_run_3,1826,433.0,6.794852955325313
test_run_3,1827,432.0,4.706499834933856
test_run_3,1828,431.0,5.054022133901174
test_run_3,1829,430.0,6.032229766558716
test_run_3,1830,429.0,6.192852115262896
test_run_3,1831,428.0,5.7513249531061055
test_run_3,1832,427.0,3.9969189182347007
test_run_3,1833,426.0,4.848118612727762
test_run_3,1834,425.0,4.172031026408801
test_run_3,1835,424.0,5.532124540242024
test_run_3,1836,423.0,6.1054805189988075
test_run_3,1837,422.0,5.035328214742387
test_run_3,1838,421.0,4.5301256952930435
test_run_3,1839,420.0,6.494623994034869
test_run_3,1840,419.0,5.088752000323493
test_run_3,1841,418.0,6.189156045723233
test_run_3,1842,417.0,5.290214688737967
test_run_3,1843,416.0,4.969450685554282
test_run_3,1844,415.0,4.726987960029765
test_run_3,1845,414.0,5.329820442362947
test_run_3,1846,413.0,4.300575932437201
test_run_3,1847,412.0,5.4186031945935085
test_run_3,1848,411.0,4.260743531291206
test_run_3,1849,410.0,4.392806748941279
test_run_3,1850,409.0,3.444437273413846
test_run_3,1851,408.0,6.274785013710991
test_run_3,1852,407.0,6.0422849102051295
test_run_3,1853,406.0,6.215819965448474
test_run_3,1854,405.0,5.784076090529576
test_run_3,1855,404.0,5.457805061069446
test_run_3,1856,403.0,4.264937015023587
test_run_3,1857,402.0,6.567300250205167
test_run_3,1858,401.0,5.180085586045057
test_run_3,1859,400.0,3.39494373334698
test_run_3,1860,399.0,5.037158147692287
test_run_3,1861,398.0,4.4707756790820445
test_run_3,1862,397.0,5.987831064826658
test_run_3,1863,396.0,3.3560612449706655
test_run_3,1864,395.0,4.041429837064256
test_run_3,1865,394.0,3.973687784667933
test_run_3,1866,393.0,4.606244441235228
test_run_3,1867,392.0,4.439991858796941
test_run_3,1868,391.0,6.452439589404383
test_run_3,1869,390.0,4.530753887166695
test_run_3,1870,389.0,5.073857131308872
test_run_3,1871,388.0,4.6234225115400065
test_run_3,1872,387.0,6.623575091790289
test_run_3,1873,386.0,6.050554082986034
test_run_3,1874,385.0,6.000147615187901
test_run_3,1875,384.0,6.813661418983753
test_run_3,1876,383.0,4.107235757621185
test_run_3,1877,382.0,5.4418944086923435
test_run_3,1878,381.0,4.2519862027062825
test_run_3,1879,380.0,9.370124214880319
test_run_3,1880,379.0,7.278100851506629
test_run_3,1881,378.0,4.989777844954682
test_run_3,1882,377.0,5.0770042189062785
test_run_3,1883,376.0,5.380317491383001
test_run_3,1884,375.0,6.638236055899531
test_run_3,1885,374.0,6.568907919943845
test_run_3,1886,373.0,5.956616517472662
test_run_3,1887,372.0,4.795678628498395
test_run_3,1888,371.0,6.287172309980655
test_run_3,1889,370.0,5.825732225993738
test_run_3,1890,369.0,6.686034254283996
test_run_3,1891,368.0,4.964620162659225
test_run_3,1892,367.0,4.494842500163431
test_run_3,1893,366.0,4.82898466192901
test_run_3,1894,365.0,5.510980434151572
test_run_3,1895,364.0,5.433466310156539
test_run_3,1896,363.0,3.9141207752291196
test_run_3,1897,362.0,4.412977386390856
test_run_3,1898,361.0,4.541097892943066
test_run_3,1899,360.0,9.54127596050495
test_run_3,1900,359.0,4.169495470714243
test_run_3,1901,358.0,5.699071423389439
test_run_3,1902,357.0,5.209621239343152
test_run_3,1903,356.0,4.739518972255338
test_run_3,1904,355.0,5.683989936243757
test_run_3,1905,354.0,6.885448113021539
test_run_3,1906,353.0,5.052935912809723
test_run_3,1907,352.0,7.186692243585652
test_run_3,1908,351.0,7.121841383895548
test_run_3,1909,350.0,8.450265400679728
test_run_3,1910,349.0,4.446366489286741
test_run_3,1911,348.0,6.079050153583199
test_run_3,1912,347.0,6.036741326469233
test_run_3,1913,346.0,6.7116676846254695
test_run_3,1914,345.0,5.511729093197813
test_run_3,1915,344.0,6.242890303483961
test_run_3,1916,343.0,6.735665177116138
test_run_3,1917,342.0,5.154962931760993
test_run_3,1918,341.0,7.823006648750699
test_run_3,1919,340.0,5.45837000269702
test_run_3,1920,339.0,5.585624386366916
test_run_3,1921,338.0,6.011101306072335
test_run_3,1922,337.0,5.049696637974687
test_run_3,1923,336.0,7.081255489322848
test_run_3,1924,335.0,4.300977833296355
test_run_3,1925,334.0,6.450712006469476
test_run_3,1926,333.0,5.189285066165035
test_run_3,1927,332.0,5.290973386471272
test_run_3,1928,331.0,6.698854438419117
test_run_3,1929,330.0,6.142504622445085
test_run_3,1930,329.0,5.980163841837328
test_run_3,1931,328.0,6.809616417674086
test_run_3,1932,327.0,4.060230031960424
test_run_3,1933,326.0,4.50980532078035
test_run_3,1934,325.0,5.584178104222385
test_run_3,1935,324.0,4.065670716203484
test_run_3,1936,323.0,4.6202574207510985
test_run_3,1937,322.0,5.999968646086998
test_run_3,1938,321.0,5.317599638931901
test_run_3,1939,320.0,6.592907568668845
test_run_3,1940,319.0,6.9658789934864345
test_run_3,1941,318.0,5.498234123717951
test_run_3,1942,317.0,5.935121410517071
test_run_3,1943,316.0,4.516396427179249
test_run_3,1944,315.0,4.643711673225045
test_run_3,1945,314.0,6.229502692733577
test_run_3,1946,313.0,4.5192193163099255
test_run_3,1947,312.0,4.028684325752078
test_run_3,1948,311.0,5.6715032097649365
test_run_3,1949,310.0,3.2475554080222215
test_run_3,1950,309.0,5.781162611649497
test_run_3,1951,308.0,5.528866047831548
test_run_3,1952,307.0,6.389371293161028
test_run_3,1953,306.0,3.671316212510385
test_run_3,1954,305.0,7.361739222190008
test_run_3,1955,304.0,6.165623016597058
test_run_3,1956,303.0,4.0456138516963325
test_run_3,1957,302.0,5.642531901061639
test_run_3,1958,301.0,5.5409995708220965
test_run_3,1959,300.0,5.408977006971342
test_run_3,1960,299.0,7.075487285885643
test_run_3,1961,298.0,7.765929874490827
test_run_3,1962,297.0,5.9156811775139735
test_run_3,1963,296.0,6.3272070155966835
test_run_3,1964,295.0,4.531348854681961
test_run_3,1965,294.0,6.079238245651492
test_run_3,1966,293.0,5.301126455659306
test_run_3,1967,292.0,7.564786084071517
test_run_3,1968,291.0,5.429426807773361
test_run_3,1969,290.0,6.71037802660089
test_run_3,1970,289.0,3.6342014791764767
test_run_3,1971,288.0,8.537123832076944
test_run_3,1972,287.0,5.924963345841614
test_run_3,1973,286.0,7.042286092591493
test_run_3,1974,285.0,7.220372054477691
test_run_3,1975,284.0,5.284538402240008
test_run_3,1976,283.0,5.24976072590081
test_run_3,1977,282.0,7.242811110498728
test_run_3,1978,281.0,6.079599301593593
test_run_3,1979,280.0,5.760370625506967
test_run_3,1980,279.0,6.284050758215684
test_run_3,1981,278.0,4.296619083530841
test_run_3,1982,277.0,6.161238409659244
test_run_3,1983,276.0,6.6141789543707805
test_run_3,1984,275.0,4.554292096730949
test_run_3,1985,274.0,6.2598009036365445
test_run_3,1986,273.0,5.739239510586958
test_run_3,1987,272.0,3.168641217362198
test_run_3,1988,271.0,6.155162927189917
test_run_3,1989,270.0,6.46172057055589
test_run_3,1990,269.0,3.5956790277150867
test_run_3,1991,268.0,6.5207175985882255
test_run_3,1992,267.0,5.221503895163041
test_run_3,1993,266.0,5.190738375376317
test_run_3,1994,265.0,6.357387272716266
test_run_3,1995,264.0,4.559741390660438
test_run_3,1996,263.0,3.952306804337335
test_run_3,1997,262.0,6.087528258984483
test_run_3,1998,261.0,5.6071467912677875
test_run_3,1999,260.0,7.107308622019015
test_run_3,2000,259.0,6.117806380182706
test_run_3,2001,258.0,5.02952078605312
test_run_3,2002,257.0,4.441236298611511
test_run_3,2003,256.0,6.496867669241081
test_run_3,2004,255.0,4.484005886903822
test_run_3,2005,254.0,5.470635795887301
test_run_3,2006,253.0,4.867101162709695
test_run_3,2007,252.0,4.51712731223426
test_run_3,2008,251.0,6.186943202055875
test_run_3,2009,250.0,3.1800664863131907
test_run_3,2010,249.0,4.890729807400036
test_run_3,2011,248.0,4.943667537944809
test_run_3,2012,247.0,5.637708171950929
test_run_3,2013,246.0,6.001907536918187
test_run_3,2014,245.0,5.617181580268822
test_run_3,2015,244.0,7.56663098461712
test_run_3,2016,243.0,6.114941279304966
test_run_3,2017,242.0,8.300703962994916
test_run_3,2018,241.0,6.774374751346464
test_run_3,2019,240.0,6.465741778130569
test_run_3,2020,239.0,5.970481254046939
test_run_3,2021,238.0,4.5050582670526635
test_run_3,2022,237.0,5.983619724368391
test_run_3,2023,236.0,5.991777652586851
test_run_3,2024,235.0,4.779062929856453
test_run_3,2025,234.0,6.897383139690584
test_run_3,2026,233.0,5.153473627719131
test_run_3,2027,232.0,5.972853360158345
test_run_3,2028,231.0,5.80539025106655
test_run_3,2029,230.0,5.563002751786283
test_run_3,2030,229.0,5.703867817189641
test_run_3,2031,228.0,4.533585186810674
test_run_3,2032,227.0,5.227092982598708
test_run_3,2033,226.0,4.095106086780158
test_run_3,2034,225.0,4.137295501199206
test_run_3,2035,224.0,3.4477357892478095
test_run_3,2036,223.0,4.203621631913316
test_run_3,2037,222.0,5.724426954357666
test_run_3,2038,221.0,3.0813209269903687
test_run_3,2039,220.0,4.353143520108488
test_run_3,2040,219.0,3.886700840772453
test_run_3,2041,218.0,4.169055376345409
test_run_3,2042,217.0,3.637300878683411
test_run_3,2043,216.0,5.5660013131327535
test_run_3,2044,215.0,2.8930525103226477
test_run_3,2045,214.0,3.0774967696270235
test_run_3,2046,213.0,2.505579421029599
test_run_3,2047,212.0,3.1360714818916984
test_run_3,2048,211.0,2.441279823363552
test_run_3,2049,210.0,3.239042027939001
test_run_3,2050,209.0,3.4556443155111163
test_run_3,2051,208.0,2.9099304458410176
test_run_3,2052,207.0,3.904926762661983
test_run_3,2053,206.0,4.847512763730653
test_run_3,2054,205.0,3.0894826455332387
test_run_3,2055,204.0,4.662404249461559
test_run_3,2056,203.0,4.301222145056836
test_run_3,2057,202.0,6.285164847262605
test_run_3,2058,201.0,4.705351864942859
test_run_3,2059,200.0,3.656921371102835
test_run_3,2060,199.0,3.4544244861564755
test_run_3,2061,198.0,4.809403926766564
test_run_3,2062,197.0,2.1514474020320664
test_run_3,2063,196.0,2.4233665326788185
test_run_3,2064,195.0,6.688610621481078
test_run_3,2065,194.0,2.949485930345719
test_run_3,2066,193.0,3.639188353260741
test_run_3,2067,192.0,3.2543561915875756
test_run_3,2068,191.0,4.202094288560341
test_run_3,2069,190.0,5.0179474733397935
test_run_3,2070,189.0,3.8572662552418535
test_run_3,2071,188.0,4.1708110518761075
test_run_3,2072,187.0,7.740031678708009
test_run_3,2073,186.0,4.04626198588327
test_run_3,2074,185.0,3.6845042447061713
test_run_3,2075,184.0,4.231075808223341
test_run_3,2076,183.0,2.9046471737500963
test_run_3,2077,182.0,3.7322748778749486
test_run_3,2078,181.0,3.4081371266769453
test_run_3,2079,180.0,2.733390672947042
test_run_3,2080,179.0,3.2031497463385903
test_run_3,2081,178.0,4.179140814506559
test_run_3,2082,177.0,3.78158314344371
test_run_3,2083,176.0,3.769565680099859
test_run_3,2084,175.0,2.1354067737676004
test_run_3,2085,174.0,3.692809437036054
test_run_3,2086,173.0,2.590051882528539
test_run_3,2087,172.0,2.8711257779918666
test_run_3,2088,171.0,5.7374165115966616
test_run_3,2089,170.0,3.472334602659778
test_run_3,2090,169.0,3.54903122958019
test_run_3,2091,168.0,5.28260624496959
test_run_3,2092,167.0,3.6194565941176
test_run_3,2093,166.0,10.03298435814991
test_run_3,2094,165.0,1.5242423458253216
test_run_3,2095,164.0,3.2020246807931727
test_run_3,2096,163.0,4.252468960735275
test_run_3,2097,162.0,4.114681829705281
test_run_3,2098,161.0,3.4776445318477136
test_run_3,2099,160.0,2.4114181287247813
test_run_3,2100,159.0,5.0971095595386355
test_run_3,2101,158.0,2.032253450751849
test_run_3,2102,157.0,4.328948364148909
test_run_3,2103,156.0,2.604970518584624
test_run_3,2104,155.0,3.319310912811752
test_run_3,2105,154.0,3.748844583470723
test_run_3,2106,153.0,2.3614497342339
test_run_3,2107,152.0,2.8732719598757646
test_run_3,2108,151.0,4.165727828741561
test_run_3,2109,150.0,4.499150633620948
test_run_3,2110,149.0,6.130335571257224
test_run_3,2111,148.0,4.330215139253103
test_run_3,2112,147.0,4.2646165052643354
test_run_3,2113,146.0,4.385254411953724
test_run_3,2114,145.0,4.966160090269847
test_run_3,2115,144.0,5.0503046614329685
test_run_3,2116,143.0,4.646590798006029
test_run_3,2117,142.0,5.4577782927923435
test_run_3,2118,141.0,3.328820603848551
test_run_3,2119,140.0,3.8704517331644537
test_run_3,2120,139.0,3.438305700260515
test_run_3,2121,138.0,2.997322437949708
test_run_3,2122,137.0,2.545650093462504
test_run_3,2123,136.0,3.3428740992148223
test_run_3,2124,135.0,4.6187856828566485
test_run_3,2125,134.0,6.037157465802415
test_run_3,2126,133.0,5.15514051729353
test_run_3,2127,132.0,3.8428436129738825
test_run_3,2128,131.0,5.638755091665333
test_run_3,2129,130.0,4.540188750262461
test_run_3,2130,129.0,3.9067599415398506
test_run_3,2131,128.0,7.0569272158245315
test_run_3,2132,127.0,4.2735664449476385
test_run_3,2133,126.0,4.070738890815705
test_run_3,2134,125.0,6.915066487285728
test_run_3,2135,124.0,7.3549232697018905
test_run_3,2136,123.0,2.629074656564636
test_run_3,2137,122.0,5.069233141728745
test_run_3,2138,121.0,3.810884490570268
test_run_3,2139,120.0,5.530288939447383
test_run_3,2140,119.0,3.7974135684750485
test_run_3,2141,118.0,3.9195371939792674
test_run_3,2142,117.0,2.4594382791844684
test_run_3,2143,116.0,2.9292074939093786
test_run_3,2144,115.0,3.80196671218716
test_run_3,2145,114.0,5.212502469214889
test_run_3,2146,113.0,2.1943762763416528
test_run_3,2147,112.0,5.715754335125814
test_run_3,2148,111.0,4.152372960365129
test_run_3,2149,110.0,5.322400739791833
test_run_3,2150,109.0,5.531086921307022
test_run_3,2151,108.0,4.162033102886617
test_run_3,2152,107.0,3.513705045907261
test_run_3,2153,106.0,2.670446570378476
test_run_3,2154,105.0,3.6973935299952743
test_run_3,2155,104.0,6.283387918405528
test_run_3,2156,103.0,8.099880797107277
test_run_3,2157,102.0,3.837330939137523
test_run_3,2158,101.0,2.6544090365007778
test_run_3,2159,100.0,4.227042880843351
test_run_3,2160,99.0,4.96541548140144
test_run_3,2161,98.0,4.170973804428146
test_run_3,2162,97.0,3.81938860573552
test_run_3,2163,96.0,4.048265579620147
test_run_3,2164,95.0,4.423873452646536
test_run_3,2165,94.0,4.43085873574863
test_run_3,2166,93.0,4.257619722400301
test_run_3,2167,92.0,7.592219457075698
test_run_3,2168,91.0,4.378911050068686
test_run_3,2169,90.0,3.7494949194392455
test_run_3,2170,89.0,4.115592589553043
test_run_3,2171,88.0,4.8648254245756055
test_run_3,2172,87.0,2.9764139370641134
test_run_3,2173,86.0,6.086082166291935
test_run_3,2174,85.0,5.004218245570412
test_run_3,2175,84.0,5.927471059518611
test_run_3,2176,83.0,4.40422563964202
test_run_3,2177,82.0,4.90191748839944
test_run_3,2178,81.0,4.923181612387157
test_run_3,2179,80.0,5.671451275433179
test_run_3,2180,79.0,5.066878096453292
test_run_3,2181,78.0,5.167632794145175
test_run_3,2182,77.0,5.578892582090566
test_run_3,2183,76.0,4.763756768063083
test_run_3,2184,75.0,5.205122404729798
test_run_3,2185,74.0,4.059843544033049
test_run_3,2186,73.0,2.9826959233867365
test_run_3,2187,72.0,5.455651999694235
test_run_3,2188,71.0,4.100301932279185
test_run_3,2189,70.0,6.080083141902652
test_run_3,2190,69.0,5.932235922164574
test_run_3,2191,68.0,4.982781385240278
test_run_3,2192,67.0,4.532332726381882
test_run_3,2193,66.0,4.005980870419212
test_run_3,2194,65.0,4.00012078333029
test_run_3,2195,64.0,5.291573825400418
test_run_3,2196,63.0,5.388808858295695
test_run_3,2197,62.0,5.905153868361807
test_run_3,2198,61.0,6.91041645506516
test_run_3,2199,60.0,3.2680724294291443
test_run_3,2200,59.0,6.857156760266543
test_run_3,2201,58.0,6.622721428459828
test_run_3,2202,57.0,7.467757467541025
test_run_3,2203,56.0,4.330642086843783
test_run_3,2204,55.0,6.363246310865814
test_run_3,2205,54.0,5.953503041786308
test_run_3,2206,53.0,6.23661496140055
test_run_3,2207,52.0,6.883899936934557
test_run_3,2208,51.0,6.254782973663291
test_run_3,2209,50.0,13.851374994681146
test_run_3,2210,49.0,9.312198311307151
test_run_3,2211,48.0,15.657073571883094
test_run_3,2212,47.0,46.502268295205276
test_run_3,2213,46.0,41.31536434493864
test_run_3,2214,45.0,39.50495870106969
test_run_3,2215,44.0,37.37803403418598
test_run_3,2216,43.0,36.01466702457777
test_run_3,2217,42.0,30.27503689986949
test_run_3,2218,41.0,31.90702993516741
test_run_3,2219,40.0,32.26605563477885
test_run_3,2220,39.0,29.041927958999516
test_run_3,2221,38.0,29.625911026299907
test_run_3,2222,37.0,27.818911088487056
test_run_3,2223,36.0,37.7282980542641
test_run_3,2224,35.0,26.735870971741427
test_run_3,2225,34.0,34.249365620198766
test_run_3,2226,33.0,32.57028480385528
test_run_3,2227,32.0,40.19153961408645
test_run_3,2228,31.0,37.23482811223846
test_run_3,2229,30.0,18.830867808766563
test_run_3,2230,29.0,69.169397600375
test_run_3,2231,28.0,19.559938952990045
test_run_3,2232,27.0,18.853153399322885
test_run_3,2233,26.0,19.23413952817912
test_run_3,2234,25.0,16.050669241717536
test_run_3,2235,24.0,17.121428449274333
test_run_3,2236,23.0,14.88818250743626
test_run_3,2237,22.0,20.091925132804455
test_run_3,2238,21.0,16.266594975171245
test_run_3,2239,20.0,16.46927908238101
test_run_3,2240,19.0,20.10023562957315
test_run_3,2241,18.0,20.610956713184397
test_run_3,2242,17.0,21.609810434109896
test_run_3,2243,16.0,18.680987372465598
test_run_3,2244,15.0,22.67129245260632
test_run_3,2245,14.0,25.25478490676435
test_run_3,2246,13.0,20.04294857048403
test_run_3,2247,12.0,17.59325625034641
test_run_3,2248,11.0,24.576102147660045
test_run_3,2249,10.0,23.401046259746447
test_run_3,2250,9.0,23.149042561617676
test_run_3,2251,8.0,25.522486474205156
test_run_3,2252,7.0,22.610993907256507
test_run_3,2253,6.0,24.438186366719435
test_run_3,2254,5.0,23.308112227226093
test_run_3,2255,4.0,28.06311379144318
test_run_3,2256,3.0,31.80512613455493
test_run_3,2257,2.0,41.51001477230099
test_run_3,2258,1.0,46.470385817387125
